cell_id,batch,policy,cycle_life,endpoint_quality_flag,prediction,residual_cycles,APE_pct,stage,candidate,fold
b1c3,1,4C(80%)-4C,1226.0,True,870.0,-356.0,29.03752039151713,CV,A_dummy_raw_a0,1
b1c4,1,4C(80%)-4C,1227.0,True,870.0,-357.0,29.095354523227385,CV,A_dummy_raw_a0,1
b1c20,1,5.4C(80%)-5.4C,534.0,False,870.0,336.0,62.92134831460674,CV,A_dummy_raw_a0,1
b1c21,1,5.4C(80%)-5.4C,559.0,False,870.0,311.0,55.635062611806795,CV,A_dummy_raw_a0,1
b1c32,1,6C(60%)-3C,731.0,False,870.0,139.0,19.015047879616965,CV,A_dummy_raw_a0,1
b1c33,1,6C(60%)-3C,757.0,False,870.0,113.0,14.927344782034346,CV,A_dummy_raw_a0,1
b1c44,1,8C(35%)-3.6C,616.0,False,870.0,254.0,41.23376623376623,CV,A_dummy_raw_a0,1
b1c45,1,8C(35%)-3.6C,599.0,False,870.0,271.0,45.24207011686144,CV,A_dummy_raw_a0,1
b1c6,1,4.8C(80%)-4.8C,636.0,False,870.0,234.0,36.79245283018868,CV,A_dummy_raw_a0,2
b1c7,1,4.8C(80%)-4.8C,870.0,False,870.0,0.0,0.0,CV,A_dummy_raw_a0,2
b1c16,1,5.4C(60%)-3.6C,862.0,False,870.0,8.0,0.9280742459396751,CV,A_dummy_raw_a0,2
b1c17,1,5.4C(60%)-3.6C,857.0,False,870.0,13.0,1.5169194865810969,CV,A_dummy_raw_a0,2
b1c30,1,6C(50%)-3.6C,709.0,False,870.0,161.0,22.708039492242595,CV,A_dummy_raw_a0,2
b1c31,1,6C(50%)-3.6C,876.0,False,870.0,-6.0,0.684931506849315,CV,A_dummy_raw_a0,2
b1c42,1,8C(25%)-3.6C,702.0,False,870.0,168.0,23.931623931623932,CV,A_dummy_raw_a0,2
b1c43,1,8C(25%)-3.6C,651.0,False,870.0,219.0,33.6405529953917,CV,A_dummy_raw_a0,2
b1c5,1,4.4C(80%)-4.4C,1074.0,False,799.5,-274.5,25.558659217877093,CV,A_dummy_raw_a0,3
b1c10,1,5.4C(50%)-3C,906.0,True,799.5,-106.5,11.754966887417218,CV,A_dummy_raw_a0,3
b1c11,1,5.4C(50%)-3C,788.0,False,799.5,11.5,1.4593908629441625,CV,A_dummy_raw_a0,3
b1c24,1,6C(40%)-3C,1017.0,False,799.5,-217.5,21.386430678466077,CV,A_dummy_raw_a0,3
b1c25,1,6C(40%)-3C,854.0,False,799.5,-54.5,6.381733021077284,CV,A_dummy_raw_a0,3
b1c40,1,8C(15%)-3.6C,966.0,False,799.5,-166.5,17.236024844720497,CV,A_dummy_raw_a0,3
b1c41,1,8C(15%)-3.6C,1051.0,False,799.5,-251.5,23.929590865842055,CV,A_dummy_raw_a0,3
b1c12,1,5.4C(50%)-3.6C,902.0,True,857.0,-45.0,4.988913525498892,CV,A_dummy_raw_a0,4
b1c13,1,5.4C(50%)-3.6C,897.0,True,857.0,-40.0,4.459308807134894,CV,A_dummy_raw_a0,4
b1c26,1,6C(40%)-3.6C,870.0,False,857.0,-13.0,1.4942528735632183,CV,A_dummy_raw_a0,4
b1c27,1,6C(40%)-3.6C,842.0,False,857.0,15.0,1.7814726840855106,CV,A_dummy_raw_a0,4
b1c36,1,7C(40%)-3C,704.0,False,857.0,153.0,21.732954545454543,CV,A_dummy_raw_a0,4
b1c37,1,7C(40%)-3C,648.0,False,857.0,209.0,32.25308641975309,CV,A_dummy_raw_a0,4
b1c8,1,5.4C(40%)-3.6C,879.0,True,854.0,-25.0,2.844141069397042,CV,A_dummy_raw_a0,5
b1c9,1,5.4C(40%)-3.6C,1054.0,False,854.0,-200.0,18.975332068311197,CV,A_dummy_raw_a0,5
b1c22,1,6C(30%)-3.6C,891.0,True,854.0,-37.0,4.1526374859708195,CV,A_dummy_raw_a0,5
b1c23,1,6C(30%)-3.6C,1014.0,False,854.0,-160.0,15.779092702169626,CV,A_dummy_raw_a0,5
b1c38,1,7C(40%)-3.6C,617.0,False,854.0,237.0,38.41166936790924,CV,A_dummy_raw_a0,5
b1c39,1,7C(40%)-3.6C,625.0,False,854.0,229.0,36.64,CV,A_dummy_raw_a0,5
b1c3,1,4C(80%)-4C,1226.0,True,1150.9561546384023,-75.04384536159773,6.121031432430484,CV,A_linear_raw_a0,1
b1c4,1,4C(80%)-4C,1227.0,True,1265.8434558684983,38.84345586849827,3.1657258246534856,CV,A_linear_raw_a0,1
b1c20,1,5.4C(80%)-5.4C,534.0,False,548.6704856217902,14.670485621790249,2.747281951646114,CV,A_linear_raw_a0,1
b1c21,1,5.4C(80%)-5.4C,559.0,False,539.205664005322,-19.794335994678022,3.5410261171159254,CV,A_linear_raw_a0,1
b1c32,1,6C(60%)-3C,731.0,False,705.0566040406568,-25.943395959343206,3.549028175012751,CV,A_linear_raw_a0,1
b1c33,1,6C(60%)-3C,757.0,False,716.5907392595242,-40.409260740475816,5.338079358054929,CV,A_linear_raw_a0,1
b1c44,1,8C(35%)-3.6C,616.0,False,578.6132740589824,-37.38672594101763,6.069273691723642,CV,A_linear_raw_a0,1
b1c45,1,8C(35%)-3.6C,599.0,False,581.1852442223541,-17.814755777645928,2.9740827675535773,CV,A_linear_raw_a0,1
b1c6,1,4.8C(80%)-4.8C,636.0,False,789.0509066035569,153.05090660355688,24.0646079565341,CV,A_linear_raw_a0,2
b1c7,1,4.8C(80%)-4.8C,870.0,False,813.590131158023,-56.40986884197696,6.48389297034218,CV,A_linear_raw_a0,2
b1c16,1,5.4C(60%)-3.6C,862.0,False,970.8806100066274,108.88061000662742,12.631161253669074,CV,A_linear_raw_a0,2
b1c17,1,5.4C(60%)-3.6C,857.0,False,899.7770895198951,42.77708951989507,4.991492359380988,CV,A_linear_raw_a0,2
b1c30,1,6C(50%)-3.6C,709.0,False,775.7500690958423,66.75006909584226,9.414678292784522,CV,A_linear_raw_a0,2
b1c31,1,6C(50%)-3.6C,876.0,False,793.9219430660567,-82.07805693394334,9.369641202504948,CV,A_linear_raw_a0,2
b1c42,1,8C(25%)-3.6C,702.0,False,732.3778260734417,30.377826073441724,4.327325651487425,CV,A_linear_raw_a0,2
b1c43,1,8C(25%)-3.6C,651.0,False,733.4358373862151,82.4358373862151,12.662955051645945,CV,A_linear_raw_a0,2
b1c5,1,4.4C(80%)-4.4C,1074.0,False,1003.4595576007416,-70.54044239925838,6.568011396578993,CV,A_linear_raw_a0,3
b1c10,1,5.4C(50%)-3C,906.0,True,916.9674010309775,10.967401030977499,1.2105299151189293,CV,A_linear_raw_a0,3
b1c11,1,5.4C(50%)-3C,788.0,False,985.7624504380411,197.76245043804113,25.096757669802173,CV,A_linear_raw_a0,3
b1c24,1,6C(40%)-3C,1017.0,False,870.5349821490959,-146.46501785090413,14.401673338338655,CV,A_linear_raw_a0,3
b1c25,1,6C(40%)-3C,854.0,False,919.9088594059941,65.90885940599412,7.717665035830694,CV,A_linear_raw_a0,3
b1c40,1,8C(15%)-3.6C,966.0,False,935.0286858725669,-30.97131412743306,3.2061401788232984,CV,A_linear_raw_a0,3
b1c41,1,8C(15%)-3.6C,1051.0,False,944.0490827421119,-106.95091725788814,10.176110110170136,CV,A_linear_raw_a0,3
b1c12,1,5.4C(50%)-3.6C,902.0,True,980.6459337887084,78.64593378870836,8.719061395643942,CV,A_linear_raw_a0,4
b1c13,1,5.4C(50%)-3.6C,897.0,True,937.7603486033885,40.76034860338848,4.544074537724469,CV,A_linear_raw_a0,4
b1c26,1,6C(40%)-3.6C,870.0,False,797.3054819821789,-72.69451801782111,8.355691726186334,CV,A_linear_raw_a0,4
b1c27,1,6C(40%)-3.6C,842.0,False,829.8003018672836,-12.199698132716435,1.4488952651682228,CV,A_linear_raw_a0,4
b1c36,1,7C(40%)-3C,704.0,False,727.4528611334129,23.452861133412853,3.3313723200870533,CV,A_linear_raw_a0,4
b1c37,1,7C(40%)-3C,648.0,False,729.9184820857568,81.91848208575675,12.641741062616783,CV,A_linear_raw_a0,4
b1c8,1,5.4C(40%)-3.6C,879.0,True,898.8706467525517,19.870646752551693,2.2605969001765294,CV,A_linear_raw_a0,5
b1c9,1,5.4C(40%)-3.6C,1054.0,False,930.3246143034266,-123.67538569657336,11.73390756134472,CV,A_linear_raw_a0,5
b1c22,1,6C(30%)-3.6C,891.0,True,872.3697898914871,-18.63021010851287,2.090932672111433,CV,A_linear_raw_a0,5
b1c23,1,6C(30%)-3.6C,1014.0,False,920.275813898776,-93.72418610122395,9.243016380791316,CV,A_linear_raw_a0,5
b1c38,1,7C(40%)-3.6C,617.0,False,591.7603965750932,-25.239603424906818,4.090697475673714,CV,A_linear_raw_a0,5
b1c39,1,7C(40%)-3.6C,625.0,False,630.4017447089105,5.401744708910542,0.8642791534256866,CV,A_linear_raw_a0,5
b1c3,1,4C(80%)-4C,1226.0,True,1221.9148203396621,-4.085179660337872,0.33321204407323585,CV,A_linear_log10_a0,1
b1c4,1,4C(80%)-4C,1227.0,True,1410.679615376013,183.6796153760131,14.969813804076045,CV,A_linear_log10_a0,1
b1c20,1,5.4C(80%)-5.4C,534.0,False,575.4143110381336,41.41431103813363,7.75548895845199,CV,A_linear_log10_a0,1
b1c21,1,5.4C(80%)-5.4C,559.0,False,568.6446529964056,9.644652996405625,1.7253404286951028,CV,A_linear_log10_a0,1
b1c32,1,6C(60%)-3C,731.0,False,699.6861784200726,-31.313821579927435,4.283696522561892,CV,A_linear_log10_a0,1
b1c33,1,6C(60%)-3C,757.0,False,709.8501806787853,-47.14981932121475,6.228509817861922,CV,A_linear_log10_a0,1
b1c44,1,8C(35%)-3.6C,616.0,False,597.3660618169251,-18.63393818307486,3.02498996478488,CV,A_linear_log10_a0,1
b1c45,1,8C(35%)-3.6C,599.0,False,599.2902429146384,0.2902429146383838,0.048454576734287776,CV,A_linear_log10_a0,1
b1c6,1,4.8C(80%)-4.8C,636.0,False,769.0827348788293,133.08273487882934,20.924958314281344,CV,A_linear_log10_a0,2
b1c7,1,4.8C(80%)-4.8C,870.0,False,792.283501989609,-77.71649801039098,8.932930805792067,CV,A_linear_log10_a0,2
b1c16,1,5.4C(60%)-3.6C,862.0,False,958.5502429612413,96.55024296124134,11.20072424144331,CV,A_linear_log10_a0,2
b1c17,1,5.4C(60%)-3.6C,857.0,False,879.4571137398732,22.457113739873193,2.620433341875519,CV,A_linear_log10_a0,2
b1c30,1,6C(50%)-3.6C,709.0,False,756.7925805575335,47.79258055753348,6.740843520103454,CV,A_linear_log10_a0,2
b1c31,1,6C(50%)-3.6C,876.0,False,773.633399558862,-102.36660044113796,11.685684981865064,CV,A_linear_log10_a0,2
b1c42,1,8C(25%)-3.6C,702.0,False,718.0640926080898,16.064092608089823,2.2883322803546755,CV,A_linear_log10_a0,2
b1c43,1,8C(25%)-3.6C,651.0,False,718.9848187938658,67.98481879386577,10.443136527475541,CV,A_linear_log10_a0,2
b1c5,1,4.4C(80%)-4.4C,1074.0,False,997.6870452911846,-76.31295470881537,7.105489265252827,CV,A_linear_log10_a0,3
b1c10,1,5.4C(50%)-3C,906.0,True,898.9636839035695,-7.0363160964304825,0.7766353307318413,CV,A_linear_log10_a0,3
b1c11,1,5.4C(50%)-3C,788.0,False,976.6418069215906,188.64180692159061,23.939315599186624,CV,A_linear_log10_a0,3
b1c24,1,6C(40%)-3C,1017.0,False,850.0588246995931,-166.94117530040694,16.41506148479911,CV,A_linear_log10_a0,3
b1c25,1,6C(40%)-3C,854.0,False,902.154876972564,48.15487697256401,5.6387443761784555,CV,A_linear_log10_a0,3
b1c40,1,8C(15%)-3.6C,966.0,False,918.738053929139,-47.26194607086097,4.892541001124324,CV,A_linear_log10_a0,3
b1c41,1,8C(15%)-3.6C,1051.0,False,928.7762972428195,-122.22370275718049,11.629277141501474,CV,A_linear_log10_a0,3
b1c12,1,5.4C(50%)-3.6C,902.0,True,970.0969875521637,68.09698755216368,7.549555160993757,CV,A_linear_log10_a0,4
b1c13,1,5.4C(50%)-3.6C,897.0,True,921.1022916873934,24.102291687393404,2.686989039843189,CV,A_linear_log10_a0,4
b1c26,1,6C(40%)-3.6C,870.0,False,777.3096809522843,-92.69031904771566,10.654059660656973,CV,A_linear_log10_a0,4
b1c27,1,6C(40%)-3.6C,842.0,False,808.4405127887017,-33.55948721129835,3.985687317256336,CV,A_linear_log10_a0,4
b1c36,1,7C(40%)-3C,704.0,False,714.3875763865062,10.387576386506225,1.475508009446907,CV,A_linear_log10_a0,4
b1c37,1,7C(40%)-3C,648.0,False,716.5193200829589,68.51932008295887,10.573969148604764,CV,A_linear_log10_a0,4
b1c8,1,5.4C(40%)-3.6C,879.0,True,881.0032978920428,2.0032978920428377,0.22790647235982225,CV,A_linear_log10_a0,5
b1c9,1,5.4C(40%)-3.6C,1054.0,False,914.9602782085738,-139.03972179142625,13.191624458389587,CV,A_linear_log10_a0,5
b1c22,1,6C(30%)-3.6C,891.0,True,853.3737013771134,-37.626298622886566,4.222929138371107,CV,A_linear_log10_a0,5
b1c23,1,6C(30%)-3.6C,1014.0,False,903.9719073507581,-110.0280926492419,10.850896710970602,CV,A_linear_log10_a0,5
b1c38,1,7C(40%)-3.6C,617.0,False,608.9897576276901,-8.010242372309904,1.2982564622868564,CV,A_linear_log10_a0,5
b1c39,1,7C(40%)-3.6C,625.0,False,637.9517272453047,12.95172724530471,2.072276359248754,CV,A_linear_log10_a0,5
b1c3,1,4C(80%)-4C,1226.0,True,1223.5907019345584,-2.4092980654415896,0.1965169710800644,CV,B_ridge_raw_a0.1,1
b1c4,1,4C(80%)-4C,1227.0,True,1292.4162822997164,65.41628229971639,5.331400350425134,CV,B_ridge_raw_a0.1,1
b1c20,1,5.4C(80%)-5.4C,534.0,False,685.9252004087692,151.92520040876923,28.45041206156727,CV,B_ridge_raw_a0.1,1
b1c21,1,5.4C(80%)-5.4C,559.0,False,578.2212517191374,19.2212517191374,3.438506568718676,CV,B_ridge_raw_a0.1,1
b1c32,1,6C(60%)-3C,731.0,False,687.2731622314823,-43.726837768517726,5.9817835524648055,CV,B_ridge_raw_a0.1,1
b1c33,1,6C(60%)-3C,757.0,False,695.8341531615407,-61.16584683845929,8.080032607458294,CV,B_ridge_raw_a0.1,1
b1c44,1,8C(35%)-3.6C,616.0,False,608.8775540691213,-7.122445930878712,1.1562412225452454,CV,B_ridge_raw_a0.1,1
b1c45,1,8C(35%)-3.6C,599.0,False,575.5198017599464,-23.480198240053596,3.9198995392410008,CV,B_ridge_raw_a0.1,1
b1c6,1,4.8C(80%)-4.8C,636.0,False,787.6952761411629,151.69527614116294,23.851458512761468,CV,B_ridge_raw_a0.1,2
b1c7,1,4.8C(80%)-4.8C,870.0,False,814.3887402006496,-55.611259799350364,6.392098827511536,CV,B_ridge_raw_a0.1,2
b1c16,1,5.4C(60%)-3.6C,862.0,False,951.2526535176712,89.2526535176712,10.354136138940975,CV,B_ridge_raw_a0.1,2
b1c17,1,5.4C(60%)-3.6C,857.0,False,893.5094082150382,36.509408215038206,4.26014098191811,CV,B_ridge_raw_a0.1,2
b1c30,1,6C(50%)-3.6C,709.0,False,756.456839788901,47.45683978890099,6.693489391946543,CV,B_ridge_raw_a0.1,2
b1c31,1,6C(50%)-3.6C,876.0,False,820.3684506012935,-55.63154939870651,6.350633493003026,CV,B_ridge_raw_a0.1,2
b1c42,1,8C(25%)-3.6C,702.0,False,735.6681577580443,33.668157758044345,4.796033868667285,CV,B_ridge_raw_a0.1,2
b1c43,1,8C(25%)-3.6C,651.0,False,737.726509198736,86.72650919873604,13.322044423768977,CV,B_ridge_raw_a0.1,2
b1c5,1,4.4C(80%)-4.4C,1074.0,False,1022.5146490628841,-51.48535093711587,4.793794314442819,CV,B_ridge_raw_a0.1,3
b1c10,1,5.4C(50%)-3C,906.0,True,907.3372151371348,1.3372151371347627,0.14759548974997383,CV,B_ridge_raw_a0.1,3
b1c11,1,5.4C(50%)-3C,788.0,False,977.9664647279286,189.9664647279286,24.10741938171683,CV,B_ridge_raw_a0.1,3
b1c24,1,6C(40%)-3C,1017.0,False,868.7684351540403,-148.23156484595972,14.575375107763985,CV,B_ridge_raw_a0.1,3
b1c25,1,6C(40%)-3C,854.0,False,901.7524067944044,47.75240679440435,5.591616720656247,CV,B_ridge_raw_a0.1,3
b1c40,1,8C(15%)-3.6C,966.0,False,922.8990521673356,-43.10094783266436,4.461795841890721,CV,B_ridge_raw_a0.1,3
b1c41,1,8C(15%)-3.6C,1051.0,False,939.6964170451729,-111.3035829548271,10.590255276386976,CV,B_ridge_raw_a0.1,3
b1c12,1,5.4C(50%)-3.6C,902.0,True,885.9375625902964,-16.062437409703648,1.7807580276833312,CV,B_ridge_raw_a0.1,4
b1c13,1,5.4C(50%)-3.6C,897.0,True,914.503147194514,17.503147194513986,1.9512984609268658,CV,B_ridge_raw_a0.1,4
b1c26,1,6C(40%)-3.6C,870.0,False,783.0853546494228,-86.91464535057719,9.990189120756,CV,B_ridge_raw_a0.1,4
b1c27,1,6C(40%)-3.6C,842.0,False,773.5680950122312,-68.4319049877688,8.127304630376342,CV,B_ridge_raw_a0.1,4
b1c36,1,7C(40%)-3C,704.0,False,827.4765744081107,123.47657440811065,17.539286137515717,CV,B_ridge_raw_a0.1,4
b1c37,1,7C(40%)-3C,648.0,False,790.5562515818652,142.55625158186524,21.9994215404113,CV,B_ridge_raw_a0.1,4
b1c8,1,5.4C(40%)-3.6C,879.0,True,911.7224491354013,32.72244913540135,3.7226904590900287,CV,B_ridge_raw_a0.1,5
b1c9,1,5.4C(40%)-3.6C,1054.0,False,921.8115800830992,-132.18841991690078,12.541595817542769,CV,B_ridge_raw_a0.1,5
b1c22,1,6C(30%)-3.6C,891.0,True,878.4261289488727,-12.573871051127298,1.4112088721803926,CV,B_ridge_raw_a0.1,5
b1c23,1,6C(30%)-3.6C,1014.0,False,940.6448157490927,-73.35518425090731,7.234239077998748,CV,B_ridge_raw_a0.1,5
b1c38,1,7C(40%)-3.6C,617.0,False,577.283760096758,-39.71623990324201,6.436991880590277,CV,B_ridge_raw_a0.1,5
b1c39,1,7C(40%)-3.6C,625.0,False,616.698896217154,-8.301103782845985,1.3281766052553576,CV,B_ridge_raw_a0.1,5
b1c3,1,4C(80%)-4C,1226.0,True,1217.1375658933728,-8.862434106627234,0.7228739075552393,CV,B_ridge_raw_a1,1
b1c4,1,4C(80%)-4C,1227.0,True,1277.6533074287133,50.65330742871333,4.128223914320564,CV,B_ridge_raw_a1,1
b1c20,1,5.4C(80%)-5.4C,534.0,False,650.0136238606337,116.01362386063374,21.725397726710437,CV,B_ridge_raw_a1,1
b1c21,1,5.4C(80%)-5.4C,559.0,False,563.0944535492517,4.094453549251739,0.7324603844815275,CV,B_ridge_raw_a1,1
b1c32,1,6C(60%)-3C,731.0,False,689.5469401863818,-41.45305981361821,5.670733216637238,CV,B_ridge_raw_a1,1
b1c33,1,6C(60%)-3C,757.0,False,692.8645487821203,-64.13545121787968,8.472318522837474,CV,B_ridge_raw_a1,1
b1c44,1,8C(35%)-3.6C,616.0,False,612.363403024652,-3.6365969753479703,0.590356651842203,CV,B_ridge_raw_a1,1
b1c45,1,8C(35%)-3.6C,599.0,False,585.4341152562164,-13.565884743783613,2.2647553829354945,CV,B_ridge_raw_a1,1
b1c6,1,4.8C(80%)-4.8C,636.0,False,787.6291926328516,151.62919263285164,23.841068024033277,CV,B_ridge_raw_a1,2
b1c7,1,4.8C(80%)-4.8C,870.0,False,814.4731604380216,-55.52683956197836,6.382395351951536,CV,B_ridge_raw_a1,2
b1c16,1,5.4C(60%)-3.6C,862.0,False,940.2048051641488,78.20480516414875,9.072483197697071,CV,B_ridge_raw_a1,2
b1c17,1,5.4C(60%)-3.6C,857.0,False,889.4831478350089,32.483147835008936,3.7903323028015095,CV,B_ridge_raw_a1,2
b1c30,1,6C(50%)-3.6C,709.0,False,750.6810891529196,41.68108915291964,5.878856015926607,CV,B_ridge_raw_a1,2
b1c31,1,6C(50%)-3.6C,876.0,False,827.6268745296146,-48.37312547038539,5.522046286573675,CV,B_ridge_raw_a1,2
b1c42,1,8C(25%)-3.6C,702.0,False,743.6528336930453,41.652833693045295,5.933452093026395,CV,B_ridge_raw_a1,2
b1c43,1,8C(25%)-3.6C,651.0,False,743.4636569606572,92.4636569606572,14.203326722067159,CV,B_ridge_raw_a1,2
b1c5,1,4.4C(80%)-4.4C,1074.0,False,1020.2065002029942,-53.79349979700578,5.008705753911152,CV,B_ridge_raw_a1,3
b1c10,1,5.4C(50%)-3C,906.0,True,905.4486615065645,-0.5513384934355372,0.06085413834829329,CV,B_ridge_raw_a1,3
b1c11,1,5.4C(50%)-3C,788.0,False,972.9662003101132,184.9662003101132,23.472868059659035,CV,B_ridge_raw_a1,3
b1c24,1,6C(40%)-3C,1017.0,False,868.8495249523659,-148.15047504763413,14.567401676266876,CV,B_ridge_raw_a1,3
b1c25,1,6C(40%)-3C,854.0,False,896.2005064191881,42.20050641918806,4.941511290303051,CV,B_ridge_raw_a1,3
b1c40,1,8C(15%)-3.6C,966.0,False,916.4482841155802,-49.551715884419764,5.129577213708051,CV,B_ridge_raw_a1,3
b1c41,1,8C(15%)-3.6C,1051.0,False,935.5167833932502,-115.4832166067498,10.98793687980493,CV,B_ridge_raw_a1,3
b1c12,1,5.4C(50%)-3.6C,902.0,True,878.9126896235949,-23.08731037640507,2.559568777871959,CV,B_ridge_raw_a1,4
b1c13,1,5.4C(50%)-3.6C,897.0,True,911.5584338879456,14.558433887945625,1.6230138113651755,CV,B_ridge_raw_a1,4
b1c26,1,6C(40%)-3.6C,870.0,False,782.8008472678804,-87.19915273211961,10.022891118634439,CV,B_ridge_raw_a1,4
b1c27,1,6C(40%)-3.6C,842.0,False,770.5993405562205,-71.40065944377955,8.479888294985695,CV,B_ridge_raw_a1,4
b1c36,1,7C(40%)-3C,704.0,False,835.8266539120291,131.8266539120291,18.725376976140495,CV,B_ridge_raw_a1,4
b1c37,1,7C(40%)-3C,648.0,False,796.4173125290293,148.41731252902935,22.903906254479836,CV,B_ridge_raw_a1,4
b1c8,1,5.4C(40%)-3.6C,879.0,True,911.6084473606766,32.608447360676564,3.709720973910872,CV,B_ridge_raw_a1,5
b1c9,1,5.4C(40%)-3.6C,1054.0,False,920.5941796430543,-133.4058203569457,12.65709870559257,CV,B_ridge_raw_a1,5
b1c22,1,6C(30%)-3.6C,891.0,True,877.0347192938319,-13.965280706168073,1.567371571960502,CV,B_ridge_raw_a1,5
b1c23,1,6C(30%)-3.6C,1014.0,False,938.5970803787211,-75.4029196212789,7.4361853669900295,CV,B_ridge_raw_a1,5
b1c38,1,7C(40%)-3.6C,617.0,False,588.2850091011326,-28.714990898867427,4.653969351518222,CV,B_ridge_raw_a1,5
b1c39,1,7C(40%)-3.6C,625.0,False,626.8067077770002,1.806707777000156,0.28907324432002496,CV,B_ridge_raw_a1,5
b1c3,1,4C(80%)-4C,1226.0,True,1154.196881959497,-71.80311804050302,5.856698045718027,CV,B_ridge_raw_a10,1
b1c4,1,4C(80%)-4C,1227.0,True,1184.5569512641464,-42.44304873585361,3.4590911765161865,CV,B_ridge_raw_a10,1
b1c20,1,5.4C(80%)-5.4C,534.0,False,533.1865850975522,-0.8134149024477892,0.15232488809883693,CV,B_ridge_raw_a10,1
b1c21,1,5.4C(80%)-5.4C,559.0,False,533.7476511446872,-25.25234885531279,4.517414822059533,CV,B_ridge_raw_a10,1
b1c32,1,6C(60%)-3C,731.0,False,712.9419851002542,-18.058014899745785,2.4703166757518176,CV,B_ridge_raw_a10,1
b1c33,1,6C(60%)-3C,757.0,False,698.2867710294264,-58.713228970573596,7.756040815135218,CV,B_ridge_raw_a10,1
b1c44,1,8C(35%)-3.6C,616.0,False,643.0947262047467,27.094726204746735,4.398494513757586,CV,B_ridge_raw_a10,1
b1c45,1,8C(35%)-3.6C,599.0,False,643.6985079668406,44.698507966840566,7.462188308320629,CV,B_ridge_raw_a10,1
b1c6,1,4.8C(80%)-4.8C,636.0,False,793.7433932521423,157.74339325214225,24.802420322663878,CV,B_ridge_raw_a10,2
b1c7,1,4.8C(80%)-4.8C,870.0,False,819.2006068970649,-50.79939310293514,5.839010701486798,CV,B_ridge_raw_a10,2
b1c16,1,5.4C(60%)-3.6C,862.0,False,905.3427481452834,43.342748145283394,5.0281610377358925,CV,B_ridge_raw_a10,2
b1c17,1,5.4C(60%)-3.6C,857.0,False,877.8683110236383,20.868311023638284,2.435042126445541,CV,B_ridge_raw_a10,2
b1c30,1,6C(50%)-3.6C,709.0,False,743.5320377264787,34.532037726478734,4.870527182860188,CV,B_ridge_raw_a10,2
b1c31,1,6C(50%)-3.6C,876.0,False,847.810980588846,-28.18901941115405,3.2179245903143894,CV,B_ridge_raw_a10,2
b1c42,1,8C(25%)-3.6C,702.0,False,777.4759454913419,75.47594549134192,10.751559186800844,CV,B_ridge_raw_a10,2
b1c43,1,8C(25%)-3.6C,651.0,False,767.6187465188211,116.61874651882113,17.91378594759157,CV,B_ridge_raw_a10,2
b1c5,1,4.4C(80%)-4.4C,1074.0,False,993.6383219591005,-80.3616780408995,7.482465366936639,CV,B_ridge_raw_a10,3
b1c10,1,5.4C(50%)-3C,906.0,True,894.6331935816535,-11.366806418346528,1.2546143949609854,CV,B_ridge_raw_a10,3
b1c11,1,5.4C(50%)-3C,788.0,False,945.7581924433675,157.75819244336753,20.02007518316847,CV,B_ridge_raw_a10,3
b1c24,1,6C(40%)-3C,1017.0,False,869.006148500541,-147.99385149945897,14.552001130723596,CV,B_ridge_raw_a10,3
b1c25,1,6C(40%)-3C,854.0,False,875.9304296696943,21.930429669694263,2.56796600347708,CV,B_ridge_raw_a10,3
b1c40,1,8C(15%)-3.6C,966.0,False,890.8558644781037,-75.14413552189626,7.778896016759447,CV,B_ridge_raw_a10,3
b1c41,1,8C(15%)-3.6C,1051.0,False,915.5580912028275,-135.44190879717246,12.88695611771384,CV,B_ridge_raw_a10,3
b1c12,1,5.4C(50%)-3.6C,902.0,True,863.7329906370038,-38.26700936299619,4.242462235365432,CV,B_ridge_raw_a10,4
b1c13,1,5.4C(50%)-3.6C,897.0,True,899.0078231935962,2.0078231935962094,0.22383759125933217,CV,B_ridge_raw_a10,4
b1c26,1,6C(40%)-3.6C,870.0,False,786.8755919143672,-83.12440808563281,9.554529665015266,CV,B_ridge_raw_a10,4
b1c27,1,6C(40%)-3.6C,842.0,False,771.5893645645885,-70.41063543541145,8.36230824648592,CV,B_ridge_raw_a10,4
b1c36,1,7C(40%)-3C,704.0,False,852.729845164038,148.729845164038,21.126398460800853,CV,B_ridge_raw_a10,4
b1c37,1,7C(40%)-3C,648.0,False,812.1687949799748,164.1687949799748,25.334690583329444,CV,B_ridge_raw_a10,4
b1c8,1,5.4C(40%)-3.6C,879.0,True,904.0891125529523,25.089112552952315,2.854279016263062,CV,B_ridge_raw_a10,5
b1c9,1,5.4C(40%)-3.6C,1054.0,False,910.6615340332319,-143.33846596676813,13.59947494940874,CV,B_ridge_raw_a10,5
b1c22,1,6C(30%)-3.6C,891.0,True,868.543471670906,-22.456528329094,2.5203735498421995,CV,B_ridge_raw_a10,5
b1c23,1,6C(30%)-3.6C,1014.0,False,921.7974178511323,-92.20258214886769,9.09295681941496,CV,B_ridge_raw_a10,5
b1c38,1,7C(40%)-3.6C,617.0,False,645.27434040999,28.27434040999003,4.582551119933555,CV,B_ridge_raw_a10,5
b1c39,1,7C(40%)-3.6C,625.0,False,677.8301679784797,52.83016797847972,8.452826876556756,CV,B_ridge_raw_a10,5
b1c3,1,4C(80%)-4C,1226.0,True,1323.9011334260827,97.90113342608265,7.985410556776726,CV,B_ridge_log10_a0.1,1
b1c4,1,4C(80%)-4C,1227.0,True,1456.8265573802596,229.8265573802596,18.730770772637296,CV,B_ridge_log10_a0.1,1
b1c20,1,5.4C(80%)-5.4C,534.0,False,704.2151749791797,170.21517497917966,31.87550093243065,CV,B_ridge_log10_a0.1,1
b1c21,1,5.4C(80%)-5.4C,559.0,False,609.8556440517093,50.855644051709305,9.097610742702916,CV,B_ridge_log10_a0.1,1
b1c32,1,6C(60%)-3C,731.0,False,687.4983384567928,-43.501661543207206,5.950979691273216,CV,B_ridge_log10_a0.1,1
b1c33,1,6C(60%)-3C,757.0,False,698.305634325225,-58.694365674774986,7.753548966284675,CV,B_ridge_log10_a0.1,1
b1c44,1,8C(35%)-3.6C,616.0,False,621.3133816414693,5.313381641469277,0.8625619547839737,CV,B_ridge_log10_a0.1,1
b1c45,1,8C(35%)-3.6C,599.0,False,594.4852298199374,-4.5147701800625555,0.753717893165702,CV,B_ridge_log10_a0.1,1
b1c6,1,4.8C(80%)-4.8C,636.0,False,761.771311620862,125.77131162086198,19.77536346239968,CV,B_ridge_log10_a0.1,2
b1c7,1,4.8C(80%)-4.8C,870.0,False,784.7416845819723,-85.25831541802768,9.79980636988824,CV,B_ridge_log10_a0.1,2
b1c16,1,5.4C(60%)-3.6C,862.0,False,941.965896412263,79.96589641226296,9.276786126712642,CV,B_ridge_log10_a0.1,2
b1c17,1,5.4C(60%)-3.6C,857.0,False,871.0941995026678,14.094199502667834,1.6445973748737261,CV,B_ridge_log10_a0.1,2
b1c30,1,6C(50%)-3.6C,709.0,False,748.054291222425,39.054291222425036,5.508362654784913,CV,B_ridge_log10_a0.1,2
b1c31,1,6C(50%)-3.6C,876.0,False,762.5628032920886,-113.43719670791143,12.949451678985321,CV,B_ridge_log10_a0.1,2
b1c42,1,8C(25%)-3.6C,702.0,False,735.5668582337711,33.566858233771086,4.781603737004428,CV,B_ridge_log10_a0.1,2
b1c43,1,8C(25%)-3.6C,651.0,False,727.2024473376508,76.20244733765082,11.705445059546978,CV,B_ridge_log10_a0.1,2
b1c5,1,4.4C(80%)-4.4C,1074.0,False,1016.9029522437639,-57.097047756236066,5.316298673764997,CV,B_ridge_log10_a0.1,3
b1c10,1,5.4C(50%)-3C,906.0,True,894.5362759059645,-11.463724094035456,1.2653117101584388,CV,B_ridge_log10_a0.1,3
b1c11,1,5.4C(50%)-3C,788.0,False,969.0137719714318,181.01377197143177,22.971290859318753,CV,B_ridge_log10_a0.1,3
b1c24,1,6C(40%)-3C,1017.0,False,844.7475948964889,-172.25240510351114,16.93730630319677,CV,B_ridge_log10_a0.1,3
b1c25,1,6C(40%)-3C,854.0,False,879.1100601592107,25.11006015921066,2.9402880748490237,CV,B_ridge_log10_a0.1,3
b1c40,1,8C(15%)-3.6C,966.0,False,895.436754834528,-70.56324516547204,7.30468376454162,CV,B_ridge_log10_a0.1,3
b1c41,1,8C(15%)-3.6C,1051.0,False,916.176895104373,-134.823104895627,12.828078486739011,CV,B_ridge_log10_a0.1,3
b1c12,1,5.4C(50%)-3.6C,902.0,True,881.2521162407145,-20.747883759285514,2.300208842492851,CV,B_ridge_log10_a0.1,4
b1c13,1,5.4C(50%)-3.6C,897.0,True,896.6065869712725,-0.3934130287275366,0.04385875459615793,CV,B_ridge_log10_a0.1,4
b1c26,1,6C(40%)-3.6C,870.0,False,766.5151990359379,-103.48480096406206,11.894804708512881,CV,B_ridge_log10_a0.1,4
b1c27,1,6C(40%)-3.6C,842.0,False,764.7417357113665,-77.25826428863354,9.175565830003983,CV,B_ridge_log10_a0.1,4
b1c36,1,7C(40%)-3C,704.0,False,799.6721600637491,95.67216006374906,13.589795463600717,CV,B_ridge_log10_a0.1,4
b1c37,1,7C(40%)-3C,648.0,False,770.4604744203327,122.46047442033273,18.89822136116246,CV,B_ridge_log10_a0.1,4
b1c8,1,5.4C(40%)-3.6C,879.0,True,890.9944536698508,11.994453669850827,1.3645567314961125,CV,B_ridge_log10_a0.1,5
b1c9,1,5.4C(40%)-3.6C,1054.0,False,914.7210231092374,-139.27897689076258,13.214324183184306,CV,B_ridge_log10_a0.1,5
b1c22,1,6C(30%)-3.6C,891.0,True,856.9573240537193,-34.042675946280724,3.820726817764391,CV,B_ridge_log10_a0.1,5
b1c23,1,6C(30%)-3.6C,1014.0,False,914.3495086123414,-99.65049138765858,9.827464633891378,CV,B_ridge_log10_a0.1,5
b1c38,1,7C(40%)-3.6C,617.0,False,615.0138803386587,-1.986119661341263,0.3218994588883733,CV,B_ridge_log10_a0.1,5
b1c39,1,7C(40%)-3.6C,625.0,False,644.3626063587559,19.362606358755897,3.098017017400944,CV,B_ridge_log10_a0.1,5
b1c3,1,4C(80%)-4C,1226.0,True,1314.2017358961846,88.20173589618457,7.194268833294011,CV,B_ridge_log10_a1,1
b1c4,1,4C(80%)-4C,1227.0,True,1429.5556936193318,202.5556936193318,16.5082064889431,CV,B_ridge_log10_a1,1
b1c20,1,5.4C(80%)-5.4C,534.0,False,670.8058521566209,136.80585215662086,25.61907343756945,CV,B_ridge_log10_a1,1
b1c21,1,5.4C(80%)-5.4C,559.0,False,597.1034231675823,38.103423167582264,6.816354770587167,CV,B_ridge_log10_a1,1
b1c32,1,6C(60%)-3C,731.0,False,689.2700174147975,-41.72998258520249,5.708615948728111,CV,B_ridge_log10_a1,1
b1c33,1,6C(60%)-3C,757.0,False,695.0988183555828,-61.90118164441719,8.177170626739391,CV,B_ridge_log10_a1,1
b1c44,1,8C(35%)-3.6C,616.0,False,624.0542233359462,8.054223335946176,1.3075037883029506,CV,B_ridge_log10_a1,1
b1c45,1,8C(35%)-3.6C,599.0,False,602.1786836378371,3.178683637837139,0.5306650480529448,CV,B_ridge_log10_a1,1
b1c6,1,4.8C(80%)-4.8C,636.0,False,761.5414955273418,125.5414955273418,19.739228856500283,CV,B_ridge_log10_a1,2
b1c7,1,4.8C(80%)-4.8C,870.0,False,784.6617544726637,-85.33824552733631,9.808993738774289,CV,B_ridge_log10_a1,2
b1c16,1,5.4C(60%)-3.6C,862.0,False,928.4332800336565,66.4332800336565,7.7068770340668795,CV,B_ridge_log10_a1,2
b1c17,1,5.4C(60%)-3.6C,857.0,False,866.3087754300395,9.308775430039532,1.0862048343103303,CV,B_ridge_log10_a1,2
b1c30,1,6C(50%)-3.6C,709.0,False,742.2674981409868,33.267498140986845,4.692171811140599,CV,B_ridge_log10_a1,2
b1c31,1,6C(50%)-3.6C,876.0,False,770.2833673677559,-105.71663263224411,12.068108747973072,CV,B_ridge_log10_a1,2
b1c42,1,8C(25%)-3.6C,702.0,False,742.2484662877589,40.2484662877589,5.7333997560910115,CV,B_ridge_log10_a1,2
b1c43,1,8C(25%)-3.6C,651.0,False,732.321703538349,81.32170353834897,12.491813139531331,CV,B_ridge_log10_a1,2
b1c5,1,4.4C(80%)-4.4C,1074.0,False,1013.6988969044579,-60.30110309554209,5.614627848746935,CV,B_ridge_log10_a1,3
b1c10,1,5.4C(50%)-3C,906.0,True,892.7850488202312,-13.214951179768832,1.4586038829766923,CV,B_ridge_log10_a1,3
b1c11,1,5.4C(50%)-3C,788.0,False,963.6976349350927,175.69763493509265,22.296654179580287,CV,B_ridge_log10_a1,3
b1c24,1,6C(40%)-3C,1017.0,False,845.9019407263811,-171.0980592736189,16.823801305173934,CV,B_ridge_log10_a1,3
b1c25,1,6C(40%)-3C,854.0,False,874.6772542627606,20.677254262760584,2.4212241525480778,CV,B_ridge_log10_a1,3
b1c40,1,8C(15%)-3.6C,966.0,False,890.2160938918134,-75.78390610818656,7.845124855919934,CV,B_ridge_log10_a1,3
b1c41,1,8C(15%)-3.6C,1051.0,False,912.9429162138458,-138.05708378615418,13.135783423991834,CV,B_ridge_log10_a1,3
b1c12,1,5.4C(50%)-3.6C,902.0,True,872.6925818815291,-29.307418118470878,3.24915943663757,CV,B_ridge_log10_a1,4
b1c13,1,5.4C(50%)-3.6C,897.0,True,893.0748203679616,-3.9251796320384074,0.4375897025683843,CV,B_ridge_log10_a1,4
b1c26,1,6C(40%)-3.6C,870.0,False,766.1815580943062,-103.81844190569382,11.933154242033773,CV,B_ridge_log10_a1,4
b1c27,1,6C(40%)-3.6C,842.0,False,761.5644543854432,-80.43554561455676,9.552915156123131,CV,B_ridge_log10_a1,4
b1c36,1,7C(40%)-3C,704.0,False,808.5435534558706,104.54355345587055,14.849936570436158,CV,B_ridge_log10_a1,4
b1c37,1,7C(40%)-3C,648.0,False,776.4257368728161,128.42573687281606,19.818786554446923,CV,B_ridge_log10_a1,4
b1c8,1,5.4C(40%)-3.6C,879.0,True,891.0104721073133,12.010472107313262,1.3663790793302915,CV,B_ridge_log10_a1,5
b1c9,1,5.4C(40%)-3.6C,1054.0,False,912.9315667834552,-141.0684332165448,13.384101823201593,CV,B_ridge_log10_a1,5
b1c22,1,6C(30%)-3.6C,891.0,True,855.9724534880941,-35.02754651190594,3.931262234781811,CV,B_ridge_log10_a1,5
b1c23,1,6C(30%)-3.6C,1014.0,False,912.8652251129746,-101.1347748870254,9.97384367722144,CV,B_ridge_log10_a1,5
b1c38,1,7C(40%)-3.6C,617.0,False,622.0228635670217,5.022863567021659,0.8140783739095072,CV,B_ridge_log10_a1,5
b1c39,1,7C(40%)-3.6C,625.0,False,651.0227181086159,26.02271810861589,4.163634897378542,CV,B_ridge_log10_a1,5
b1c3,1,4C(80%)-4C,1226.0,True,1219.061755305238,-6.938244694762034,0.5659253421502475,CV,B_ridge_log10_a10,1
b1c4,1,4C(80%)-4C,1227.0,True,1271.012652915172,44.01265291517211,3.5870132775201395,CV,B_ridge_log10_a10,1
b1c20,1,5.4C(80%)-5.4C,534.0,False,571.6034027519049,37.60340275190492,7.04183572133051,CV,B_ridge_log10_a10,1
b1c21,1,5.4C(80%)-5.4C,559.0,False,570.5229975289315,11.522997528931455,2.061359128610278,CV,B_ridge_log10_a10,1
b1c32,1,6C(60%)-3C,731.0,False,708.749961409241,-22.250038590759004,3.0437809289684004,CV,B_ridge_log10_a10,1
b1c33,1,6C(60%)-3C,757.0,False,697.1776066310345,-59.82239336896555,7.902561871725965,CV,B_ridge_log10_a10,1
b1c44,1,8C(35%)-3.6C,616.0,False,648.5639982498403,32.563998249840324,5.2863633522468065,CV,B_ridge_log10_a10,1
b1c45,1,8C(35%)-3.6C,599.0,False,648.6544383902341,49.65443839023408,8.289555657802017,CV,B_ridge_log10_a10,1
b1c6,1,4.8C(80%)-4.8C,636.0,False,767.5404299781997,131.54042997819965,20.682457543742082,CV,B_ridge_log10_a10,2
b1c7,1,4.8C(80%)-4.8C,870.0,False,789.8705444693713,-80.12945553062866,9.210282244899846,CV,B_ridge_log10_a10,2
b1c16,1,5.4C(60%)-3.6C,862.0,False,886.6304867690086,24.6304867690086,2.85736505440935,CV,B_ridge_log10_a10,2
b1c17,1,5.4C(60%)-3.6C,857.0,False,852.9631992219798,-4.036800778020165,0.47103859720188623,CV,B_ridge_log10_a10,2
b1c30,1,6C(50%)-3.6C,709.0,False,732.9807158262183,23.98071582621833,3.3823294536274093,CV,B_ridge_log10_a10,2
b1c31,1,6C(50%)-3.6C,876.0,False,797.4733605693409,-78.52663943065909,8.964228245509029,CV,B_ridge_log10_a10,2
b1c42,1,8C(25%)-3.6C,702.0,False,769.5498919542982,67.54989195429823,9.622491731381515,CV,B_ridge_log10_a10,2
b1c43,1,8C(25%)-3.6C,651.0,False,753.4307998980321,102.43079989803209,15.73437786452106,CV,B_ridge_log10_a10,2
b1c5,1,4.4C(80%)-4.4C,1074.0,False,981.1484393251666,-92.85156067483342,8.645396710878344,CV,B_ridge_log10_a10,3
b1c10,1,5.4C(50%)-3C,906.0,True,881.4723258569375,-24.52767414306254,2.7072488016625322,CV,B_ridge_log10_a10,3
b1c11,1,5.4C(50%)-3C,788.0,False,934.0778748121154,146.0778748121154,18.537801372095863,CV,B_ridge_log10_a10,3
b1c24,1,6C(40%)-3C,1017.0,False,850.2856509579776,-166.71434904202238,16.39275801789797,CV,B_ridge_log10_a10,3
b1c25,1,6C(40%)-3C,854.0,False,858.6731209458368,4.673120945836786,0.5472038578263215,CV,B_ridge_log10_a10,3
b1c40,1,8C(15%)-3.6C,966.0,False,869.9722459752259,-96.02775402477414,9.940761286208504,CV,B_ridge_log10_a10,3
b1c41,1,8C(15%)-3.6C,1051.0,False,896.7757609286101,-154.2242390713899,14.674047485384383,CV,B_ridge_log10_a10,3
b1c12,1,5.4C(50%)-3.6C,902.0,True,851.8152353793748,-50.184764620625174,5.563721133107004,CV,B_ridge_log10_a10,4
b1c13,1,5.4C(50%)-3.6C,897.0,True,878.4947475044542,-18.505252495545847,2.0630158857910645,CV,B_ridge_log10_a10,4
b1c26,1,6C(40%)-3.6C,870.0,False,769.4985961192532,-100.5014038807468,11.551885503534116,CV,B_ridge_log10_a10,4
b1c27,1,6C(40%)-3.6C,842.0,False,760.1593401430553,-81.84065985694474,9.71979333217871,CV,B_ridge_log10_a10,4
b1c36,1,7C(40%)-3C,704.0,False,828.0683325260218,124.06833252602178,17.62334268835537,CV,B_ridge_log10_a10,4
b1c37,1,7C(40%)-3C,648.0,False,792.7792156429513,144.77921564295127,22.34247154983816,CV,B_ridge_log10_a10,4
b1c8,1,5.4C(40%)-3.6C,879.0,True,884.0685641463382,5.06856414633819,0.5766284580589521,CV,B_ridge_log10_a10,5
b1c9,1,5.4C(40%)-3.6C,1054.0,False,899.481107279984,-154.51889272001597,14.660236500950283,CV,B_ridge_log10_a10,5
b1c22,1,6C(30%)-3.6C,891.0,True,849.3083584300765,-41.69164156992349,4.679196584727665,CV,B_ridge_log10_a10,5
b1c23,1,6C(30%)-3.6C,1014.0,False,898.8686311047591,-115.13136889524094,11.354178392035594,CV,B_ridge_log10_a10,5
b1c38,1,7C(40%)-3.6C,617.0,False,659.5619238350971,42.561923835097105,6.898204835510066,CV,B_ridge_log10_a10,5
b1c39,1,7C(40%)-3.6C,625.0,False,685.5047163232745,60.504716323274465,9.680754611723914,CV,B_ridge_log10_a10,5
b1c3,1,4C(80%)-4C,1226.0,True,1177.1552484384977,-48.844751561502335,3.9840743524879554,CV,C_ridge_raw_a0.1,1
b1c4,1,4C(80%)-4C,1227.0,True,1197.481481708659,-29.518518291341024,2.4057472120082335,CV,C_ridge_raw_a0.1,1
b1c20,1,5.4C(80%)-5.4C,534.0,False,504.2783716738395,-29.7216283261605,5.565848001153651,CV,C_ridge_raw_a0.1,1
b1c21,1,5.4C(80%)-5.4C,559.0,False,508.1557463830663,-50.84425361693371,9.095573097841452,CV,C_ridge_raw_a0.1,1
b1c32,1,6C(60%)-3C,731.0,False,573.9630085390755,-157.03699146092447,21.482488571945893,CV,C_ridge_raw_a0.1,1
b1c33,1,6C(60%)-3C,757.0,False,551.2049558912221,-205.79504410877792,27.185606883590214,CV,C_ridge_raw_a0.1,1
b1c44,1,8C(35%)-3.6C,616.0,False,568.7600599234815,-47.23994007651845,7.668821440993255,CV,C_ridge_raw_a0.1,1
b1c45,1,8C(35%)-3.6C,599.0,False,569.4608130388269,-29.539186961173073,4.931416854953769,CV,C_ridge_raw_a0.1,1
b1c6,1,4.8C(80%)-4.8C,636.0,False,824.7207378791321,188.72073787913212,29.673071993574236,CV,C_ridge_raw_a0.1,2
b1c7,1,4.8C(80%)-4.8C,870.0,False,852.7063021693357,-17.293697830664314,1.987781359846473,CV,C_ridge_raw_a0.1,2
b1c16,1,5.4C(60%)-3.6C,862.0,False,942.1139493083626,80.11394930836263,9.293961636701003,CV,C_ridge_raw_a0.1,2
b1c17,1,5.4C(60%)-3.6C,857.0,False,886.036130414675,29.03613041467497,3.3881132339177324,CV,C_ridge_raw_a0.1,2
b1c30,1,6C(50%)-3.6C,709.0,False,748.9370297208102,39.93702972081019,5.632867379521888,CV,C_ridge_raw_a0.1,2
b1c31,1,6C(50%)-3.6C,876.0,False,799.4453787408435,-76.55462125915653,8.739112015885448,CV,C_ridge_raw_a0.1,2
b1c42,1,8C(25%)-3.6C,702.0,False,767.7028742484816,65.70287424848163,9.359383796080005,CV,C_ridge_raw_a0.1,2
b1c43,1,8C(25%)-3.6C,651.0,False,751.2789716449348,100.27897164493481,15.403835890158957,CV,C_ridge_raw_a0.1,2
b1c5,1,4.4C(80%)-4.4C,1074.0,False,1000.7638084202076,-73.23619157979238,6.819012251377315,CV,C_ridge_raw_a0.1,3
b1c10,1,5.4C(50%)-3C,906.0,True,923.3017744936418,17.3017744936418,1.9096881339560488,CV,C_ridge_raw_a0.1,3
b1c11,1,5.4C(50%)-3C,788.0,False,983.1028342593386,195.10283425933858,24.759242926312,CV,C_ridge_raw_a0.1,3
b1c24,1,6C(40%)-3C,1017.0,False,883.6584271447525,-133.34157285524748,13.111265767477628,CV,C_ridge_raw_a0.1,3
b1c25,1,6C(40%)-3C,854.0,False,902.8056062464574,48.80560624645739,5.714942183425924,CV,C_ridge_raw_a0.1,3
b1c40,1,8C(15%)-3.6C,966.0,False,866.8380335829228,-99.16196641707722,10.265213914811307,CV,C_ridge_raw_a0.1,3
b1c41,1,8C(15%)-3.6C,1051.0,False,884.6667772675655,-166.33322273243448,15.82618674904229,CV,C_ridge_raw_a0.1,3
b1c12,1,5.4C(50%)-3.6C,902.0,True,896.2528048532547,-5.747195146745298,0.6371613244728712,CV,C_ridge_raw_a0.1,4
b1c13,1,5.4C(50%)-3.6C,897.0,True,926.2552942857282,29.255294285728155,3.261459786591767,CV,C_ridge_raw_a0.1,4
b1c26,1,6C(40%)-3.6C,870.0,False,796.355417847164,-73.64458215283605,8.464894500325983,CV,C_ridge_raw_a0.1,4
b1c27,1,6C(40%)-3.6C,842.0,False,786.0453763398725,-55.95462366012748,6.645442239920128,CV,C_ridge_raw_a0.1,4
b1c36,1,7C(40%)-3C,704.0,False,813.4873855898973,109.48738558989726,15.552185453110406,CV,C_ridge_raw_a0.1,4
b1c37,1,7C(40%)-3C,648.0,False,775.6461181545789,127.64611815457886,19.698475023854762,CV,C_ridge_raw_a0.1,4
b1c8,1,5.4C(40%)-3.6C,879.0,True,956.2819131435059,77.2819131435059,8.792026523720809,CV,C_ridge_raw_a0.1,5
b1c9,1,5.4C(40%)-3.6C,1054.0,False,962.0634235820737,-91.93657641792629,8.722635333769098,CV,C_ridge_raw_a0.1,5
b1c22,1,6C(30%)-3.6C,891.0,True,923.8305339256403,32.83053392564034,3.684683942271643,CV,C_ridge_raw_a0.1,5
b1c23,1,6C(30%)-3.6C,1014.0,False,989.9407134216061,-24.05928657839388,2.3727107079283907,CV,C_ridge_raw_a0.1,5
b1c38,1,7C(40%)-3.6C,617.0,False,585.6711205745208,-31.32887942547916,5.077614169445568,CV,C_ridge_raw_a0.1,5
b1c39,1,7C(40%)-3.6C,625.0,False,624.5028465527284,-0.4971534472715575,0.0795445515634492,CV,C_ridge_raw_a0.1,5
b1c3,1,4C(80%)-4C,1226.0,True,1181.6263827159648,-44.37361728403516,3.619381507670079,CV,C_ridge_raw_a1,1
b1c4,1,4C(80%)-4C,1227.0,True,1209.3188103042546,-17.68118969574539,1.4410097551544734,CV,C_ridge_raw_a1,1
b1c20,1,5.4C(80%)-5.4C,534.0,False,524.0620549640524,-9.937945035947564,1.8610383962448622,CV,C_ridge_raw_a1,1
b1c21,1,5.4C(80%)-5.4C,559.0,False,519.6750601202579,-39.324939879742146,7.034872965964606,CV,C_ridge_raw_a1,1
b1c32,1,6C(60%)-3C,731.0,False,595.3678742625208,-135.6321257374792,18.55432636627623,CV,C_ridge_raw_a1,1
b1c33,1,6C(60%)-3C,757.0,False,576.3143511969678,-180.68564880303222,23.868645812817995,CV,C_ridge_raw_a1,1
b1c44,1,8C(35%)-3.6C,616.0,False,581.3081605490365,-34.69183945096347,5.631792118662901,CV,C_ridge_raw_a1,1
b1c45,1,8C(35%)-3.6C,599.0,False,579.7616287512014,-19.238371248798558,3.2117481216692085,CV,C_ridge_raw_a1,1
b1c6,1,4.8C(80%)-4.8C,636.0,False,831.7580185274606,195.75801852746065,30.77956266155042,CV,C_ridge_raw_a1,2
b1c7,1,4.8C(80%)-4.8C,870.0,False,857.9953403443155,-12.004659655684463,1.3798459374349958,CV,C_ridge_raw_a1,2
b1c16,1,5.4C(60%)-3.6C,862.0,False,925.5988387922373,63.5988387922373,7.378055544343074,CV,C_ridge_raw_a1,2
b1c17,1,5.4C(60%)-3.6C,857.0,False,878.1926357539069,21.19263575390687,2.47288631900897,CV,C_ridge_raw_a1,2
b1c30,1,6C(50%)-3.6C,709.0,False,743.5974633960028,34.59746339600281,4.879755062905897,CV,C_ridge_raw_a1,2
b1c31,1,6C(50%)-3.6C,876.0,False,794.5027550125618,-81.4972449874382,9.303338468885638,CV,C_ridge_raw_a1,2
b1c42,1,8C(25%)-3.6C,702.0,False,768.2744586770558,66.2744586770558,9.44080607935268,CV,C_ridge_raw_a1,2
b1c43,1,8C(25%)-3.6C,651.0,False,748.8352624830424,97.83526248304236,15.028458138716182,CV,C_ridge_raw_a1,2
b1c5,1,4.4C(80%)-4.4C,1074.0,False,1005.1786625440034,-68.82133745599663,6.407945759403782,CV,C_ridge_raw_a1,3
b1c10,1,5.4C(50%)-3C,906.0,True,928.5711938906331,22.57119389063314,2.491301753933018,CV,C_ridge_raw_a1,3
b1c11,1,5.4C(50%)-3C,788.0,False,982.5540970012189,194.5540970012189,24.689606218428793,CV,C_ridge_raw_a1,3
b1c24,1,6C(40%)-3C,1017.0,False,890.3806975968815,-126.61930240311847,12.45027555586219,CV,C_ridge_raw_a1,3
b1c25,1,6C(40%)-3C,854.0,False,905.2694254136375,51.269425413637464,6.003445598786588,CV,C_ridge_raw_a1,3
b1c40,1,8C(15%)-3.6C,966.0,False,856.1637604797858,-109.83623952021424,11.37021113045696,CV,C_ridge_raw_a1,3
b1c41,1,8C(15%)-3.6C,1051.0,False,874.7789886591906,-176.22101134080935,16.766984903978056,CV,C_ridge_raw_a1,3
b1c12,1,5.4C(50%)-3.6C,902.0,True,885.5763620661069,-16.423637933893133,1.8208024316954692,CV,C_ridge_raw_a1,4
b1c13,1,5.4C(50%)-3.6C,897.0,True,919.3171494105086,22.31714941050859,2.4879765229106567,CV,C_ridge_raw_a1,4
b1c26,1,6C(40%)-3.6C,870.0,False,794.8476169555796,-75.15238304442039,8.638204947634527,CV,C_ridge_raw_a1,4
b1c27,1,6C(40%)-3.6C,842.0,False,781.7259234955377,-60.2740765044623,7.158441390078658,CV,C_ridge_raw_a1,4
b1c36,1,7C(40%)-3C,704.0,False,825.8594129520064,121.85941295200644,17.309575703410005,CV,C_ridge_raw_a1,4
b1c37,1,7C(40%)-3C,648.0,False,786.3672216358235,138.3672216358235,21.352966301824615,CV,C_ridge_raw_a1,4
b1c8,1,5.4C(40%)-3.6C,879.0,True,945.2920525967254,66.2920525967254,7.5417579745990215,CV,C_ridge_raw_a1,5
b1c9,1,5.4C(40%)-3.6C,1054.0,False,952.2915423181632,-101.70845768183676,9.649758793343146,CV,C_ridge_raw_a1,5
b1c22,1,6C(30%)-3.6C,891.0,True,911.9416862622461,20.941686262246094,2.3503576051903585,CV,C_ridge_raw_a1,5
b1c23,1,6C(30%)-3.6C,1014.0,False,973.3533047474559,-40.64669525254408,4.0085498276670695,CV,C_ridge_raw_a1,5
b1c38,1,7C(40%)-3.6C,617.0,False,596.5545862299344,-20.445413770065556,3.313681324159733,CV,C_ridge_raw_a1,5
b1c39,1,7C(40%)-3.6C,625.0,False,633.8834914270943,8.883491427094327,1.4213586283350923,CV,C_ridge_raw_a1,5
b1c3,1,4C(80%)-4C,1226.0,True,1144.4385260401114,-81.56147395988864,6.652648773237246,CV,C_ridge_raw_a10,1
b1c4,1,4C(80%)-4C,1227.0,True,1170.0379531642789,-56.96204683572114,4.642383605193247,CV,C_ridge_raw_a10,1
b1c20,1,5.4C(80%)-5.4C,534.0,False,528.3423398378958,-5.657660162104207,1.0594869217423608,CV,C_ridge_raw_a10,1
b1c21,1,5.4C(80%)-5.4C,559.0,False,545.8771308642977,-13.12286913570233,2.3475615627374475,CV,C_ridge_raw_a10,1
b1c32,1,6C(60%)-3C,731.0,False,671.0477617531703,-59.952238246829666,8.20140058096165,CV,C_ridge_raw_a10,1
b1c33,1,6C(60%)-3C,757.0,False,653.0241419137609,-103.9758580862391,13.73525205894836,CV,C_ridge_raw_a10,1
b1c44,1,8C(35%)-3.6C,616.0,False,627.6848767629004,11.684876762900444,1.8968955783929293,CV,C_ridge_raw_a10,1
b1c45,1,8C(35%)-3.6C,599.0,False,633.7039223596674,34.703922359667445,5.793643131830959,CV,C_ridge_raw_a10,1
b1c6,1,4.8C(80%)-4.8C,636.0,False,832.7477470898057,196.74774708980567,30.935180360032337,CV,C_ridge_raw_a10,2
b1c7,1,4.8C(80%)-4.8C,870.0,False,855.2835111659582,-14.716488834041797,1.6915504406944595,CV,C_ridge_raw_a10,2
b1c16,1,5.4C(60%)-3.6C,862.0,False,901.0893280394089,39.08932803940888,4.534724830557875,CV,C_ridge_raw_a10,2
b1c17,1,5.4C(60%)-3.6C,857.0,False,874.3826771035174,17.38267710351738,2.0283170482517363,CV,C_ridge_raw_a10,2
b1c30,1,6C(50%)-3.6C,709.0,False,746.1695987799146,37.16959877991462,5.242538614938592,CV,C_ridge_raw_a10,2
b1c31,1,6C(50%)-3.6C,876.0,False,816.8612833262562,-59.13871667374383,6.750995054080346,CV,C_ridge_raw_a10,2
b1c42,1,8C(25%)-3.6C,702.0,False,764.9306317228423,62.93063172284235,8.964477453396347,CV,C_ridge_raw_a10,2
b1c43,1,8C(25%)-3.6C,651.0,False,746.4771323997305,95.47713239973052,14.666226175073813,CV,C_ridge_raw_a10,2
b1c5,1,4.4C(80%)-4.4C,1074.0,False,1004.310789146864,-69.68921085313605,6.488753338280824,CV,C_ridge_raw_a10,3
b1c10,1,5.4C(50%)-3C,906.0,True,926.1018635659726,20.10186356597262,2.218748737966073,CV,C_ridge_raw_a10,3
b1c11,1,5.4C(50%)-3C,788.0,False,964.8865266731052,176.8865266731052,22.447528765622486,CV,C_ridge_raw_a10,3
b1c24,1,6C(40%)-3C,1017.0,False,891.2905958770739,-125.70940412292612,12.36080669841948,CV,C_ridge_raw_a10,3
b1c25,1,6C(40%)-3C,854.0,False,895.2684015782197,41.26840157821971,4.832365524381698,CV,C_ridge_raw_a10,3
b1c40,1,8C(15%)-3.6C,966.0,False,827.0130078425399,-138.98699215746012,14.387887386900633,CV,C_ridge_raw_a10,3
b1c41,1,8C(15%)-3.6C,1051.0,False,847.6323343883344,-203.36766561166564,19.349920610053818,CV,C_ridge_raw_a10,3
b1c12,1,5.4C(50%)-3.6C,902.0,True,871.9731086733867,-30.02689132661328,3.328923650400586,CV,C_ridge_raw_a10,4
b1c13,1,5.4C(50%)-3.6C,897.0,True,903.6334478204946,6.633447820494553,0.7395148071900282,CV,C_ridge_raw_a10,4
b1c26,1,6C(40%)-3.6C,870.0,False,795.3740974692155,-74.62590253078451,8.577689946067185,CV,C_ridge_raw_a10,4
b1c27,1,6C(40%)-3.6C,842.0,False,781.6583343144969,-60.34166568550313,7.166468608729589,CV,C_ridge_raw_a10,4
b1c36,1,7C(40%)-3C,704.0,False,843.4055813312352,139.40558133123523,19.80192916636864,CV,C_ridge_raw_a10,4
b1c37,1,7C(40%)-3C,648.0,False,806.5245131881471,158.52451318814713,24.463659442615295,CV,C_ridge_raw_a10,4
b1c8,1,5.4C(40%)-3.6C,879.0,True,916.0493795934387,37.04937959343874,4.214946483895193,CV,C_ridge_raw_a10,5
b1c9,1,5.4C(40%)-3.6C,1054.0,False,924.5544875514389,-129.4455124485611,12.281357917320786,CV,C_ridge_raw_a10,5
b1c22,1,6C(30%)-3.6C,891.0,True,879.1747096652322,-11.825290334767828,1.3271930790985218,CV,C_ridge_raw_a10,5
b1c23,1,6C(30%)-3.6C,1014.0,False,925.2825484140105,-88.71745158598947,8.749255580472335,CV,C_ridge_raw_a10,5
b1c38,1,7C(40%)-3.6C,617.0,False,645.3799316430078,28.379931643007808,4.599664771962368,CV,C_ridge_raw_a10,5
b1c39,1,7C(40%)-3.6C,625.0,False,675.5475431149615,50.54754311496151,8.087606898393842,CV,C_ridge_raw_a10,5
b1c3,1,4C(80%)-4C,1226.0,True,1244.3831062750069,18.383106275006867,1.4994377059548831,CV,C_ridge_log10_a0.1,1
b1c4,1,4C(80%)-4C,1227.0,True,1291.744824392558,64.74482439255803,5.2766768046094565,CV,C_ridge_log10_a0.1,1
b1c20,1,5.4C(80%)-5.4C,534.0,False,568.347124978097,34.347124978096986,6.432045876048124,CV,C_ridge_log10_a0.1,1
b1c21,1,5.4C(80%)-5.4C,559.0,False,556.6620495680525,-2.3379504319475473,0.4182380021373072,CV,C_ridge_log10_a0.1,1
b1c32,1,6C(60%)-3C,731.0,False,609.0014514327199,-121.99854856728007,16.689267929860474,CV,C_ridge_log10_a0.1,1
b1c33,1,6C(60%)-3C,757.0,False,596.6976112021841,-160.30238879781587,21.17600908821874,CV,C_ridge_log10_a0.1,1
b1c44,1,8C(35%)-3.6C,616.0,False,593.3373113990774,-22.662688600922593,3.6790078897601615,CV,C_ridge_log10_a0.1,1
b1c45,1,8C(35%)-3.6C,599.0,False,589.2421956157527,-9.757804384247265,1.6290157569694934,CV,C_ridge_log10_a0.1,1
b1c6,1,4.8C(80%)-4.8C,636.0,False,766.4099425986078,130.4099425986078,20.504707955755947,CV,C_ridge_log10_a0.1,2
b1c7,1,4.8C(80%)-4.8C,870.0,False,791.6170571508758,-78.38294284912422,9.009533660818876,CV,C_ridge_log10_a0.1,2
b1c16,1,5.4C(60%)-3.6C,862.0,False,933.9275023536578,71.92750235365781,8.3442578136494,CV,C_ridge_log10_a0.1,2
b1c17,1,5.4C(60%)-3.6C,857.0,False,868.7288035186241,11.72880351862409,1.368588508590909,CV,C_ridge_log10_a0.1,2
b1c30,1,6C(50%)-3.6C,709.0,False,745.2210841496992,36.22108414969921,5.108756579647279,CV,C_ridge_log10_a0.1,2
b1c31,1,6C(50%)-3.6C,876.0,False,780.0904676974029,-95.90953230259709,10.948576746871813,CV,C_ridge_log10_a0.1,2
b1c42,1,8C(25%)-3.6C,702.0,False,744.9672349218533,42.96723492185333,6.120688735306742,CV,C_ridge_log10_a0.1,2
b1c43,1,8C(25%)-3.6C,651.0,False,731.8579475336612,80.85794753366122,12.420575658012476,CV,C_ridge_log10_a0.1,2
b1c5,1,4.4C(80%)-4.4C,1074.0,False,970.4190724222098,-103.58092757779025,9.64440666459872,CV,C_ridge_log10_a0.1,3
b1c10,1,5.4C(50%)-3C,906.0,True,913.275169618908,7.275169618907967,0.8029988541841023,CV,C_ridge_log10_a0.1,3
b1c11,1,5.4C(50%)-3C,788.0,False,978.5671239744502,190.56712397445017,24.18364517442261,CV,C_ridge_log10_a0.1,3
b1c24,1,6C(40%)-3C,1017.0,False,859.5639699085413,-157.43603009145875,15.480435603879917,CV,C_ridge_log10_a0.1,3
b1c25,1,6C(40%)-3C,854.0,False,876.9147030057239,22.914703005723936,2.6832204924735286,CV,C_ridge_log10_a0.1,3
b1c40,1,8C(15%)-3.6C,966.0,False,822.8938194906651,-143.10618050933488,14.814304400552263,CV,C_ridge_log10_a0.1,3
b1c41,1,8C(15%)-3.6C,1051.0,False,843.2981595493641,-207.70184045063593,19.762306417757937,CV,C_ridge_log10_a0.1,3
b1c12,1,5.4C(50%)-3.6C,902.0,True,901.7164417617093,-0.2835582382906523,0.03143661178388606,CV,C_ridge_log10_a0.1,4
b1c13,1,5.4C(50%)-3.6C,897.0,True,925.1437103939164,28.14371039391642,3.137537390626134,CV,C_ridge_log10_a0.1,4
b1c26,1,6C(40%)-3.6C,870.0,False,789.5271529355696,-80.47284706443043,9.249752536141429,CV,C_ridge_log10_a0.1,4
b1c27,1,6C(40%)-3.6C,842.0,False,784.4160211855294,-57.58397881447058,6.83895235326254,CV,C_ridge_log10_a0.1,4
b1c36,1,7C(40%)-3C,704.0,False,783.1928404530494,79.19284045304937,11.24898301889906,CV,C_ridge_log10_a0.1,4
b1c37,1,7C(40%)-3C,648.0,False,751.3497489845251,103.34974898452515,15.949035337118078,CV,C_ridge_log10_a0.1,4
b1c8,1,5.4C(40%)-3.6C,879.0,True,977.1324707150303,98.13247071503031,11.164103608080808,CV,C_ridge_log10_a0.1,5
b1c9,1,5.4C(40%)-3.6C,1054.0,False,989.3893884683093,-64.61061153169067,6.130039044752435,CV,C_ridge_log10_a0.1,5
b1c22,1,6C(30%)-3.6C,891.0,True,937.7412880202643,46.74128802026428,5.245935804743466,CV,C_ridge_log10_a0.1,5
b1c23,1,6C(30%)-3.6C,1014.0,False,1010.5261471473311,-3.4738528526688697,0.3425890387247406,CV,C_ridge_log10_a0.1,5
b1c38,1,7C(40%)-3.6C,617.0,False,621.8901679400474,4.890167940047377,0.792571789310758,CV,C_ridge_log10_a0.1,5
b1c39,1,7C(40%)-3.6C,625.0,False,650.1182732800524,25.11827328005245,4.018923724808392,CV,C_ridge_log10_a0.1,5
b1c3,1,4C(80%)-4C,1226.0,True,1252.571440107176,26.57144010717593,2.167327904337352,CV,C_ridge_log10_a1,1
b1c4,1,4C(80%)-4C,1227.0,True,1308.8606679467566,81.86066794675662,6.671611079605267,CV,C_ridge_log10_a1,1
b1c20,1,5.4C(80%)-5.4C,534.0,False,577.7482861834156,43.748286183415644,8.192562955695813,CV,C_ridge_log10_a1,1
b1c21,1,5.4C(80%)-5.4C,559.0,False,562.8471746773887,3.8471746773886935,0.6882244503378699,CV,C_ridge_log10_a1,1
b1c32,1,6C(60%)-3C,731.0,False,623.4401254650032,-107.55987453499677,14.714073123802567,CV,C_ridge_log10_a1,1
b1c33,1,6C(60%)-3C,757.0,False,612.7731476428719,-144.2268523571281,19.052424353649684,CV,C_ridge_log10_a1,1
b1c44,1,8C(35%)-3.6C,616.0,False,601.8714358788417,-14.12856412115832,2.2935980716166102,CV,C_ridge_log10_a1,1
b1c45,1,8C(35%)-3.6C,599.0,False,596.9381649486728,-2.0618350513271935,0.3442128633267435,CV,C_ridge_log10_a1,1
b1c6,1,4.8C(80%)-4.8C,636.0,False,777.7288006127936,141.72880061279363,22.284402612074473,CV,C_ridge_log10_a1,2
b1c7,1,4.8C(80%)-4.8C,870.0,False,801.4036050407177,-68.59639495928229,7.88464309876808,CV,C_ridge_log10_a1,2
b1c16,1,5.4C(60%)-3.6C,862.0,False,913.1071673889495,51.107167388949506,5.928905729576509,CV,C_ridge_log10_a1,2
b1c17,1,5.4C(60%)-3.6C,857.0,False,858.4199953611449,1.4199953611448564,0.16569374109041496,CV,C_ridge_log10_a1,2
b1c30,1,6C(50%)-3.6C,709.0,False,738.7193918968835,29.719391896883508,4.191733694905995,CV,C_ridge_log10_a1,2
b1c31,1,6C(50%)-3.6C,876.0,False,768.867009194388,-107.13299080561205,12.22979347096028,CV,C_ridge_log10_a1,2
b1c42,1,8C(25%)-3.6C,702.0,False,749.3147567764387,47.314756776438685,6.739993842797533,CV,C_ridge_log10_a1,2
b1c43,1,8C(25%)-3.6C,651.0,False,731.5488833394145,80.54888333941449,12.373100359357064,CV,C_ridge_log10_a1,2
b1c5,1,4.4C(80%)-4.4C,1074.0,False,977.1704225206994,-96.82957747930061,9.015789336992608,CV,C_ridge_log10_a1,3
b1c10,1,5.4C(50%)-3C,906.0,True,918.6973585749998,12.69735857499984,1.4014744564017483,CV,C_ridge_log10_a1,3
b1c11,1,5.4C(50%)-3C,788.0,False,978.6246438522988,190.62464385229885,24.19094465130696,CV,C_ridge_log10_a1,3
b1c24,1,6C(40%)-3C,1017.0,False,867.3468179402636,-149.65318205973642,14.715160477850189,CV,C_ridge_log10_a1,3
b1c25,1,6C(40%)-3C,854.0,False,881.9445491445475,27.944549144547523,3.2721954501812087,CV,C_ridge_log10_a1,3
b1c40,1,8C(15%)-3.6C,966.0,False,819.2264361249611,-146.77356387503892,15.193950711701751,CV,C_ridge_log10_a1,3
b1c41,1,8C(15%)-3.6C,1051.0,False,839.8229191534156,-211.17708084658443,20.092966778932865,CV,C_ridge_log10_a1,3
b1c12,1,5.4C(50%)-3.6C,902.0,True,885.0854348049309,-16.914565195069144,1.875228957324739,CV,C_ridge_log10_a1,4
b1c13,1,5.4C(50%)-3.6C,897.0,True,913.2642941541052,16.264294154105187,1.8131877540808459,CV,C_ridge_log10_a1,4
b1c26,1,6C(40%)-3.6C,870.0,False,785.1387244662027,-84.86127553379731,9.754169601585899,CV,C_ridge_log10_a1,4
b1c27,1,6C(40%)-3.6C,842.0,False,776.828905872807,-65.17109412719299,7.740034931970663,CV,C_ridge_log10_a1,4
b1c36,1,7C(40%)-3C,704.0,False,799.9231306266245,95.92313062662447,13.625444691281885,CV,C_ridge_log10_a1,4
b1c37,1,7C(40%)-3C,648.0,False,765.4923086074898,117.4923086074898,18.131529106094106,CV,C_ridge_log10_a1,4
b1c8,1,5.4C(40%)-3.6C,879.0,True,948.2500489015908,69.25004890159084,7.878276325550722,CV,C_ridge_log10_a1,5
b1c9,1,5.4C(40%)-3.6C,1054.0,False,963.2052583444938,-90.79474165550619,8.614301864848786,CV,C_ridge_log10_a1,5
b1c22,1,6C(30%)-3.6C,891.0,True,910.0129209814023,19.012920981402317,2.1338856320316855,CV,C_ridge_log10_a1,5
b1c23,1,6C(30%)-3.6C,1014.0,False,975.2109112220688,-38.78908877793117,3.825353922872896,CV,C_ridge_log10_a1,5
b1c38,1,7C(40%)-3.6C,617.0,False,626.9543846140061,9.95438461400613,1.6133524495958074,CV,C_ridge_log10_a1,5
b1c39,1,7C(40%)-3.6C,625.0,False,654.8871699042614,29.88716990426144,4.78194718468183,CV,C_ridge_log10_a1,5
b1c3,1,4C(80%)-4C,1226.0,True,1203.1420226979758,-22.85797730202421,1.8644353427425948,CV,C_ridge_log10_a10,1
b1c4,1,4C(80%)-4C,1227.0,True,1246.3440658950867,19.344065895086715,1.5765334877821284,CV,C_ridge_log10_a10,1
b1c20,1,5.4C(80%)-5.4C,534.0,False,568.2520384436576,34.252038443657625,6.414239408924649,CV,C_ridge_log10_a10,1
b1c21,1,5.4C(80%)-5.4C,559.0,False,576.6373482965499,17.63734829654993,3.155160697057233,CV,C_ridge_log10_a10,1
b1c32,1,6C(60%)-3C,731.0,False,678.2834079186495,-52.71659208135054,7.211572104151921,CV,C_ridge_log10_a10,1
b1c33,1,6C(60%)-3C,757.0,False,664.8928206491616,-92.10717935083835,12.16739489443043,CV,C_ridge_log10_a10,1
b1c44,1,8C(35%)-3.6C,616.0,False,635.9914161965763,19.991416196576324,3.2453597721714815,CV,C_ridge_log10_a10,1
b1c45,1,8C(35%)-3.6C,599.0,False,639.3840644773311,40.384064477331094,6.741913936115375,CV,C_ridge_log10_a10,1
b1c6,1,4.8C(80%)-4.8C,636.0,False,788.6658916965255,152.66589169652548,24.00407102146627,CV,C_ridge_log10_a10,2
b1c7,1,4.8C(80%)-4.8C,870.0,False,809.1448952881275,-60.855104711872514,6.994839622054312,CV,C_ridge_log10_a10,2
b1c16,1,5.4C(60%)-3.6C,862.0,False,881.3525491621331,19.352549162133073,2.245075308832143,CV,C_ridge_log10_a10,2
b1c17,1,5.4C(60%)-3.6C,857.0,False,850.2063246668084,-6.7936753331915725,0.792727576801817,CV,C_ridge_log10_a10,2
b1c30,1,6C(50%)-3.6C,709.0,False,735.865176596025,26.86517659602498,3.789164541047247,CV,C_ridge_log10_a10,2
b1c31,1,6C(50%)-3.6C,876.0,False,781.1741816142464,-94.82581838575356,10.824865112528945,CV,C_ridge_log10_a10,2
b1c42,1,8C(25%)-3.6C,702.0,False,754.130495217925,52.130495217925045,7.425996469789893,CV,C_ridge_log10_a10,2
b1c43,1,8C(25%)-3.6C,651.0,False,734.5067058849921,83.50670588499213,12.827450980797561,CV,C_ridge_log10_a10,2
b1c5,1,4.4C(80%)-4.4C,1074.0,False,981.6504023640497,-92.34959763595032,8.598658997760737,CV,C_ridge_log10_a10,3
b1c10,1,5.4C(50%)-3C,906.0,True,917.396249975329,11.396249975329056,1.2578642356875338,CV,C_ridge_log10_a10,3
b1c11,1,5.4C(50%)-3C,788.0,False,959.7681179114253,171.7681179114253,21.797984506526053,CV,C_ridge_log10_a10,3
b1c24,1,6C(40%)-3C,1017.0,False,875.4035613283693,-141.59643867163072,13.922953655027603,CV,C_ridge_log10_a10,3
b1c25,1,6C(40%)-3C,854.0,False,880.4178206384115,26.417820638411513,3.0934216204228937,CV,C_ridge_log10_a10,3
b1c40,1,8C(15%)-3.6C,966.0,False,805.7481488604678,-160.25185113953216,16.58921854446503,CV,C_ridge_log10_a10,3
b1c41,1,8C(15%)-3.6C,1051.0,False,826.6154791809203,-224.38452081907974,21.349621390968576,CV,C_ridge_log10_a10,3
b1c12,1,5.4C(50%)-3.6C,902.0,True,859.9687089473267,-42.03129105267328,4.6597883650413845,CV,C_ridge_log10_a10,4
b1c13,1,5.4C(50%)-3.6C,897.0,True,887.5961474111814,-9.403852588818609,1.0483670667579275,CV,C_ridge_log10_a10,4
b1c26,1,6C(40%)-3.6C,870.0,False,780.0510554679431,-89.94894453205688,10.338959141615733,CV,C_ridge_log10_a10,4
b1c27,1,6C(40%)-3.6C,842.0,False,769.9499903096486,-72.05000969035143,8.557008276763828,CV,C_ridge_log10_a10,4
b1c36,1,7C(40%)-3C,704.0,False,825.4712317908318,121.47123179083178,17.254436333924968,CV,C_ridge_log10_a10,4
b1c37,1,7C(40%)-3C,648.0,False,791.7179116913483,143.71791169134826,22.17869007582535,CV,C_ridge_log10_a10,4
b1c8,1,5.4C(40%)-3.6C,879.0,True,901.7442811143422,22.744281114342243,2.587517760448492,CV,C_ridge_log10_a10,5
b1c9,1,5.4C(40%)-3.6C,1054.0,False,916.8766664912534,-137.12333350874655,13.009803938211247,CV,C_ridge_log10_a10,5
b1c22,1,6C(30%)-3.6C,891.0,True,863.911059180258,-27.088940819741993,3.040285164954208,CV,C_ridge_log10_a10,5
b1c23,1,6C(30%)-3.6C,1014.0,False,909.0807444097442,-104.91925559025583,10.347066626257972,CV,C_ridge_log10_a10,5
b1c38,1,7C(40%)-3.6C,617.0,False,659.3381517334626,42.33815173346261,6.861937071874006,CV,C_ridge_log10_a10,5
b1c39,1,7C(40%)-3.6C,625.0,False,683.2980790140078,58.29807901400784,9.327692642241255,CV,C_ridge_log10_a10,5
b1c3,1,4C(80%)-4C,1226.0,True,1233.7308548980654,7.730854898065445,0.6305754402989759,CV,B_plus_QDdelta_ridge_raw_a0.1,1
b1c4,1,4C(80%)-4C,1227.0,True,1308.980598380243,81.98059838024301,6.681385361063,CV,B_plus_QDdelta_ridge_raw_a0.1,1
b1c20,1,5.4C(80%)-5.4C,534.0,False,701.5368356075567,167.53683560755667,31.373939252351434,CV,B_plus_QDdelta_ridge_raw_a0.1,1
b1c21,1,5.4C(80%)-5.4C,559.0,False,598.4965970297318,39.49659702973179,7.0655808639949536,CV,B_plus_QDdelta_ridge_raw_a0.1,1
b1c32,1,6C(60%)-3C,731.0,False,685.7223032076486,-45.277696792351435,6.193939369678718,CV,B_plus_QDdelta_ridge_raw_a0.1,1
b1c33,1,6C(60%)-3C,757.0,False,692.1128345471102,-64.8871654528898,8.571620271187557,CV,B_plus_QDdelta_ridge_raw_a0.1,1
b1c44,1,8C(35%)-3.6C,616.0,False,602.6743894033469,-13.325610596653064,2.16324847348264,CV,B_plus_QDdelta_ridge_raw_a0.1,1
b1c45,1,8C(35%)-3.6C,599.0,False,571.1234396425095,-27.87656035749046,4.65384980926385,CV,B_plus_QDdelta_ridge_raw_a0.1,1
b1c6,1,4.8C(80%)-4.8C,636.0,False,804.4127162788349,168.41271627883486,26.47998683629479,CV,B_plus_QDdelta_ridge_raw_a0.1,2
b1c7,1,4.8C(80%)-4.8C,870.0,False,853.9317954107352,-16.068204589264838,1.8469200677315907,CV,B_plus_QDdelta_ridge_raw_a0.1,2
b1c16,1,5.4C(60%)-3.6C,862.0,False,1007.4877383216957,145.4877383216957,16.877927879547062,CV,B_plus_QDdelta_ridge_raw_a0.1,2
b1c17,1,5.4C(60%)-3.6C,857.0,False,875.7308914626357,18.730891462635668,2.1856349431313498,CV,B_plus_QDdelta_ridge_raw_a0.1,2
b1c30,1,6C(50%)-3.6C,709.0,False,759.3349836438216,50.3349836438216,7.099433518169479,CV,B_plus_QDdelta_ridge_raw_a0.1,2
b1c31,1,6C(50%)-3.6C,876.0,False,779.8250825961605,-96.17491740383946,10.978871849753363,CV,B_plus_QDdelta_ridge_raw_a0.1,2
b1c42,1,8C(25%)-3.6C,702.0,False,762.3083093872821,60.308309387282065,8.590927263145593,CV,B_plus_QDdelta_ridge_raw_a0.1,2
b1c43,1,8C(25%)-3.6C,651.0,False,742.4839990280447,91.48399902804465,14.052841632572143,CV,B_plus_QDdelta_ridge_raw_a0.1,2
b1c5,1,4.4C(80%)-4.4C,1074.0,False,1006.0550387860139,-67.94496121398606,6.326346481749168,CV,B_plus_QDdelta_ridge_raw_a0.1,3
b1c10,1,5.4C(50%)-3C,906.0,True,931.3874255547701,25.38742555477006,2.802144100967998,CV,B_plus_QDdelta_ridge_raw_a0.1,3
b1c11,1,5.4C(50%)-3C,788.0,False,1002.4090103435603,214.40901034356034,27.209265272025423,CV,B_plus_QDdelta_ridge_raw_a0.1,3
b1c24,1,6C(40%)-3C,1017.0,False,866.1075242065352,-150.89247579346477,14.837018268777264,CV,B_plus_QDdelta_ridge_raw_a0.1,3
b1c25,1,6C(40%)-3C,854.0,False,899.5099386160634,45.50993861606344,5.329032624831784,CV,B_plus_QDdelta_ridge_raw_a0.1,3
b1c40,1,8C(15%)-3.6C,966.0,False,913.049481191205,-52.95051880879498,5.481420166541923,CV,B_plus_QDdelta_ridge_raw_a0.1,3
b1c41,1,8C(15%)-3.6C,1051.0,False,931.731215133008,-119.26878486699195,11.348124154804182,CV,B_plus_QDdelta_ridge_raw_a0.1,3
b1c12,1,5.4C(50%)-3.6C,902.0,True,869.024065238449,-32.975934761551,3.6558685988415744,CV,B_plus_QDdelta_ridge_raw_a0.1,4
b1c13,1,5.4C(50%)-3.6C,897.0,True,896.4681597485148,-0.5318402514851641,0.05929099793591573,CV,B_plus_QDdelta_ridge_raw_a0.1,4
b1c26,1,6C(40%)-3.6C,870.0,False,774.752978816478,-95.24702118352195,10.947933469370339,CV,B_plus_QDdelta_ridge_raw_a0.1,4
b1c27,1,6C(40%)-3.6C,842.0,False,766.2319979339271,-75.76800206607288,8.998575067229558,CV,B_plus_QDdelta_ridge_raw_a0.1,4
b1c36,1,7C(40%)-3C,704.0,False,842.4689525953381,138.46895259533812,19.6688853118378,CV,B_plus_QDdelta_ridge_raw_a0.1,4
b1c37,1,7C(40%)-3C,648.0,False,805.6607130399739,157.66071303997387,24.33035695061325,CV,B_plus_QDdelta_ridge_raw_a0.1,4
b1c8,1,5.4C(40%)-3.6C,879.0,True,903.7849054891651,24.784905489165112,2.819670704114347,CV,B_plus_QDdelta_ridge_raw_a0.1,5
b1c9,1,5.4C(40%)-3.6C,1054.0,False,920.3164824825593,-133.6835175174407,12.68344568476667,CV,B_plus_QDdelta_ridge_raw_a0.1,5
b1c22,1,6C(30%)-3.6C,891.0,True,875.3699420793629,-15.630057920637114,1.7542152548414272,CV,B_plus_QDdelta_ridge_raw_a0.1,5
b1c23,1,6C(30%)-3.6C,1014.0,False,937.0599237060337,-76.94007629396629,7.5877787272156105,CV,B_plus_QDdelta_ridge_raw_a0.1,5
b1c38,1,7C(40%)-3.6C,617.0,False,574.7408301082886,-42.259169891711394,6.8491361250747795,CV,B_plus_QDdelta_ridge_raw_a0.1,5
b1c39,1,7C(40%)-3.6C,625.0,False,617.6933934355152,-7.3066065644848095,1.1690570503175695,CV,B_plus_QDdelta_ridge_raw_a0.1,5
b1c3,1,4C(80%)-4C,1226.0,True,1224.3100481382567,-1.6899518617433387,0.1378427293428498,CV,B_plus_QDdelta_ridge_raw_a1,1
b1c4,1,4C(80%)-4C,1227.0,True,1290.2845757473146,63.28457574731465,5.157667135070469,CV,B_plus_QDdelta_ridge_raw_a1,1
b1c20,1,5.4C(80%)-5.4C,534.0,False,672.9050464626259,138.90504646262593,26.012180985510476,CV,B_plus_QDdelta_ridge_raw_a1,1
b1c21,1,5.4C(80%)-5.4C,559.0,False,583.996963123873,24.996963123873,4.4717286447,CV,B_plus_QDdelta_ridge_raw_a1,1
b1c32,1,6C(60%)-3C,731.0,False,688.8075205851518,-42.19247941484821,5.7718850088711635,CV,B_plus_QDdelta_ridge_raw_a1,1
b1c33,1,6C(60%)-3C,757.0,False,691.6318900754424,-65.36810992455764,8.635153226493744,CV,B_plus_QDdelta_ridge_raw_a1,1
b1c44,1,8C(35%)-3.6C,616.0,False,609.1726337232549,-6.827366276745124,1.1083386812897928,CV,B_plus_QDdelta_ridge_raw_a1,1
b1c45,1,8C(35%)-3.6C,599.0,False,581.815181987,-17.18481801300004,2.8689178652754657,CV,B_plus_QDdelta_ridge_raw_a1,1
b1c6,1,4.8C(80%)-4.8C,636.0,False,789.5548829162478,153.55488291624783,24.143849515133304,CV,B_plus_QDdelta_ridge_raw_a1,2
b1c7,1,4.8C(80%)-4.8C,870.0,False,820.7228802161285,-49.27711978387151,5.664036756766841,CV,B_plus_QDdelta_ridge_raw_a1,2
b1c16,1,5.4C(60%)-3.6C,862.0,False,949.0742076583043,87.07420765830432,10.101416201659434,CV,B_plus_QDdelta_ridge_raw_a1,2
b1c17,1,5.4C(60%)-3.6C,857.0,False,883.373354833537,26.37335483353695,3.0774042979623046,CV,B_plus_QDdelta_ridge_raw_a1,2
b1c30,1,6C(50%)-3.6C,709.0,False,750.6560641410753,41.65606414107526,5.875326395074085,CV,B_plus_QDdelta_ridge_raw_a1,2
b1c31,1,6C(50%)-3.6C,876.0,False,818.4874906040311,-57.51250939596889,6.565354953877728,CV,B_plus_QDdelta_ridge_raw_a1,2
b1c42,1,8C(25%)-3.6C,702.0,False,748.1514995169805,46.15149951698049,6.574287680481551,CV,B_plus_QDdelta_ridge_raw_a1,2
b1c43,1,8C(25%)-3.6C,651.0,False,745.0825173667648,94.08251736676482,14.451999595509188,CV,B_plus_QDdelta_ridge_raw_a1,2
b1c5,1,4.4C(80%)-4.4C,1074.0,False,1016.4145110693435,-57.58548893065654,5.361777367845115,CV,B_plus_QDdelta_ridge_raw_a1,3
b1c10,1,5.4C(50%)-3C,906.0,True,911.6587264744388,5.658726474438822,0.6245834960749251,CV,B_plus_QDdelta_ridge_raw_a1,3
b1c11,1,5.4C(50%)-3C,788.0,False,979.0613907148665,191.06139071486655,24.246369380059207,CV,B_plus_QDdelta_ridge_raw_a1,3
b1c24,1,6C(40%)-3C,1017.0,False,867.5211262443735,-149.47887375562652,14.698021018252364,CV,B_plus_QDdelta_ridge_raw_a1,3
b1c25,1,6C(40%)-3C,854.0,False,894.4914830561237,40.491483056123684,4.741391458562492,CV,B_plus_QDdelta_ridge_raw_a1,3
b1c40,1,8C(15%)-3.6C,966.0,False,912.5206142166205,-53.479385783379485,5.5361683005568825,CV,B_plus_QDdelta_ridge_raw_a1,3
b1c41,1,8C(15%)-3.6C,1051.0,False,932.5193630944656,-118.48063690553442,11.273133863514218,CV,B_plus_QDdelta_ridge_raw_a1,3
b1c12,1,5.4C(50%)-3.6C,902.0,True,874.7060489977263,-27.29395100227373,3.025936918212165,CV,B_plus_QDdelta_ridge_raw_a1,4
b1c13,1,5.4C(50%)-3.6C,897.0,True,906.4128699502284,9.412869950228355,1.0493723467367175,CV,B_plus_QDdelta_ridge_raw_a1,4
b1c26,1,6C(40%)-3.6C,870.0,False,780.6561691773875,-89.34383082261252,10.2694058416796,CV,B_plus_QDdelta_ridge_raw_a1,4
b1c27,1,6C(40%)-3.6C,842.0,False,769.1612380859746,-72.83876191402544,8.650684312829625,CV,B_plus_QDdelta_ridge_raw_a1,4
b1c36,1,7C(40%)-3C,704.0,False,838.7338056780723,134.73380567807226,19.13832467018072,CV,B_plus_QDdelta_ridge_raw_a1,4
b1c37,1,7C(40%)-3C,648.0,False,799.9765334809705,151.9765334809705,23.453168747063348,CV,B_plus_QDdelta_ridge_raw_a1,4
b1c8,1,5.4C(40%)-3.6C,879.0,True,908.7555869845941,29.75558698459406,3.385163479476002,CV,B_plus_QDdelta_ridge_raw_a1,5
b1c9,1,5.4C(40%)-3.6C,1054.0,False,919.7050923485369,-134.29490765146306,12.741452338848488,CV,B_plus_QDdelta_ridge_raw_a1,5
b1c22,1,6C(30%)-3.6C,891.0,True,876.2320269646459,-14.767973035354089,1.6574604977950718,CV,B_plus_QDdelta_ridge_raw_a1,5
b1c23,1,6C(30%)-3.6C,1014.0,False,937.6579258927142,-76.34207410728584,7.528804152592292,CV,B_plus_QDdelta_ridge_raw_a1,5
b1c38,1,7C(40%)-3.6C,617.0,False,586.3169636417854,-30.683036358214622,4.972939442174169,CV,B_plus_QDdelta_ridge_raw_a1,5
b1c39,1,7C(40%)-3.6C,625.0,False,626.0462147144331,1.046214714433063,0.16739435430929006,CV,B_plus_QDdelta_ridge_raw_a1,5
b1c3,1,4C(80%)-4C,1226.0,True,1154.7094484110544,-71.29055158894562,5.814890015411551,CV,B_plus_QDdelta_ridge_raw_a10,1
b1c4,1,4C(80%)-4C,1227.0,True,1185.6505183419424,-41.349481658057584,3.369965905302166,CV,B_plus_QDdelta_ridge_raw_a10,1
b1c20,1,5.4C(80%)-5.4C,534.0,False,541.3799909092152,7.3799909092151665,1.3820207695159488,CV,B_plus_QDdelta_ridge_raw_a10,1
b1c21,1,5.4C(80%)-5.4C,559.0,False,538.9339638940255,-20.06603610597449,3.5896307881886385,CV,B_plus_QDdelta_ridge_raw_a10,1
b1c32,1,6C(60%)-3C,731.0,False,713.1396367919608,-17.86036320803919,2.4432781406346358,CV,B_plus_QDdelta_ridge_raw_a10,1
b1c33,1,6C(60%)-3C,757.0,False,698.9181655276304,-58.081834472369565,7.672633351700074,CV,B_plus_QDdelta_ridge_raw_a10,1
b1c44,1,8C(35%)-3.6C,616.0,False,643.7853114214508,27.785311421450842,4.510602503482279,CV,B_plus_QDdelta_ridge_raw_a10,1
b1c45,1,8C(35%)-3.6C,599.0,False,643.4144122520732,44.41441225207325,7.414759975304381,CV,B_plus_QDdelta_ridge_raw_a10,1
b1c6,1,4.8C(80%)-4.8C,636.0,False,794.6072196648545,158.60721966485448,24.938242085668943,CV,B_plus_QDdelta_ridge_raw_a10,2
b1c7,1,4.8C(80%)-4.8C,870.0,False,819.3214594108315,-50.678540589168506,5.825119607950403,CV,B_plus_QDdelta_ridge_raw_a10,2
b1c16,1,5.4C(60%)-3.6C,862.0,False,906.1805560749624,44.1805560749624,5.125354533058283,CV,B_plus_QDdelta_ridge_raw_a10,2
b1c17,1,5.4C(60%)-3.6C,857.0,False,882.2330935232579,25.233093523257935,2.944351636319479,CV,B_plus_QDdelta_ridge_raw_a10,2
b1c30,1,6C(50%)-3.6C,709.0,False,744.2099834868067,35.209983486806664,4.966147177264692,CV,B_plus_QDdelta_ridge_raw_a10,2
b1c31,1,6C(50%)-3.6C,876.0,False,850.1618751778623,-25.83812482213773,2.949557628097914,CV,B_plus_QDdelta_ridge_raw_a10,2
b1c42,1,8C(25%)-3.6C,702.0,False,777.6826008412482,75.68260084124825,10.780997270833083,CV,B_plus_QDdelta_ridge_raw_a10,2
b1c43,1,8C(25%)-3.6C,651.0,False,766.4566175999896,115.45661759998961,17.735271520735733,CV,B_plus_QDdelta_ridge_raw_a10,2
b1c5,1,4.4C(80%)-4.4C,1074.0,False,992.5334362204162,-81.4665637795838,7.58534113403946,CV,B_plus_QDdelta_ridge_raw_a10,3
b1c10,1,5.4C(50%)-3C,906.0,True,899.8187599682785,-6.181240031721472,0.682256074141443,CV,B_plus_QDdelta_ridge_raw_a10,3
b1c11,1,5.4C(50%)-3C,788.0,False,950.1665844326354,162.16658443263543,20.579515790943585,CV,B_plus_QDdelta_ridge_raw_a10,3
b1c24,1,6C(40%)-3C,1017.0,False,867.2316902324285,-149.7683097675715,14.726480803104378,CV,B_plus_QDdelta_ridge_raw_a10,3
b1c25,1,6C(40%)-3C,854.0,False,872.8894305717345,18.889430571734465,2.211877116128157,CV,B_plus_QDdelta_ridge_raw_a10,3
b1c40,1,8C(15%)-3.6C,966.0,False,885.3308653498691,-80.6691346501309,8.350842096286842,CV,B_plus_QDdelta_ridge_raw_a10,3
b1c41,1,8C(15%)-3.6C,1051.0,False,911.8539392060052,-139.14606079399482,13.239396840532333,CV,B_plus_QDdelta_ridge_raw_a10,3
b1c12,1,5.4C(50%)-3.6C,902.0,True,865.0326303578302,-36.96736964216984,4.098378009109738,CV,B_plus_QDdelta_ridge_raw_a10,4
b1c13,1,5.4C(50%)-3.6C,897.0,True,900.4536646114992,3.453664611499221,0.38502392547371467,CV,B_plus_QDdelta_ridge_raw_a10,4
b1c26,1,6C(40%)-3.6C,870.0,False,787.1718073865138,-82.82819261348618,9.520481909596112,CV,B_plus_QDdelta_ridge_raw_a10,4
b1c27,1,6C(40%)-3.6C,842.0,False,771.6995154658485,-70.30048453415145,8.349226191704448,CV,B_plus_QDdelta_ridge_raw_a10,4
b1c36,1,7C(40%)-3C,704.0,False,852.7215096385443,148.72150963854426,21.12521443729322,CV,B_plus_QDdelta_ridge_raw_a10,4
b1c37,1,7C(40%)-3C,648.0,False,811.6855907857257,163.6855907857257,25.260122034834215,CV,B_plus_QDdelta_ridge_raw_a10,4
b1c8,1,5.4C(40%)-3.6C,879.0,True,905.4132815478839,26.413281547883912,3.004923953115348,CV,B_plus_QDdelta_ridge_raw_a10,5
b1c9,1,5.4C(40%)-3.6C,1054.0,False,911.9846743423046,-142.01532565769537,13.473939815720623,CV,B_plus_QDdelta_ridge_raw_a10,5
b1c22,1,6C(30%)-3.6C,891.0,True,868.4826697326987,-22.517330267301304,2.527197560864344,CV,B_plus_QDdelta_ridge_raw_a10,5
b1c23,1,6C(30%)-3.6C,1014.0,False,921.6308689236081,-92.36913107639191,9.109381762957781,CV,B_plus_QDdelta_ridge_raw_a10,5
b1c38,1,7C(40%)-3.6C,617.0,False,647.7724792517379,30.772479251737877,4.987435859276804,CV,B_plus_QDdelta_ridge_raw_a10,5
b1c39,1,7C(40%)-3.6C,625.0,False,679.9620703041928,54.96207030419282,8.793931248670852,CV,B_plus_QDdelta_ridge_raw_a10,5
b1c3,1,4C(80%)-4C,1226.0,True,1335.9046837795945,109.9046837795945,8.964492967340497,CV,B_plus_QDdelta_ridge_log10_a0.1,1
b1c4,1,4C(80%)-4C,1227.0,True,1478.4654575761463,251.46545757614626,20.494332320794317,CV,B_plus_QDdelta_ridge_log10_a0.1,1
b1c20,1,5.4C(80%)-5.4C,534.0,False,714.0694123257852,180.06941232578515,33.720863731420444,CV,B_plus_QDdelta_ridge_log10_a0.1,1
b1c21,1,5.4C(80%)-5.4C,559.0,False,620.9619180958049,61.96191809580489,11.084421841825561,CV,B_plus_QDdelta_ridge_log10_a0.1,1
b1c32,1,6C(60%)-3C,731.0,False,686.5499364314353,-44.4500635685647,6.080720050419248,CV,B_plus_QDdelta_ridge_log10_a0.1,1
b1c33,1,6C(60%)-3C,757.0,False,695.9963811866704,-61.00361881332958,8.0586022210475,CV,B_plus_QDdelta_ridge_log10_a0.1,1
b1c44,1,8C(35%)-3.6C,616.0,False,617.89221835394,1.8922183539400521,0.3071783042110474,CV,B_plus_QDdelta_ridge_log10_a0.1,1
b1c45,1,8C(35%)-3.6C,599.0,False,592.1633845830385,-6.836615416961536,1.1413381330486705,CV,B_plus_QDdelta_ridge_log10_a0.1,1
b1c6,1,4.8C(80%)-4.8C,636.0,False,772.6570987682035,136.65709876820347,21.48696521512633,CV,B_plus_QDdelta_ridge_log10_a0.1,2
b1c7,1,4.8C(80%)-4.8C,870.0,False,811.5263352584675,-58.4736647415325,6.721110889831322,CV,B_plus_QDdelta_ridge_log10_a0.1,2
b1c16,1,5.4C(60%)-3.6C,862.0,False,988.015810769741,126.01581076974105,14.61900356957553,CV,B_plus_QDdelta_ridge_log10_a0.1,2
b1c17,1,5.4C(60%)-3.6C,857.0,False,858.0484562858553,1.048456285855309,0.12234029006479685,CV,B_plus_QDdelta_ridge_log10_a0.1,2
b1c30,1,6C(50%)-3.6C,709.0,False,749.8838943315709,40.8838943315709,5.766416689925373,CV,B_plus_QDdelta_ridge_log10_a0.1,2
b1c31,1,6C(50%)-3.6C,876.0,False,736.7684127609423,-139.23158723905772,15.89401680811161,CV,B_plus_QDdelta_ridge_log10_a0.1,2
b1c42,1,8C(25%)-3.6C,702.0,False,752.3881250267406,50.38812502674057,7.177795587854782,CV,B_plus_QDdelta_ridge_log10_a0.1,2
b1c43,1,8C(25%)-3.6C,651.0,False,730.1447749849063,79.14477498490635,12.157415512274401,CV,B_plus_QDdelta_ridge_log10_a0.1,2
b1c5,1,4.4C(80%)-4.4C,1074.0,False,986.4656650233339,-87.53433497666606,8.15031051924265,CV,B_plus_QDdelta_ridge_log10_a0.1,3
b1c10,1,5.4C(50%)-3C,906.0,True,935.1509849519948,29.150984951994815,3.217548007946448,CV,B_plus_QDdelta_ridge_log10_a0.1,3
b1c11,1,5.4C(50%)-3C,788.0,False,1013.7440251097713,225.74402510977131,28.64771892255981,CV,B_plus_QDdelta_ridge_log10_a0.1,3
b1c24,1,6C(40%)-3C,1017.0,False,840.6077896816566,-176.39221031834336,17.34436679629728,CV,B_plus_QDdelta_ridge_log10_a0.1,3
b1c25,1,6C(40%)-3C,854.0,False,875.4779436442535,21.477943644253514,2.51498169136458,CV,B_plus_QDdelta_ridge_log10_a0.1,3
b1c40,1,8C(15%)-3.6C,966.0,False,879.3006614171044,-86.69933858289562,8.975086809823562,CV,B_plus_QDdelta_ridge_log10_a0.1,3
b1c41,1,8C(15%)-3.6C,1051.0,False,902.8024528921562,-148.19754710784377,14.100622940803403,CV,B_plus_QDdelta_ridge_log10_a0.1,3
b1c12,1,5.4C(50%)-3.6C,902.0,True,870.3469815920246,-31.653018407975424,3.5092038146314217,CV,B_plus_QDdelta_ridge_log10_a0.1,4
b1c13,1,5.4C(50%)-3.6C,897.0,True,884.7806296669639,-12.219370333036068,1.3622486435937644,CV,B_plus_QDdelta_ridge_log10_a0.1,4
b1c26,1,6C(40%)-3.6C,870.0,False,761.8275320080072,-108.17246799199279,12.433617010573885,CV,B_plus_QDdelta_ridge_log10_a0.1,4
b1c27,1,6C(40%)-3.6C,842.0,False,760.6225998833036,-81.37740011669644,9.664774360652784,CV,B_plus_QDdelta_ridge_log10_a0.1,4
b1c36,1,7C(40%)-3C,704.0,False,808.5473972897386,104.54739728973857,14.850482569565138,CV,B_plus_QDdelta_ridge_log10_a0.1,4
b1c37,1,7C(40%)-3C,648.0,False,779.0757867192972,131.07578671929718,20.227744864089072,CV,B_plus_QDdelta_ridge_log10_a0.1,4
b1c8,1,5.4C(40%)-3.6C,879.0,True,887.8814542340673,8.881454234067292,1.0104043497232413,CV,B_plus_QDdelta_ridge_log10_a0.1,5
b1c9,1,5.4C(40%)-3.6C,1054.0,False,914.1181960187016,-139.8818039812984,13.27151840429776,CV,B_plus_QDdelta_ridge_log10_a0.1,5
b1c22,1,6C(30%)-3.6C,891.0,True,855.8032751595515,-35.196724840448496,3.950249701509371,CV,B_plus_QDdelta_ridge_log10_a0.1,5
b1c23,1,6C(30%)-3.6C,1014.0,False,912.9053236587392,-101.09467634126077,9.969889185528675,CV,B_plus_QDdelta_ridge_log10_a0.1,5
b1c38,1,7C(40%)-3.6C,617.0,False,614.3246671757017,-2.675332824298266,0.43360337508886,CV,B_plus_QDdelta_ridge_log10_a0.1,5
b1c39,1,7C(40%)-3.6C,625.0,False,644.645228920515,19.645228920515024,3.1432366272824037,CV,B_plus_QDdelta_ridge_log10_a0.1,5
b1c3,1,4C(80%)-4C,1226.0,True,1322.8994811595958,96.89948115959578,7.903709719379753,CV,B_plus_QDdelta_ridge_log10_a1,1
b1c4,1,4C(80%)-4C,1227.0,True,1446.2594837927504,219.25948379275042,17.86955858131625,CV,B_plus_QDdelta_ridge_log10_a1,1
b1c20,1,5.4C(80%)-5.4C,534.0,False,685.0780622040193,151.07806220401926,28.29177194831821,CV,B_plus_QDdelta_ridge_log10_a1,1
b1c21,1,5.4C(80%)-5.4C,559.0,False,608.6930928730202,49.69309287302019,8.889640943295204,CV,B_plus_QDdelta_ridge_log10_a1,1
b1c32,1,6C(60%)-3C,731.0,False,688.8014472200248,-42.198552779975216,5.772715838573901,CV,B_plus_QDdelta_ridge_log10_a1,1
b1c33,1,6C(60%)-3C,757.0,False,694.3112555048542,-62.688744495145784,8.281207991432732,CV,B_plus_QDdelta_ridge_log10_a1,1
b1c44,1,8C(35%)-3.6C,616.0,False,622.225606821438,6.225606821437964,1.0106504580256435,CV,B_plus_QDdelta_ridge_log10_a1,1
b1c45,1,8C(35%)-3.6C,599.0,False,600.1777835850039,1.1777835850039082,0.1966249724547426,CV,B_plus_QDdelta_ridge_log10_a1,1
b1c6,1,4.8C(80%)-4.8C,636.0,False,762.507400230046,126.50740023004596,19.891100665101565,CV,B_plus_QDdelta_ridge_log10_a1,2
b1c7,1,4.8C(80%)-4.8C,870.0,False,787.8963175431956,-82.10368245680445,9.437204880092466,CV,B_plus_QDdelta_ridge_log10_a1,2
b1c16,1,5.4C(60%)-3.6C,862.0,False,933.8694422443309,71.86944224433091,8.337522302126557,CV,B_plus_QDdelta_ridge_log10_a1,2
b1c17,1,5.4C(60%)-3.6C,857.0,False,862.831771311908,5.831771311908028,0.6804867341782996,CV,B_plus_QDdelta_ridge_log10_a1,2
b1c30,1,6C(50%)-3.6C,709.0,False,742.2552714157167,33.25527141571672,4.690447308281625,CV,B_plus_QDdelta_ridge_log10_a1,2
b1c31,1,6C(50%)-3.6C,876.0,False,765.6633801992826,-110.33661980071736,12.595504543460887,CV,B_plus_QDdelta_ridge_log10_a1,2
b1c42,1,8C(25%)-3.6C,702.0,False,744.4496444964632,42.44964449646318,6.046957905479085,CV,B_plus_QDdelta_ridge_log10_a1,2
b1c43,1,8C(25%)-3.6C,651.0,False,733.102471008896,82.10247100889603,12.61174669875515,CV,B_plus_QDdelta_ridge_log10_a1,2
b1c5,1,4.4C(80%)-4.4C,1074.0,False,1005.44376570659,-68.55623429340994,6.383262038492546,CV,B_plus_QDdelta_ridge_log10_a1,3
b1c10,1,5.4C(50%)-3C,906.0,True,904.8208902806662,-1.1791097193338373,0.13014456063287388,CV,B_plus_QDdelta_ridge_log10_a1,3
b1c11,1,5.4C(50%)-3C,788.0,False,976.4475580934668,188.4475580934668,23.91466473267345,CV,B_plus_QDdelta_ridge_log10_a1,3
b1c24,1,6C(40%)-3C,1017.0,False,843.4823110669801,-173.51768893301994,17.06171965909734,CV,B_plus_QDdelta_ridge_log10_a1,3
b1c25,1,6C(40%)-3C,854.0,False,871.4597573677186,17.459757367718566,2.0444680758452654,CV,B_plus_QDdelta_ridge_log10_a1,3
b1c40,1,8C(15%)-3.6C,966.0,False,882.7082557823512,-83.29174421764878,8.622333769942939,CV,B_plus_QDdelta_ridge_log10_a1,3
b1c41,1,8C(15%)-3.6C,1051.0,False,907.0611089284894,-143.93889107151062,13.695422556756482,CV,B_plus_QDdelta_ridge_log10_a1,3
b1c12,1,5.4C(50%)-3.6C,902.0,True,870.7472189547522,-31.252781045247843,3.4648316014687186,CV,B_plus_QDdelta_ridge_log10_a1,4
b1c13,1,5.4C(50%)-3.6C,897.0,True,890.6402818720941,-6.359718127905921,0.7089986764666578,CV,B_plus_QDdelta_ridge_log10_a1,4
b1c26,1,6C(40%)-3.6C,870.0,False,765.310323293501,-104.68967670649897,12.033296173160801,CV,B_plus_QDdelta_ridge_log10_a1,4
b1c27,1,6C(40%)-3.6C,842.0,False,760.9836641775003,-81.01633582249974,9.621892615498782,CV,B_plus_QDdelta_ridge_log10_a1,4
b1c36,1,7C(40%)-3C,704.0,False,809.7914957560486,105.79149575604856,15.027201101711443,CV,B_plus_QDdelta_ridge_log10_a1,4
b1c37,1,7C(40%)-3C,648.0,False,777.8931533552546,129.89315335525464,20.045239715317074,CV,B_plus_QDdelta_ridge_log10_a1,4
b1c8,1,5.4C(40%)-3.6C,879.0,True,890.6674808849762,11.667480884976158,1.3273584624546255,CV,B_plus_QDdelta_ridge_log10_a1,5
b1c9,1,5.4C(40%)-3.6C,1054.0,False,912.8220300320424,-141.17796996795755,13.394494304360299,CV,B_plus_QDdelta_ridge_log10_a1,5
b1c22,1,6C(30%)-3.6C,891.0,True,855.8797302346134,-35.12026976538664,3.9416688850041117,CV,B_plus_QDdelta_ridge_log10_a1,5
b1c23,1,6C(30%)-3.6C,1014.0,False,912.7495288152084,-101.25047118479165,9.985253568519886,CV,B_plus_QDdelta_ridge_log10_a1,5
b1c38,1,7C(40%)-3.6C,617.0,False,621.857672300212,4.857672300212016,0.7873050729679119,CV,B_plus_QDdelta_ridge_log10_a1,5
b1c39,1,7C(40%)-3.6C,625.0,False,650.9559033509269,25.95590335092686,4.152944536148297,CV,B_plus_QDdelta_ridge_log10_a1,5
b1c3,1,4C(80%)-4C,1226.0,True,1219.316174374385,-6.6838256256151,0.5451733789245595,CV,B_plus_QDdelta_ridge_log10_a10,1
b1c4,1,4C(80%)-4C,1227.0,True,1271.5786581439647,44.57865814396473,3.63314247302076,CV,B_plus_QDdelta_ridge_log10_a10,1
b1c20,1,5.4C(80%)-5.4C,534.0,False,573.5133100171587,39.51331001715869,7.399496257894886,CV,B_plus_QDdelta_ridge_log10_a10,1
b1c21,1,5.4C(80%)-5.4C,559.0,False,571.7289186483245,12.728918648324452,2.2770874147270934,CV,B_plus_QDdelta_ridge_log10_a10,1
b1c32,1,6C(60%)-3C,731.0,False,708.8069961560876,-22.19300384391238,3.0359786380181095,CV,B_plus_QDdelta_ridge_log10_a10,1
b1c33,1,6C(60%)-3C,757.0,False,697.356843976428,-59.64315602357203,7.878884547367508,CV,B_plus_QDdelta_ridge_log10_a10,1
b1c44,1,8C(35%)-3.6C,616.0,False,648.7463708660998,32.746370866099824,5.315969296444776,CV,B_plus_QDdelta_ridge_log10_a10,1
b1c45,1,8C(35%)-3.6C,599.0,False,648.5794176367308,49.579417636730795,8.277031324996793,CV,B_plus_QDdelta_ridge_log10_a10,1
b1c6,1,4.8C(80%)-4.8C,636.0,False,768.8888766165123,132.88887661651233,20.89447745542647,CV,B_plus_QDdelta_ridge_log10_a10,2
b1c7,1,4.8C(80%)-4.8C,870.0,False,790.0645391152909,-79.93546088470907,9.187984009736674,CV,B_plus_QDdelta_ridge_log10_a10,2
b1c16,1,5.4C(60%)-3.6C,862.0,False,888.1411987306193,26.141198730619294,3.032621662484837,CV,B_plus_QDdelta_ridge_log10_a10,2
b1c17,1,5.4C(60%)-3.6C,857.0,False,860.5620002166352,3.5620002166351696,0.41563596460153673,CV,B_plus_QDdelta_ridge_log10_a10,2
b1c30,1,6C(50%)-3.6C,709.0,False,733.9911580419326,24.991158041932636,3.5248459861682138,CV,B_plus_QDdelta_ridge_log10_a10,2
b1c31,1,6C(50%)-3.6C,876.0,False,801.2920284045991,-74.70797159540086,8.528307259748956,CV,B_plus_QDdelta_ridge_log10_a10,2
b1c42,1,8C(25%)-3.6C,702.0,False,769.8731128530461,67.87311285304611,9.668534594451012,CV,B_plus_QDdelta_ridge_log10_a10,2
b1c43,1,8C(25%)-3.6C,651.0,False,751.6537083265885,100.65370832658846,15.46139912850821,CV,B_plus_QDdelta_ridge_log10_a10,2
b1c5,1,4.4C(80%)-4.4C,1074.0,False,979.2065438307025,-94.79345616929754,8.826206347234407,CV,B_plus_QDdelta_ridge_log10_a10,3
b1c10,1,5.4C(50%)-3C,906.0,True,889.7066779311082,-16.293322068891825,1.7983799193037335,CV,B_plus_QDdelta_ridge_log10_a10,3
b1c11,1,5.4C(50%)-3C,788.0,False,941.4907178110291,153.49071781102907,19.478517488709272,CV,B_plus_QDdelta_ridge_log10_a10,3
b1c24,1,6C(40%)-3C,1017.0,False,847.584531370583,-169.41546862941698,16.658354830817796,CV,B_plus_QDdelta_ridge_log10_a10,3
b1c25,1,6C(40%)-3C,854.0,False,854.0036837505404,0.0036837505404037074,0.00043135252229551605,CV,B_plus_QDdelta_ridge_log10_a10,3
b1c40,1,8C(15%)-3.6C,966.0,False,861.3961024037476,-104.60389759625241,10.828560827769401,CV,B_plus_QDdelta_ridge_log10_a10,3
b1c41,1,8C(15%)-3.6C,1051.0,False,890.8391978038348,-160.16080219616515,15.238896498207913,CV,B_plus_QDdelta_ridge_log10_a10,3
b1c12,1,5.4C(50%)-3.6C,902.0,True,854.4770380270513,-47.52296197294868,5.268621061302515,CV,B_plus_QDdelta_ridge_log10_a10,4
b1c13,1,5.4C(50%)-3.6C,897.0,True,881.5492716314823,-15.45072836851773,1.7224892272595018,CV,B_plus_QDdelta_ridge_log10_a10,4
b1c26,1,6C(40%)-3.6C,870.0,False,770.0459898211938,-99.95401017880624,11.488966687219108,CV,B_plus_QDdelta_ridge_log10_a10,4
b1c27,1,6C(40%)-3.6C,842.0,False,760.3603789571647,-81.6396210428353,9.69591698846025,CV,B_plus_QDdelta_ridge_log10_a10,4
b1c36,1,7C(40%)-3C,704.0,False,828.0517624456253,124.05176244562529,17.62098898375359,CV,B_plus_QDdelta_ridge_log10_a10,4
b1c37,1,7C(40%)-3C,648.0,False,791.8601196272373,143.86011962723728,22.200635744944027,CV,B_plus_QDdelta_ridge_log10_a10,4
b1c8,1,5.4C(40%)-3.6C,879.0,True,886.9542915407121,7.95429154071212,0.9049250899558726,CV,B_plus_QDdelta_ridge_log10_a10,5
b1c9,1,5.4C(40%)-3.6C,1054.0,False,902.4148588529201,-151.58514114707987,14.381891949438316,CV,B_plus_QDdelta_ridge_log10_a10,5
b1c22,1,6C(30%)-3.6C,891.0,True,849.1812809978262,-41.81871900217379,4.693458922802895,CV,B_plus_QDdelta_ridge_log10_a10,5
b1c23,1,6C(30%)-3.6C,1014.0,False,898.5002755997888,-115.49972440021122,11.39050536491235,CV,B_plus_QDdelta_ridge_log10_a10,5
b1c38,1,7C(40%)-3.6C,617.0,False,663.6294088097874,46.62940880978738,7.5574406498845015,CV,B_plus_QDdelta_ridge_log10_a10,5
b1c39,1,7C(40%)-3.6C,625.0,False,689.1107987910553,64.11079879105534,10.257727806568855,CV,B_plus_QDdelta_ridge_log10_a10,5
b1c3,1,4C(80%)-4C,1226.0,True,1228.6942127355396,2.6942127355396224,0.21975634058235094,CV,B_replace_slope_ridge_raw_a0.1,1
b1c4,1,4C(80%)-4C,1227.0,True,1304.6324999600224,77.63249996002241,6.327017111656269,CV,B_replace_slope_ridge_raw_a0.1,1
b1c20,1,5.4C(80%)-5.4C,534.0,False,729.6319742940301,195.6319742940301,36.635201178657326,CV,B_replace_slope_ridge_raw_a0.1,1
b1c21,1,5.4C(80%)-5.4C,559.0,False,608.6825314701186,49.68253147011865,8.887751604672388,CV,B_replace_slope_ridge_raw_a0.1,1
b1c32,1,6C(60%)-3C,731.0,False,687.2983525653731,-43.70164743462692,5.978337542356623,CV,B_replace_slope_ridge_raw_a0.1,1
b1c33,1,6C(60%)-3C,757.0,False,698.1149759368358,-58.885024063164224,7.778735014949039,CV,B_replace_slope_ridge_raw_a0.1,1
b1c44,1,8C(35%)-3.6C,616.0,False,608.4939213011622,-7.506078698837769,1.2185192692918456,CV,B_replace_slope_ridge_raw_a0.1,1
b1c45,1,8C(35%)-3.6C,599.0,False,571.0912346078746,-27.90876539212536,4.659226275813917,CV,B_replace_slope_ridge_raw_a0.1,1
b1c6,1,4.8C(80%)-4.8C,636.0,False,783.0775270624237,147.07752706242366,23.125397336859066,CV,B_replace_slope_ridge_raw_a0.1,2
b1c7,1,4.8C(80%)-4.8C,870.0,False,809.0206703564594,-60.97932964354061,7.009118349832254,CV,B_replace_slope_ridge_raw_a0.1,2
b1c16,1,5.4C(60%)-3.6C,862.0,False,944.0705688271532,82.07056882715324,9.520947659762555,CV,B_replace_slope_ridge_raw_a0.1,2
b1c17,1,5.4C(60%)-3.6C,857.0,False,885.3943529061067,28.394352906106747,3.313226710164148,CV,B_replace_slope_ridge_raw_a0.1,2
b1c30,1,6C(50%)-3.6C,709.0,False,754.7868991569068,45.78689915690677,6.457954747095454,CV,B_replace_slope_ridge_raw_a0.1,2
b1c31,1,6C(50%)-3.6C,876.0,False,816.0270031121202,-59.972996887879845,6.846232521447471,CV,B_replace_slope_ridge_raw_a0.1,2
b1c42,1,8C(25%)-3.6C,702.0,False,733.5015610458737,31.5015610458737,4.487401858386567,CV,B_replace_slope_ridge_raw_a0.1,2
b1c43,1,8C(25%)-3.6C,651.0,False,739.9299229044009,88.92992290440088,13.660510430783546,CV,B_replace_slope_ridge_raw_a0.1,2
b1c5,1,4.4C(80%)-4.4C,1074.0,False,1023.2307433718205,-50.769256628179505,4.72711886668338,CV,B_replace_slope_ridge_raw_a0.1,3
b1c10,1,5.4C(50%)-3C,906.0,True,908.1937695247248,2.1937695247247575,0.2421379166362867,CV,B_replace_slope_ridge_raw_a0.1,3
b1c11,1,5.4C(50%)-3C,788.0,False,978.3306014160352,190.33060141603517,24.15362962132426,CV,B_replace_slope_ridge_raw_a0.1,3
b1c24,1,6C(40%)-3C,1017.0,False,866.3251668081734,-150.67483319182656,14.815617816305462,CV,B_replace_slope_ridge_raw_a0.1,3
b1c25,1,6C(40%)-3C,854.0,False,897.9151127880888,43.91511278808878,5.142284869799623,CV,B_replace_slope_ridge_raw_a0.1,3
b1c40,1,8C(15%)-3.6C,966.0,False,918.0464644480016,-47.95353555199836,4.964134115113702,CV,B_replace_slope_ridge_raw_a0.1,3
b1c41,1,8C(15%)-3.6C,1051.0,False,936.2406008202522,-114.75939917974779,10.919067476664871,CV,B_replace_slope_ridge_raw_a0.1,3
b1c12,1,5.4C(50%)-3.6C,902.0,True,886.1311714713795,-15.868828528620497,1.759293628450166,CV,B_replace_slope_ridge_raw_a0.1,4
b1c13,1,5.4C(50%)-3.6C,897.0,True,913.5709331491996,16.570933149199618,1.8473727033667355,CV,B_replace_slope_ridge_raw_a0.1,4
b1c26,1,6C(40%)-3.6C,870.0,False,783.5980880644092,-86.40191193559076,9.931254245470203,CV,B_replace_slope_ridge_raw_a0.1,4
b1c27,1,6C(40%)-3.6C,842.0,False,774.8981006583626,-67.10189934163736,7.9693467151588315,CV,B_replace_slope_ridge_raw_a0.1,4
b1c36,1,7C(40%)-3C,704.0,False,825.272925559112,121.27292555911197,17.22626783510113,CV,B_replace_slope_ridge_raw_a0.1,4
b1c37,1,7C(40%)-3C,648.0,False,789.8627310391487,141.86273103914868,21.892396765300724,CV,B_replace_slope_ridge_raw_a0.1,4
b1c8,1,5.4C(40%)-3.6C,879.0,True,909.9534522105012,30.953452210501155,3.5214393868602,CV,B_replace_slope_ridge_raw_a0.1,5
b1c9,1,5.4C(40%)-3.6C,1054.0,False,920.6851652080437,-133.3148347919563,12.648466299047087,CV,B_replace_slope_ridge_raw_a0.1,5
b1c22,1,6C(30%)-3.6C,891.0,True,878.5238335325934,-12.476166467406642,1.4002431501017556,CV,B_replace_slope_ridge_raw_a0.1,5
b1c23,1,6C(30%)-3.6C,1014.0,False,940.6730934934285,-73.3269065065715,7.23145034581573,CV,B_replace_slope_ridge_raw_a0.1,5
b1c38,1,7C(40%)-3.6C,617.0,False,574.3103422403136,-42.68965775968638,6.918907254406221,CV,B_replace_slope_ridge_raw_a0.1,5
b1c39,1,7C(40%)-3.6C,625.0,False,614.3465451996391,-10.653454800360919,1.704552768057747,CV,B_replace_slope_ridge_raw_a0.1,5
b1c3,1,4C(80%)-4C,1226.0,True,1220.8482895506768,-5.151710449323218,0.42020476748150226,CV,B_replace_slope_ridge_raw_a1,1
b1c4,1,4C(80%)-4C,1227.0,True,1287.5416914099383,60.54169140993827,4.934123179294072,CV,B_replace_slope_ridge_raw_a1,1
b1c20,1,5.4C(80%)-5.4C,534.0,False,695.8746435342088,161.87464353420876,30.313603658091527,CV,B_replace_slope_ridge_raw_a1,1
b1c21,1,5.4C(80%)-5.4C,559.0,False,593.058403956408,34.05840395640803,6.092737738176749,CV,B_replace_slope_ridge_raw_a1,1
b1c32,1,6C(60%)-3C,731.0,False,689.959471659094,-41.04052834090601,5.614299362641041,CV,B_replace_slope_ridge_raw_a1,1
b1c33,1,6C(60%)-3C,757.0,False,696.1286056480601,-60.8713943519399,8.041135317297213,CV,B_replace_slope_ridge_raw_a1,1
b1c44,1,8C(35%)-3.6C,616.0,False,613.5731983856006,-2.4268016143994373,0.39396130103886967,CV,B_replace_slope_ridge_raw_a1,1
b1c45,1,8C(35%)-3.6C,599.0,False,581.6770829290932,-17.322917070906783,2.891972799817493,CV,B_replace_slope_ridge_raw_a1,1
b1c6,1,4.8C(80%)-4.8C,636.0,False,782.8493464050504,146.84934640505037,23.08951987500792,CV,B_replace_slope_ridge_raw_a1,2
b1c7,1,4.8C(80%)-4.8C,870.0,False,808.3026610463988,-61.69733895360116,7.09164815558634,CV,B_replace_slope_ridge_raw_a1,2
b1c16,1,5.4C(60%)-3.6C,862.0,False,931.695880141812,69.69588014181204,8.085368925964275,CV,B_replace_slope_ridge_raw_a1,2
b1c17,1,5.4C(60%)-3.6C,857.0,False,882.3752403238967,25.37524032389672,2.960938194153643,CV,B_replace_slope_ridge_raw_a1,2
b1c30,1,6C(50%)-3.6C,709.0,False,749.017295086605,40.01729508660503,5.644188305586042,CV,B_replace_slope_ridge_raw_a1,2
b1c31,1,6C(50%)-3.6C,876.0,False,824.9809816684021,-51.01901833159786,5.824088850639026,CV,B_replace_slope_ridge_raw_a1,2
b1c42,1,8C(25%)-3.6C,702.0,False,740.7668680906884,38.76686809068838,5.5223458818644415,CV,B_replace_slope_ridge_raw_a1,2
b1c43,1,8C(25%)-3.6C,651.0,False,745.4098438090741,94.40984380907412,14.502280155003705,CV,B_replace_slope_ridge_raw_a1,2
b1c5,1,4.4C(80%)-4.4C,1074.0,False,1019.6607516080371,-54.33924839196288,5.059520334447195,CV,B_replace_slope_ridge_raw_a1,3
b1c10,1,5.4C(50%)-3C,906.0,True,907.7455724364039,1.7455724364039042,0.19266803933817928,CV,B_replace_slope_ridge_raw_a1,3
b1c11,1,5.4C(50%)-3C,788.0,False,974.9034546029852,186.90345460298522,23.71871251306919,CV,B_replace_slope_ridge_raw_a1,3
b1c24,1,6C(40%)-3C,1017.0,False,866.9453600502087,-150.0546399497913,14.754635196636311,CV,B_replace_slope_ridge_raw_a1,3
b1c25,1,6C(40%)-3C,854.0,False,893.3120247212801,39.31202472128007,4.603281583288064,CV,B_replace_slope_ridge_raw_a1,3
b1c40,1,8C(15%)-3.6C,966.0,False,912.2775616659135,-53.72243833408652,5.561329020091772,CV,B_replace_slope_ridge_raw_a1,3
b1c41,1,8C(15%)-3.6C,1051.0,False,932.505067244715,-118.49493275528505,11.274494077572317,CV,B_replace_slope_ridge_raw_a1,3
b1c12,1,5.4C(50%)-3.6C,902.0,True,879.2718917388133,-22.728108261186662,2.519745926960827,CV,B_replace_slope_ridge_raw_a1,4
b1c13,1,5.4C(50%)-3.6C,897.0,True,911.1799036507804,14.179903650780375,1.5808142308562292,CV,B_replace_slope_ridge_raw_a1,4
b1c26,1,6C(40%)-3.6C,870.0,False,783.6149203404505,-86.38507965954955,9.929319501097648,CV,B_replace_slope_ridge_raw_a1,4
b1c27,1,6C(40%)-3.6C,842.0,False,771.9874563455952,-70.0125436544048,8.315028937577766,CV,B_replace_slope_ridge_raw_a1,4
b1c36,1,7C(40%)-3C,704.0,False,833.5055729214665,129.50557292146652,18.39567797179922,CV,B_replace_slope_ridge_raw_a1,4
b1c37,1,7C(40%)-3C,648.0,False,795.440067574295,147.44006757429497,22.753096847885026,CV,B_replace_slope_ridge_raw_a1,4
b1c8,1,5.4C(40%)-3.6C,879.0,True,910.6243363037794,31.624336303779387,3.5977629469601125,CV,B_replace_slope_ridge_raw_a1,5
b1c9,1,5.4C(40%)-3.6C,1054.0,False,919.4916510590824,-134.50834894091759,12.761702935570929,CV,B_replace_slope_ridge_raw_a1,5
b1c22,1,6C(30%)-3.6C,891.0,True,877.4959716238318,-13.504028376168208,1.5156036336889123,CV,B_replace_slope_ridge_raw_a1,5
b1c23,1,6C(30%)-3.6C,1014.0,False,939.0642716614915,-74.93572833850851,7.390111275987032,CV,B_replace_slope_ridge_raw_a1,5
b1c38,1,7C(40%)-3.6C,617.0,False,585.3677562224125,-31.63224377758752,5.126781811602515,CV,B_replace_slope_ridge_raw_a1,5
b1c39,1,7C(40%)-3.6C,625.0,False,624.1366494879638,-0.8633505120361633,0.13813608192578614,CV,B_replace_slope_ridge_raw_a1,5
b1c3,1,4C(80%)-4C,1226.0,True,1151.4866079314947,-74.51339206850525,6.077764442781832,CV,B_replace_slope_ridge_raw_a10,1
b1c4,1,4C(80%)-4C,1227.0,True,1183.3990605594838,-43.600939440516186,3.5534587971080835,CV,B_replace_slope_ridge_raw_a10,1
b1c20,1,5.4C(80%)-5.4C,534.0,False,578.6433807504295,44.643380750429515,8.360183661129122,CV,B_replace_slope_ridge_raw_a10,1
b1c21,1,5.4C(80%)-5.4C,559.0,False,556.8202808583544,-2.1797191416455917,0.3899318679151327,CV,B_replace_slope_ridge_raw_a10,1
b1c32,1,6C(60%)-3C,731.0,False,714.6579315533819,-16.3420684466181,2.2355770788807248,CV,B_replace_slope_ridge_raw_a10,1
b1c33,1,6C(60%)-3C,757.0,False,704.4937570203324,-52.506242979667604,6.936095505900608,CV,B_replace_slope_ridge_raw_a10,1
b1c44,1,8C(35%)-3.6C,616.0,False,650.2526549072359,34.252654907235865,5.560495926499328,CV,B_replace_slope_ridge_raw_a10,1
b1c45,1,8C(35%)-3.6C,599.0,False,643.533522579226,44.53352257922597,7.434644837934219,CV,B_replace_slope_ridge_raw_a10,1
b1c6,1,4.8C(80%)-4.8C,636.0,False,788.4385287255761,152.43852872557613,23.968322126662915,CV,B_replace_slope_ridge_raw_a10,2
b1c7,1,4.8C(80%)-4.8C,870.0,False,810.097503171648,-59.902496828352014,6.885344463028967,CV,B_replace_slope_ridge_raw_a10,2
b1c16,1,5.4C(60%)-3.6C,862.0,False,892.2442441937103,30.2442441937103,3.508613015511636,CV,B_replace_slope_ridge_raw_a10,2
b1c17,1,5.4C(60%)-3.6C,857.0,False,874.5717380452732,17.57173804527315,2.050377834921021,CV,B_replace_slope_ridge_raw_a10,2
b1c30,1,6C(50%)-3.6C,709.0,False,742.3399723937453,33.339972393745256,4.702393849611461,CV,B_replace_slope_ridge_raw_a10,2
b1c31,1,6C(50%)-3.6C,876.0,False,850.6338351016501,-25.366164898349894,2.895680924469166,CV,B_replace_slope_ridge_raw_a10,2
b1c42,1,8C(25%)-3.6C,702.0,False,772.4037724188768,70.40377241887677,10.029027410096406,CV,B_replace_slope_ridge_raw_a10,2
b1c43,1,8C(25%)-3.6C,651.0,False,768.766421077133,117.76642107713303,18.09008004257036,CV,B_replace_slope_ridge_raw_a10,2
b1c5,1,4.4C(80%)-4.4C,1074.0,False,988.4320680801054,-85.56793191989459,7.967218986954803,CV,B_replace_slope_ridge_raw_a10,3
b1c10,1,5.4C(50%)-3C,906.0,True,901.7195832512119,-4.28041674878807,0.47245217977793275,CV,B_replace_slope_ridge_raw_a10,3
b1c11,1,5.4C(50%)-3C,788.0,False,952.7283432524044,164.72834325240444,20.904612087868585,CV,B_replace_slope_ridge_raw_a10,3
b1c24,1,6C(40%)-3C,1017.0,False,869.5021036021478,-147.49789639785217,14.503234650722927,CV,B_replace_slope_ridge_raw_a10,3
b1c25,1,6C(40%)-3C,854.0,False,876.6164860907909,22.616486090790886,2.6483004790153264,CV,B_replace_slope_ridge_raw_a10,3
b1c40,1,8C(15%)-3.6C,966.0,False,889.3897850369972,-76.61021496300282,7.930664074845012,CV,B_replace_slope_ridge_raw_a10,3
b1c41,1,8C(15%)-3.6C,1051.0,False,914.4006538489186,-136.59934615108136,12.997083363566256,CV,B_replace_slope_ridge_raw_a10,3
b1c12,1,5.4C(50%)-3.6C,902.0,True,864.1632921089142,-37.83670789108578,4.194756972404188,CV,B_replace_slope_ridge_raw_a10,4
b1c13,1,5.4C(50%)-3.6C,897.0,True,900.5201053916613,3.520105391661332,0.3924309243769601,CV,B_replace_slope_ridge_raw_a10,4
b1c26,1,6C(40%)-3.6C,870.0,False,788.8659324927846,-81.13406750721538,9.325754885886825,CV,B_replace_slope_ridge_raw_a10,4
b1c27,1,6C(40%)-3.6C,842.0,False,772.9708571999113,-69.02914280008872,8.198235486946404,CV,B_replace_slope_ridge_raw_a10,4
b1c36,1,7C(40%)-3C,704.0,False,851.0187216080242,147.01872160802418,20.883341137503432,CV,B_replace_slope_ridge_raw_a10,4
b1c37,1,7C(40%)-3C,648.0,False,810.8912607402782,162.8912607402782,25.13754023769725,CV,B_replace_slope_ridge_raw_a10,4
b1c8,1,5.4C(40%)-3.6C,879.0,True,905.9805470924066,26.980547092406596,3.069459282412582,CV,B_replace_slope_ridge_raw_a10,5
b1c9,1,5.4C(40%)-3.6C,1054.0,False,909.6327029632711,-144.36729703672893,13.697087005382253,CV,B_replace_slope_ridge_raw_a10,5
b1c22,1,6C(30%)-3.6C,891.0,True,870.3802749247003,-20.619725075299698,2.3142227918405944,CV,B_replace_slope_ridge_raw_a10,5
b1c23,1,6C(30%)-3.6C,1014.0,False,923.6553096482596,-90.34469035174038,8.909732776305757,CV,B_replace_slope_ridge_raw_a10,5
b1c38,1,7C(40%)-3.6C,617.0,False,643.6807829710926,26.68078297109264,4.324276008280817,CV,B_replace_slope_ridge_raw_a10,5
b1c39,1,7C(40%)-3.6C,625.0,False,674.9612353726609,49.961235372660894,7.993797659625742,CV,B_replace_slope_ridge_raw_a10,5
b1c3,1,4C(80%)-4C,1226.0,True,1333.5995618955703,107.59956189557033,8.77647323781161,CV,B_replace_slope_ridge_log10_a0.1,1
b1c4,1,4C(80%)-4C,1227.0,True,1476.262839870421,249.26283987042098,20.314819875339932,CV,B_replace_slope_ridge_log10_a0.1,1
b1c20,1,5.4C(80%)-5.4C,534.0,False,720.9816308475839,186.98163084758392,35.015286675577514,CV,B_replace_slope_ridge_log10_a0.1,1
b1c21,1,5.4C(80%)-5.4C,559.0,False,623.1345030370167,64.13450303701666,11.473077466371496,CV,B_replace_slope_ridge_log10_a0.1,1
b1c32,1,6C(60%)-3C,731.0,False,686.9210540595458,-44.07894594045422,6.029951565041617,CV,B_replace_slope_ridge_log10_a0.1,1
b1c33,1,6C(60%)-3C,757.0,False,697.430260064066,-59.56973993593397,7.869186253095636,CV,B_replace_slope_ridge_log10_a0.1,1
b1c44,1,8C(35%)-3.6C,616.0,False,619.1264209101219,3.126420910121851,0.507535862032768,CV,B_replace_slope_ridge_log10_a0.1,1
b1c45,1,8C(35%)-3.6C,599.0,False,592.1568455247676,-6.843154475232382,1.1424297955312823,CV,B_replace_slope_ridge_log10_a0.1,1
b1c6,1,4.8C(80%)-4.8C,636.0,False,757.3822424168806,121.38224241688056,19.08525824164789,CV,B_replace_slope_ridge_log10_a0.1,2
b1c7,1,4.8C(80%)-4.8C,870.0,False,778.1234541779661,-91.8765458220339,10.560522508279758,CV,B_replace_slope_ridge_log10_a0.1,2
b1c16,1,5.4C(60%)-3.6C,862.0,False,931.0821632224049,69.08216322240492,8.014172067564376,CV,B_replace_slope_ridge_log10_a0.1,2
b1c17,1,5.4C(60%)-3.6C,857.0,False,865.8437472562912,8.84374725629118,1.0319425036512464,CV,B_replace_slope_ridge_log10_a0.1,2
b1c30,1,6C(50%)-3.6C,709.0,False,746.6988091134822,37.698809113482184,5.317180410928376,CV,B_replace_slope_ridge_log10_a0.1,2
b1c31,1,6C(50%)-3.6C,876.0,False,762.1584286435072,-113.84157135649275,12.995613168549399,CV,B_replace_slope_ridge_log10_a0.1,2
b1c42,1,8C(25%)-3.6C,702.0,False,732.3748787675011,30.37487876750106,4.326905807336333,CV,B_replace_slope_ridge_log10_a0.1,2
b1c43,1,8C(25%)-3.6C,651.0,False,728.4015785336428,77.4015785336428,11.88964339994513,CV,B_replace_slope_ridge_log10_a0.1,2
b1c5,1,4.4C(80%)-4.4C,1074.0,False,1014.117334893061,-59.882665106939044,5.575667142173096,CV,B_replace_slope_ridge_log10_a0.1,3
b1c10,1,5.4C(50%)-3C,906.0,True,900.883866573222,-5.116133426777992,0.5646946387172177,CV,B_replace_slope_ridge_log10_a0.1,3
b1c11,1,5.4C(50%)-3C,788.0,False,975.2072419420382,187.2072419420382,23.75726420584241,CV,B_replace_slope_ridge_log10_a0.1,3
b1c24,1,6C(40%)-3C,1017.0,False,840.9023140758446,-176.09768592415537,17.315406678874666,CV,B_replace_slope_ridge_log10_a0.1,3
b1c25,1,6C(40%)-3C,854.0,False,873.233498169233,19.23349816923303,2.252166061971081,CV,B_replace_slope_ridge_log10_a0.1,3
b1c40,1,8C(15%)-3.6C,966.0,False,886.4013563143352,-79.5986436856648,8.240025226259295,CV,B_replace_slope_ridge_log10_a0.1,3
b1c41,1,8C(15%)-3.6C,1051.0,False,909.378956035828,-141.62104396417203,13.474885248731876,CV,B_replace_slope_ridge_log10_a0.1,3
b1c12,1,5.4C(50%)-3.6C,902.0,True,884.1309999874154,-17.869000012584593,1.9810421299982919,CV,B_replace_slope_ridge_log10_a0.1,4
b1c13,1,5.4C(50%)-3.6C,897.0,True,898.7896622555712,1.7896622555712156,0.19951641645164056,CV,B_replace_slope_ridge_log10_a0.1,4
b1c26,1,6C(40%)-3.6C,870.0,False,768.0421660607863,-101.95783393921374,11.71929125738089,CV,B_replace_slope_ridge_log10_a0.1,4
b1c27,1,6C(40%)-3.6C,842.0,False,766.7013319533478,-75.29866804665221,8.94283468487556,CV,B_replace_slope_ridge_log10_a0.1,4
b1c36,1,7C(40%)-3C,704.0,False,795.876756265351,91.87675626535099,13.050675605873721,CV,B_replace_slope_ridge_log10_a0.1,4
b1c37,1,7C(40%)-3C,648.0,False,767.852386535345,119.85238653534498,18.49573866286188,CV,B_replace_slope_ridge_log10_a0.1,4
b1c8,1,5.4C(40%)-3.6C,879.0,True,892.2385576589352,13.238557658935179,1.506093021494332,CV,B_replace_slope_ridge_log10_a0.1,5
b1c9,1,5.4C(40%)-3.6C,1054.0,False,914.3856907727601,-139.61430922723991,13.246139395373808,CV,B_replace_slope_ridge_log10_a0.1,5
b1c22,1,6C(30%)-3.6C,891.0,True,857.9479471914972,-33.05205280850282,3.7095457697534027,CV,B_replace_slope_ridge_log10_a0.1,5
b1c23,1,6C(30%)-3.6C,1014.0,False,915.5267248515335,-98.47327514846654,9.711368357836937,CV,B_replace_slope_ridge_log10_a0.1,5
b1c38,1,7C(40%)-3.6C,617.0,False,614.1148305570003,-2.885169442999654,0.4676125515396522,CV,B_replace_slope_ridge_log10_a0.1,5
b1c39,1,7C(40%)-3.6C,625.0,False,642.9353051025015,17.935305102501502,2.8696488164002405,CV,B_replace_slope_ridge_log10_a0.1,5
b1c3,1,4C(80%)-4C,1226.0,True,1321.3077093735312,95.30770937353122,7.773875152816576,CV,B_replace_slope_ridge_log10_a1,1
b1c4,1,4C(80%)-4C,1227.0,True,1444.8804809112855,217.88048091128553,17.75717040841773,CV,B_replace_slope_ridge_log10_a1,1
b1c20,1,5.4C(80%)-5.4C,534.0,False,690.5728116085777,156.5728116085777,29.320751237561364,CV,B_replace_slope_ridge_log10_a1,1
b1c21,1,5.4C(80%)-5.4C,559.0,False,610.6144086112502,51.614408611250155,9.23334679986586,CV,B_replace_slope_ridge_log10_a1,1
b1c32,1,6C(60%)-3C,731.0,False,689.0774628502235,-41.92253714977653,5.73495720243181,CV,B_replace_slope_ridge_log10_a1,1
b1c33,1,6C(60%)-3C,757.0,False,695.3979509816877,-61.6020490183123,8.137655088284319,CV,B_replace_slope_ridge_log10_a1,1
b1c44,1,8C(35%)-3.6C,616.0,False,623.1786383291517,7.178638329151681,1.165363365122026,CV,B_replace_slope_ridge_log10_a1,1
b1c45,1,8C(35%)-3.6C,599.0,False,600.1489579560254,1.148957956025356,0.1918126804716788,CV,B_replace_slope_ridge_log10_a1,1
b1c6,1,4.8C(80%)-4.8C,636.0,False,756.9578612378903,120.95786123789026,19.018531641177713,CV,B_replace_slope_ridge_log10_a1,2
b1c7,1,4.8C(80%)-4.8C,870.0,False,777.3079698351867,-92.69203016481333,10.654256340783142,CV,B_replace_slope_ridge_log10_a1,2
b1c16,1,5.4C(60%)-3.6C,862.0,False,916.3566921634019,54.35669216340193,6.305880761415537,CV,B_replace_slope_ridge_log10_a1,2
b1c17,1,5.4C(60%)-3.6C,857.0,False,861.8941338646474,4.894133864647415,0.5710774637861629,CV,B_replace_slope_ridge_log10_a1,2
b1c30,1,6C(50%)-3.6C,709.0,False,740.9313933634793,31.931393363479287,4.503722618262241,CV,B_replace_slope_ridge_log10_a1,2
b1c31,1,6C(50%)-3.6C,876.0,False,771.0986058187316,-104.90139418126842,11.975044997861692,CV,B_replace_slope_ridge_log10_a1,2
b1c42,1,8C(25%)-3.6C,702.0,False,738.4850210576707,36.48502105767068,5.1972964469616345,CV,B_replace_slope_ridge_log10_a1,2
b1c43,1,8C(25%)-3.6C,651.0,False,733.3639204579587,82.36392045795867,12.651907904448336,CV,B_replace_slope_ridge_log10_a1,2
b1c5,1,4.4C(80%)-4.4C,1074.0,False,1009.5603017275521,-64.43969827244791,5.999971906186956,CV,B_replace_slope_ridge_log10_a1,3
b1c10,1,5.4C(50%)-3C,906.0,True,900.3753312450012,-5.6246687549987655,0.6208243658939034,CV,B_replace_slope_ridge_log10_a1,3
b1c11,1,5.4C(50%)-3C,788.0,False,971.3507684537406,183.35076845374056,23.26786401697215,CV,B_replace_slope_ridge_log10_a1,3
b1c24,1,6C(40%)-3C,1017.0,False,842.871269602125,-174.12873039787496,17.12180239900442,CV,B_replace_slope_ridge_log10_a1,3
b1c25,1,6C(40%)-3C,854.0,False,870.1670104376916,16.1670104376916,1.8930925571067447,CV,B_replace_slope_ridge_log10_a1,3
b1c40,1,8C(15%)-3.6C,966.0,False,882.4382600872353,-83.56173991276466,8.650283634861767,CV,B_replace_slope_ridge_log10_a1,3
b1c41,1,8C(15%)-3.6C,1051.0,False,907.0447878628942,-143.95521213710583,13.696975464995798,CV,B_replace_slope_ridge_log10_a1,3
b1c12,1,5.4C(50%)-3.6C,902.0,True,875.3399459945292,-26.660054005470784,2.955660089298313,CV,B_replace_slope_ridge_log10_a1,4
b1c13,1,5.4C(50%)-3.6C,897.0,True,895.5455022756208,-1.4544977243791664,0.16215136280704195,CV,B_replace_slope_ridge_log10_a1,4
b1c26,1,6C(40%)-3.6C,870.0,False,767.9236952995939,-102.07630470040613,11.732908586253577,CV,B_replace_slope_ridge_log10_a1,4
b1c27,1,6C(40%)-3.6C,842.0,False,763.465671604214,-78.53432839578602,9.327117386672924,CV,B_replace_slope_ridge_log10_a1,4
b1c36,1,7C(40%)-3C,704.0,False,804.9281460890465,100.92814608904655,14.336384387648657,CV,B_replace_slope_ridge_log10_a1,4
b1c37,1,7C(40%)-3C,648.0,False,773.8379010362395,125.83790103623949,19.419429172259182,CV,B_replace_slope_ridge_log10_a1,4
b1c8,1,5.4C(40%)-3.6C,879.0,True,892.8603215853452,13.860321585345218,1.576828394237226,CV,B_replace_slope_ridge_log10_a1,5
b1c9,1,5.4C(40%)-3.6C,1054.0,False,912.5656938393246,-141.43430616067542,13.41881462625004,CV,B_replace_slope_ridge_log10_a1,5
b1c22,1,6C(30%)-3.6C,891.0,True,857.3043808431365,-33.69561915686347,3.7817754384807487,CV,B_replace_slope_ridge_log10_a1,5
b1c23,1,6C(30%)-3.6C,1014.0,False,914.4401721498012,-99.55982785019876,9.818523456627098,CV,B_replace_slope_ridge_log10_a1,5
b1c38,1,7C(40%)-3.6C,617.0,False,621.0814478901781,4.081447890178083,0.6614988476787818,CV,B_replace_slope_ridge_log10_a1,5
b1c39,1,7C(40%)-3.6C,625.0,False,649.3222988469114,24.322298846911394,3.891567815505823,CV,B_replace_slope_ridge_log10_a1,5
b1c3,1,4C(80%)-4C,1226.0,True,1215.3710735409427,-10.628926459057311,0.8669597438056534,CV,B_replace_slope_ridge_log10_a10,1
b1c4,1,4C(80%)-4C,1227.0,True,1268.7031009558652,41.70310095586524,3.3987857339743472,CV,B_replace_slope_ridge_log10_a10,1
b1c20,1,5.4C(80%)-5.4C,534.0,False,595.4108014196853,61.4108014196853,11.500150078592753,CV,B_replace_slope_ridge_log10_a10,1
b1c21,1,5.4C(80%)-5.4C,559.0,False,582.1048950330014,23.104895033001412,4.133254925402757,CV,B_replace_slope_ridge_log10_a10,1
b1c32,1,6C(60%)-3C,731.0,False,709.8899804281494,-21.110019571850557,2.887827574808558,CV,B_replace_slope_ridge_log10_a10,1
b1c33,1,6C(60%)-3C,757.0,False,701.2776064027228,-55.72239359727723,7.3609502770511535,CV,B_replace_slope_ridge_log10_a10,1
b1c44,1,8C(35%)-3.6C,616.0,False,652.9790982309478,36.979098230947784,6.003100362166848,CV,B_replace_slope_ridge_log10_a10,1
b1c45,1,8C(35%)-3.6C,599.0,False,648.6571040518425,49.65710405184245,8.290000676434465,CV,B_replace_slope_ridge_log10_a10,1
b1c6,1,4.8C(80%)-4.8C,636.0,False,762.2527716198592,126.25277161985923,19.851064720103654,CV,B_replace_slope_ridge_log10_a10,2
b1c7,1,4.8C(80%)-4.8C,870.0,False,779.890207830997,-90.10979216900296,10.357447375747467,CV,B_replace_slope_ridge_log10_a10,2
b1c16,1,5.4C(60%)-3.6C,862.0,False,870.9176776962931,8.91767769629314,1.0345333754400394,CV,B_replace_slope_ridge_log10_a10,2
b1c17,1,5.4C(60%)-3.6C,857.0,False,851.3471196455488,-5.652880354451213,0.6596126434598848,CV,B_replace_slope_ridge_log10_a10,2
b1c30,1,6C(50%)-3.6C,709.0,False,732.064954787006,23.064954787005945,3.253167106770937,CV,B_replace_slope_ridge_log10_a10,2
b1c31,1,6C(50%)-3.6C,876.0,False,801.8236193145144,-74.17638068548558,8.467623365923012,CV,B_replace_slope_ridge_log10_a10,2
b1c42,1,8C(25%)-3.6C,702.0,False,764.1834763430254,62.183476343025404,8.858045063109032,CV,B_replace_slope_ridge_log10_a10,2
b1c43,1,8C(25%)-3.6C,651.0,False,754.097338108947,103.09733810894704,15.8367646864742,CV,B_replace_slope_ridge_log10_a10,2
b1c5,1,4.4C(80%)-4.4C,1074.0,False,972.6639164942651,-101.3360835057349,9.435389525673642,CV,B_replace_slope_ridge_log10_a10,3
b1c10,1,5.4C(50%)-3C,906.0,True,892.4753244561788,-13.524675543821218,1.4927897951237548,CV,B_replace_slope_ridge_log10_a10,3
b1c11,1,5.4C(50%)-3C,788.0,False,945.4413621993739,157.44136219937388,19.979868299412928,CV,B_replace_slope_ridge_log10_a10,3
b1c24,1,6C(40%)-3C,1017.0,False,850.7358922172464,-166.26410778275363,16.34848650764539,CV,B_replace_slope_ridge_log10_a10,3
b1c25,1,6C(40%)-3C,854.0,False,859.2222743841994,5.222274384199409,0.6115075391334203,CV,B_replace_slope_ridge_log10_a10,3
b1c40,1,8C(15%)-3.6C,966.0,False,867.1301184306678,-98.86988156933216,10.234977388129623,CV,B_replace_slope_ridge_log10_a10,3
b1c41,1,8C(15%)-3.6C,1051.0,False,894.5553022874584,-156.4446977125416,14.885318526407385,CV,B_replace_slope_ridge_log10_a10,3
b1c12,1,5.4C(50%)-3.6C,902.0,True,853.3521823546936,-48.64781764530642,5.393327898592729,CV,B_replace_slope_ridge_log10_a10,4
b1c13,1,5.4C(50%)-3.6C,897.0,True,881.6380274450754,-15.361972554924591,1.712594487728494,CV,B_replace_slope_ridge_log10_a10,4
b1c26,1,6C(40%)-3.6C,870.0,False,772.0252975866449,-97.97470241335509,11.26146004751208,CV,B_replace_slope_ridge_log10_a10,4
b1c27,1,6C(40%)-3.6C,842.0,False,761.8265809454999,-80.17341905450007,9.521783735688844,CV,B_replace_slope_ridge_log10_a10,4
b1c36,1,7C(40%)-3C,704.0,False,825.9179730922567,121.91797309225672,17.317893905150104,CV,B_replace_slope_ridge_log10_a10,4
b1c37,1,7C(40%)-3C,648.0,False,790.9075828455381,142.90758284553806,22.05363932801513,CV,B_replace_slope_ridge_log10_a10,4
b1c8,1,5.4C(40%)-3.6C,879.0,True,887.7802555338716,8.780255533871582,0.9988914145473928,CV,B_replace_slope_ridge_log10_a10,5
b1c9,1,5.4C(40%)-3.6C,1054.0,False,898.9389222510162,-155.06107774898385,14.711677205785945,CV,B_replace_slope_ridge_log10_a10,5
b1c22,1,6C(30%)-3.6C,891.0,True,851.8295000943474,-39.170499905652605,4.39624016898458,CV,B_replace_slope_ridge_log10_a10,5
b1c23,1,6C(30%)-3.6C,1014.0,False,901.4898966134564,-112.51010338654362,11.095670945418503,CV,B_replace_slope_ridge_log10_a10,5
b1c38,1,7C(40%)-3.6C,617.0,False,659.1887924193595,42.188792419359515,6.837729727610943,CV,B_replace_slope_ridge_log10_a10,5
b1c39,1,7C(40%)-3.6C,625.0,False,683.4793221227717,58.47932212277169,9.356691539643471,CV,B_replace_slope_ridge_log10_a10,5
b1c3,1,4C(80%)-4C,1226.0,True,1176.1403820245525,-49.85961797544746,4.066853015941882,CV,B_charge_mean_ridge_raw_a0.1,1
b1c4,1,4C(80%)-4C,1227.0,True,1264.476796142977,37.47679614297704,3.0543436139345586,CV,B_charge_mean_ridge_raw_a0.1,1
b1c20,1,5.4C(80%)-5.4C,534.0,False,734.3280902724697,200.3280902724697,37.514623646529905,CV,B_charge_mean_ridge_raw_a0.1,1
b1c21,1,5.4C(80%)-5.4C,559.0,False,618.4198754749782,59.4198754749782,10.629673609119534,CV,B_charge_mean_ridge_raw_a0.1,1
b1c32,1,6C(60%)-3C,731.0,False,697.5485722084072,-33.45142779159278,4.576118712940189,CV,B_charge_mean_ridge_raw_a0.1,1
b1c33,1,6C(60%)-3C,757.0,False,716.528863212207,-40.47113678779294,5.346253208427073,CV,B_charge_mean_ridge_raw_a0.1,1
b1c44,1,8C(35%)-3.6C,616.0,False,615.4566877791414,-0.5433122208586383,0.08820003585367504,CV,B_charge_mean_ridge_raw_a0.1,1
b1c45,1,8C(35%)-3.6C,599.0,False,580.9806930948018,-18.019306905198164,3.008231536760962,CV,B_charge_mean_ridge_raw_a0.1,1
b1c6,1,4.8C(80%)-4.8C,636.0,False,781.2629197791344,145.26291977913445,22.840081726279003,CV,B_charge_mean_ridge_raw_a0.1,2
b1c7,1,4.8C(80%)-4.8C,870.0,False,806.0114703789895,-63.98852962101046,7.355003404713846,CV,B_charge_mean_ridge_raw_a0.1,2
b1c16,1,5.4C(60%)-3.6C,862.0,False,945.0666436824373,83.0666436824373,9.63650158728971,CV,B_charge_mean_ridge_raw_a0.1,2
b1c17,1,5.4C(60%)-3.6C,857.0,False,884.1935840205391,27.193584020539106,3.173113654672008,CV,B_charge_mean_ridge_raw_a0.1,2
b1c30,1,6C(50%)-3.6C,709.0,False,758.4614125384004,49.461412538400396,6.976221796671424,CV,B_charge_mean_ridge_raw_a0.1,2
b1c31,1,6C(50%)-3.6C,876.0,False,803.6311498044051,-72.36885019559486,8.261284268903522,CV,B_charge_mean_ridge_raw_a0.1,2
b1c42,1,8C(25%)-3.6C,702.0,False,736.4356163849264,34.43561638492645,4.905358459391232,CV,B_charge_mean_ridge_raw_a0.1,2
b1c43,1,8C(25%)-3.6C,651.0,False,738.9650478932492,87.96504789324922,13.512296143356256,CV,B_charge_mean_ridge_raw_a0.1,2
b1c5,1,4.4C(80%)-4.4C,1074.0,False,1095.5872864175578,21.587286417557834,2.009989424353616,CV,B_charge_mean_ridge_raw_a0.1,3
b1c10,1,5.4C(50%)-3C,906.0,True,907.5892710076458,1.5892710076458343,0.17541622600947399,CV,B_charge_mean_ridge_raw_a0.1,3
b1c11,1,5.4C(50%)-3C,788.0,False,978.2816118217347,190.2816118217347,24.14741266773283,CV,B_charge_mean_ridge_raw_a0.1,3
b1c24,1,6C(40%)-3C,1017.0,False,868.9461439971852,-148.05385600281477,14.557901278546193,CV,B_charge_mean_ridge_raw_a0.1,3
b1c25,1,6C(40%)-3C,854.0,False,902.0942199318571,48.09421993185708,5.6316416782034056,CV,B_charge_mean_ridge_raw_a0.1,3
b1c40,1,8C(15%)-3.6C,966.0,False,923.2087602035989,-42.7912397964011,4.429734968571542,CV,B_charge_mean_ridge_raw_a0.1,3
b1c41,1,8C(15%)-3.6C,1051.0,False,940.091111726113,-110.90888827388699,10.55270107268192,CV,B_charge_mean_ridge_raw_a0.1,3
b1c12,1,5.4C(50%)-3.6C,902.0,True,925.1707065784519,23.170706578451927,2.568814476546777,CV,B_charge_mean_ridge_raw_a0.1,4
b1c13,1,5.4C(50%)-3.6C,897.0,True,922.2978723598208,25.297872359820758,2.820275625398078,CV,B_charge_mean_ridge_raw_a0.1,4
b1c26,1,6C(40%)-3.6C,870.0,False,786.0364983152044,-83.96350168479557,9.650977205148918,CV,B_charge_mean_ridge_raw_a0.1,4
b1c27,1,6C(40%)-3.6C,842.0,False,795.1079131024975,-46.89208689750251,5.569131460510987,CV,B_charge_mean_ridge_raw_a0.1,4
b1c36,1,7C(40%)-3C,704.0,False,775.2743707652168,71.27437076521676,10.124200392786472,CV,B_charge_mean_ridge_raw_a0.1,4
b1c37,1,7C(40%)-3C,648.0,False,755.7202575329736,107.72025753297362,16.623496532866298,CV,B_charge_mean_ridge_raw_a0.1,4
b1c8,1,5.4C(40%)-3.6C,879.0,True,903.1955843010577,24.195584301057693,2.7526262003478608,CV,B_charge_mean_ridge_raw_a0.1,5
b1c9,1,5.4C(40%)-3.6C,1054.0,False,918.1422143620231,-135.85778563797692,12.889732982730257,CV,B_charge_mean_ridge_raw_a0.1,5
b1c22,1,6C(30%)-3.6C,891.0,True,873.0209032895738,-17.979096710426234,2.0178559719894764,CV,B_charge_mean_ridge_raw_a0.1,5
b1c23,1,6C(30%)-3.6C,1014.0,False,930.1424173665422,-83.85758263345781,8.269978563457379,CV,B_charge_mean_ridge_raw_a0.1,5
b1c38,1,7C(40%)-3.6C,617.0,False,581.114102748935,-35.88589725106499,5.8161908024416515,CV,B_charge_mean_ridge_raw_a0.1,5
b1c39,1,7C(40%)-3.6C,625.0,False,617.8853480937461,-7.1146519062539255,1.138344305000628,CV,B_charge_mean_ridge_raw_a0.1,5
b1c3,1,4C(80%)-4C,1226.0,True,1167.1824696991719,-58.81753030082814,4.797514706429702,CV,B_charge_mean_ridge_raw_a1,1
b1c4,1,4C(80%)-4C,1227.0,True,1247.7181241636608,20.718124163660832,1.688518676744974,CV,B_charge_mean_ridge_raw_a1,1
b1c20,1,5.4C(80%)-5.4C,534.0,False,699.8412240684305,165.8412240684305,31.056409001578743,CV,B_charge_mean_ridge_raw_a1,1
b1c21,1,5.4C(80%)-5.4C,559.0,False,605.2822651593555,46.28226515935546,8.279474983784517,CV,B_charge_mean_ridge_raw_a1,1
b1c32,1,6C(60%)-3C,731.0,False,700.7814319246493,-30.21856807535073,4.133867041771646,CV,B_charge_mean_ridge_raw_a1,1
b1c33,1,6C(60%)-3C,757.0,False,714.6822257146447,-42.31777428535531,5.590194753679698,CV,B_charge_mean_ridge_raw_a1,1
b1c44,1,8C(35%)-3.6C,616.0,False,619.5259293585482,3.525929358548183,0.5723911296344453,CV,B_charge_mean_ridge_raw_a1,1
b1c45,1,8C(35%)-3.6C,599.0,False,591.7072429230312,-7.292757076968769,1.217488660595788,CV,B_charge_mean_ridge_raw_a1,1
b1c6,1,4.8C(80%)-4.8C,636.0,False,785.2294177056204,149.22941770562045,23.463744922267367,CV,B_charge_mean_ridge_raw_a1,2
b1c7,1,4.8C(80%)-4.8C,870.0,False,810.5647070716914,-59.43529292830863,6.831642865322831,CV,B_charge_mean_ridge_raw_a1,2
b1c16,1,5.4C(60%)-3.6C,862.0,False,942.0542694258659,80.05426942586587,9.287038216457757,CV,B_charge_mean_ridge_raw_a1,2
b1c17,1,5.4C(60%)-3.6C,857.0,False,885.8641359003266,28.864135900326573,3.368043862348492,CV,B_charge_mean_ridge_raw_a1,2
b1c30,1,6C(50%)-3.6C,709.0,False,756.7420669837406,47.74206698374064,6.733718897565676,CV,B_charge_mean_ridge_raw_a1,2
b1c31,1,6C(50%)-3.6C,876.0,False,811.9302285099549,-64.06977149004513,7.313900855027983,CV,B_charge_mean_ridge_raw_a1,2
b1c42,1,8C(25%)-3.6C,702.0,False,743.1916592905287,41.19165929052872,5.86775773369355,CV,B_charge_mean_ridge_raw_a1,2
b1c43,1,8C(25%)-3.6C,651.0,False,741.8614885076848,90.86148850768484,13.957217896725782,CV,B_charge_mean_ridge_raw_a1,2
b1c5,1,4.4C(80%)-4.4C,1074.0,False,1110.1825208486198,36.18252084861979,3.368949799685269,CV,B_charge_mean_ridge_raw_a1,3
b1c10,1,5.4C(50%)-3C,906.0,True,905.6464913378451,-0.3535086621549226,0.03901861613188991,CV,B_charge_mean_ridge_raw_a1,3
b1c11,1,5.4C(50%)-3C,788.0,False,973.2622138237732,185.2622138237732,23.51043322636716,CV,B_charge_mean_ridge_raw_a1,3
b1c24,1,6C(40%)-3C,1017.0,False,868.8279524757129,-148.1720475242871,14.569522863745046,CV,B_charge_mean_ridge_raw_a1,3
b1c25,1,6C(40%)-3C,854.0,False,896.3897444046396,42.3897444046396,4.963670304992927,CV,B_charge_mean_ridge_raw_a1,3
b1c40,1,8C(15%)-3.6C,966.0,False,916.5971551016073,-49.402844898392686,5.114166138549968,CV,B_charge_mean_ridge_raw_a1,3
b1c41,1,8C(15%)-3.6C,1051.0,False,935.7909925429669,-115.20900745703307,10.961846570602575,CV,B_charge_mean_ridge_raw_a1,3
b1c12,1,5.4C(50%)-3.6C,902.0,True,916.1319008863392,14.131900886339167,1.5667295882859387,CV,B_charge_mean_ridge_raw_a1,4
b1c13,1,5.4C(50%)-3.6C,897.0,True,918.7306282276668,21.730628227666784,2.4225895460052156,CV,B_charge_mean_ridge_raw_a1,4
b1c26,1,6C(40%)-3.6C,870.0,False,785.2106367101928,-84.78936328980717,9.745903826414617,CV,B_charge_mean_ridge_raw_a1,4
b1c27,1,6C(40%)-3.6C,842.0,False,790.73312835988,-51.26687164012003,6.088702095026132,CV,B_charge_mean_ridge_raw_a1,4
b1c36,1,7C(40%)-3C,704.0,False,785.0080998876687,81.00809988766866,11.506832370407482,CV,B_charge_mean_ridge_raw_a1,4
b1c37,1,7C(40%)-3C,648.0,False,762.0299533996199,114.0299533996199,17.59721503080554,CV,B_charge_mean_ridge_raw_a1,4
b1c8,1,5.4C(40%)-3.6C,879.0,True,902.4934032001969,23.493403200196894,2.6727421160633553,CV,B_charge_mean_ridge_raw_a1,5
b1c9,1,5.4C(40%)-3.6C,1054.0,False,916.772140976241,-137.22785902375904,13.019720969996113,CV,B_charge_mean_ridge_raw_a1,5
b1c22,1,6C(30%)-3.6C,891.0,True,870.7111939083748,-20.288806091625247,2.2770826140993545,CV,B_charge_mean_ridge_raw_a1,5
b1c23,1,6C(30%)-3.6C,1014.0,False,927.0544018974269,-86.94559810257306,8.574516578163022,CV,B_charge_mean_ridge_raw_a1,5
b1c38,1,7C(40%)-3.6C,617.0,False,592.7610939497764,-24.23890605022359,3.928509894687778,CV,B_charge_mean_ridge_raw_a1,5
b1c39,1,7C(40%)-3.6C,625.0,False,628.5303663107605,3.5303663107605416,0.5648586097216867,CV,B_charge_mean_ridge_raw_a1,5
b1c3,1,4C(80%)-4C,1226.0,True,1107.2068687176259,-118.79313128237413,9.689488685348625,CV,B_charge_mean_ridge_raw_a10,1
b1c4,1,4C(80%)-4C,1227.0,True,1151.797720578998,-75.202279421002,6.128955128036023,CV,B_charge_mean_ridge_raw_a10,1
b1c20,1,5.4C(80%)-5.4C,534.0,False,572.5783011158728,38.57830111587282,7.2244009580286175,CV,B_charge_mean_ridge_raw_a10,1
b1c21,1,5.4C(80%)-5.4C,559.0,False,570.5642711724979,11.56427117249791,2.068742606886925,CV,B_charge_mean_ridge_raw_a10,1
b1c32,1,6C(60%)-3C,731.0,False,724.3576298161897,-6.6423701838102716,0.9086689717934708,CV,B_charge_mean_ridge_raw_a10,1
b1c33,1,6C(60%)-3C,757.0,False,717.2562272902226,-39.74377270977743,5.250168125465975,CV,B_charge_mean_ridge_raw_a10,1
b1c44,1,8C(35%)-3.6C,616.0,False,651.579908588457,35.57990858845699,5.775959186437823,CV,B_charge_mean_ridge_raw_a10,1
b1c45,1,8C(35%)-3.6C,599.0,False,652.5715446247109,53.571544624710896,8.943496598449231,CV,B_charge_mean_ridge_raw_a10,1
b1c6,1,4.8C(80%)-4.8C,636.0,False,800.2514521634827,164.25145216348267,25.825700025704823,CV,B_charge_mean_ridge_raw_a10,2
b1c7,1,4.8C(80%)-4.8C,870.0,False,825.1774785861165,-44.822521413883464,5.152013955618789,CV,B_charge_mean_ridge_raw_a10,2
b1c16,1,5.4C(60%)-3.6C,862.0,False,920.1196640626855,58.1196640626855,6.742420424905511,CV,B_charge_mean_ridge_raw_a10,2
b1c17,1,5.4C(60%)-3.6C,857.0,False,884.4376656791584,27.437665679158386,3.2015945950009783,CV,B_charge_mean_ridge_raw_a10,2
b1c30,1,6C(50%)-3.6C,709.0,False,756.065466777349,47.065466777349,6.63828868509859,CV,B_charge_mean_ridge_raw_a10,2
b1c31,1,6C(50%)-3.6C,876.0,False,838.8612190070759,-37.138780992924126,4.23958687133837,CV,B_charge_mean_ridge_raw_a10,2
b1c42,1,8C(25%)-3.6C,702.0,False,774.756087279356,72.75608727935605,10.364114997059266,CV,B_charge_mean_ridge_raw_a10,2
b1c43,1,8C(25%)-3.6C,651.0,False,760.8985302498961,109.89853024989611,16.881494662042414,CV,B_charge_mean_ridge_raw_a10,2
b1c5,1,4.4C(80%)-4.4C,1074.0,False,1146.6549464315506,72.65494643155057,6.764892591392045,CV,B_charge_mean_ridge_raw_a10,3
b1c10,1,5.4C(50%)-3C,906.0,True,894.7043183540422,-11.295681645957757,1.2467639785825337,CV,B_charge_mean_ridge_raw_a10,3
b1c11,1,5.4C(50%)-3C,788.0,False,945.9906064435593,157.99060644355927,20.04956934562935,CV,B_charge_mean_ridge_raw_a10,3
b1c24,1,6C(40%)-3C,1017.0,False,868.4671500461225,-148.53284995387753,14.604999995464851,CV,B_charge_mean_ridge_raw_a10,3
b1c25,1,6C(40%)-3C,854.0,False,875.7431171004702,21.743117100470158,2.546032447361845,CV,B_charge_mean_ridge_raw_a10,3
b1c40,1,8C(15%)-3.6C,966.0,False,890.5783207155747,-75.4216792844253,7.807627255116491,CV,B_charge_mean_ridge_raw_a10,3
b1c41,1,8C(15%)-3.6C,1051.0,False,915.5315320315584,-135.4684679684416,12.889483155893586,CV,B_charge_mean_ridge_raw_a10,3
b1c12,1,5.4C(50%)-3.6C,902.0,True,882.0688462627269,-19.93115373727312,2.209662276859548,CV,B_charge_mean_ridge_raw_a10,4
b1c13,1,5.4C(50%)-3.6C,897.0,True,900.6304967629342,3.630496762934172,0.40473765473067685,CV,B_charge_mean_ridge_raw_a10,4
b1c26,1,6C(40%)-3.6C,870.0,False,786.3622756210787,-83.63772437892135,9.613531537807052,CV,B_charge_mean_ridge_raw_a10,4
b1c27,1,6C(40%)-3.6C,842.0,False,780.8156338925012,-61.18436610749882,7.266551794239764,CV,B_charge_mean_ridge_raw_a10,4
b1c36,1,7C(40%)-3C,704.0,False,819.7974907124423,115.79749071244225,16.44850720347191,CV,B_charge_mean_ridge_raw_a10,4
b1c37,1,7C(40%)-3C,648.0,False,788.1785483704807,140.1785483704807,21.63249203248159,CV,B_charge_mean_ridge_raw_a10,4
b1c8,1,5.4C(40%)-3.6C,879.0,True,894.1525724725011,15.152572472501106,1.7238421470422192,CV,B_charge_mean_ridge_raw_a10,5
b1c9,1,5.4C(40%)-3.6C,1054.0,False,905.5109396616454,-148.48906033835465,14.088146142158886,CV,B_charge_mean_ridge_raw_a10,5
b1c22,1,6C(30%)-3.6C,891.0,True,859.7339623800461,-31.266037619953863,3.509095131307953,CV,B_charge_mean_ridge_raw_a10,5
b1c23,1,6C(30%)-3.6C,1014.0,False,908.5128092589921,-105.48719074100791,10.403076009961332,CV,B_charge_mean_ridge_raw_a10,5
b1c38,1,7C(40%)-3.6C,617.0,False,651.412442147388,34.41244214738799,5.577381223239545,CV,B_charge_mean_ridge_raw_a10,5
b1c39,1,7C(40%)-3.6C,625.0,False,680.8751076040055,55.87510760400551,8.940017216640882,CV,B_charge_mean_ridge_raw_a10,5
b1c3,1,4C(80%)-4C,1226.0,True,1263.8204000676276,37.82040006762759,3.08486134319964,CV,B_charge_mean_ridge_log10_a0.1,1
b1c4,1,4C(80%)-4C,1227.0,True,1421.0208216529286,194.0208216529286,15.81261790162417,CV,B_charge_mean_ridge_log10_a0.1,1
b1c20,1,5.4C(80%)-5.4C,534.0,False,744.0288501215992,210.02885012159925,39.331245341123456,CV,B_charge_mean_ridge_log10_a0.1,1
b1c21,1,5.4C(80%)-5.4C,559.0,False,638.0221712392905,79.02217123929051,14.136345481089538,CV,B_charge_mean_ridge_log10_a0.1,1
b1c32,1,6C(60%)-3C,731.0,False,695.768486610838,-35.231513389162046,4.819632474577571,CV,B_charge_mean_ridge_log10_a0.1,1
b1c33,1,6C(60%)-3C,757.0,False,714.5228938133152,-42.47710618668475,5.611242560988739,CV,B_charge_mean_ridge_log10_a0.1,1
b1c44,1,8C(35%)-3.6C,616.0,False,625.223263935254,9.223263935253954,1.497283106372395,CV,B_charge_mean_ridge_log10_a0.1,1
b1c45,1,8C(35%)-3.6C,599.0,False,597.2716325018959,-1.7283674981041486,0.28854215327281274,CV,B_charge_mean_ridge_log10_a0.1,1
b1c6,1,4.8C(80%)-4.8C,636.0,False,752.7319948144371,116.73199481443714,18.354087234974394,CV,B_charge_mean_ridge_log10_a0.1,2
b1c7,1,4.8C(80%)-4.8C,870.0,False,773.0022616038946,-96.99773839610543,11.149165332885682,CV,B_charge_mean_ridge_log10_a0.1,2
b1c16,1,5.4C(60%)-3.6C,862.0,False,928.6633843128659,66.6633843128659,7.733571265993724,CV,B_charge_mean_ridge_log10_a0.1,2
b1c17,1,5.4C(60%)-3.6C,857.0,False,856.1212200065538,-0.8787799934461873,0.10254142280585615,CV,B_charge_mean_ridge_log10_a0.1,2
b1c30,1,6C(50%)-3.6C,709.0,False,748.3512739013835,39.35127390138348,5.550250197656344,CV,B_charge_mean_ridge_log10_a0.1,2
b1c31,1,6C(50%)-3.6C,876.0,False,743.5389696793311,-132.4610303206689,15.121122182724761,CV,B_charge_mean_ridge_log10_a0.1,2
b1c42,1,8C(25%)-3.6C,702.0,False,737.0317842902288,35.03178429022876,4.990282662425749,CV,B_charge_mean_ridge_log10_a0.1,2
b1c43,1,8C(25%)-3.6C,651.0,False,729.8102754563433,78.81027545634333,12.106033096212494,CV,B_charge_mean_ridge_log10_a0.1,2
b1c5,1,4.4C(80%)-4.4C,1074.0,False,1062.0069083854016,-11.99309161459837,1.1166751968899786,CV,B_charge_mean_ridge_log10_a0.1,3
b1c10,1,5.4C(50%)-3C,906.0,True,895.2411482686907,-10.758851731309278,1.1875112286213332,CV,B_charge_mean_ridge_log10_a0.1,3
b1c11,1,5.4C(50%)-3C,788.0,False,969.6748007676089,181.67480076760887,23.055177762386915,CV,B_charge_mean_ridge_log10_a0.1,3
b1c24,1,6C(40%)-3C,1017.0,False,845.9938880962693,-171.0061119037307,16.81476026585356,CV,B_charge_mean_ridge_log10_a0.1,3
b1c25,1,6C(40%)-3C,854.0,False,880.4274226375381,26.427422637538143,3.0945459762925225,CV,B_charge_mean_ridge_log10_a0.1,3
b1c40,1,8C(15%)-3.6C,966.0,False,896.7522562482187,-69.24774375178129,7.168503493973217,CV,B_charge_mean_ridge_log10_a0.1,3
b1c41,1,8C(15%)-3.6C,1051.0,False,917.469843643271,-133.53015635672898,12.70505769331389,CV,B_charge_mean_ridge_log10_a0.1,3
b1c12,1,5.4C(50%)-3.6C,902.0,True,918.5931866206882,16.593186620688243,1.839599403623974,CV,B_charge_mean_ridge_log10_a0.1,4
b1c13,1,5.4C(50%)-3.6C,897.0,True,903.5970490508885,6.597049050888472,0.7354569733431965,CV,B_charge_mean_ridge_log10_a0.1,4
b1c26,1,6C(40%)-3.6C,870.0,False,768.9279104335393,-101.0720895664607,11.617481559363299,CV,B_charge_mean_ridge_log10_a0.1,4
b1c27,1,6C(40%)-3.6C,842.0,False,782.5903570563181,-59.40964294368189,7.055777071696186,CV,B_charge_mean_ridge_log10_a0.1,4
b1c36,1,7C(40%)-3C,704.0,False,756.407064917322,52.40706491732203,7.444185357574153,CV,B_charge_mean_ridge_log10_a0.1,4
b1c37,1,7C(40%)-3C,648.0,False,742.5613275934595,94.56132759345951,14.592797468126466,CV,B_charge_mean_ridge_log10_a0.1,4
b1c8,1,5.4C(40%)-3.6C,879.0,True,883.853202908794,4.853202908793946,0.552127748440722,CV,B_charge_mean_ridge_log10_a0.1,5
b1c9,1,5.4C(40%)-3.6C,1054.0,False,910.7844312304841,-143.21556876951593,13.587814873768114,CV,B_charge_mean_ridge_log10_a0.1,5
b1c22,1,6C(30%)-3.6C,891.0,True,853.5197687730392,-37.48023122696077,4.206535491241388,CV,B_charge_mean_ridge_log10_a0.1,5
b1c23,1,6C(30%)-3.6C,1014.0,False,905.9759434062777,-108.02405659372232,10.653260019104765,CV,B_charge_mean_ridge_log10_a0.1,5
b1c38,1,7C(40%)-3.6C,617.0,False,617.1605998467925,0.16059984679247918,0.026029148588732447,CV,B_charge_mean_ridge_log10_a0.1,5
b1c39,1,7C(40%)-3.6C,625.0,False,644.7472672887524,19.74726728875237,3.1595627662003793,CV,B_charge_mean_ridge_log10_a0.1,5
b1c3,1,4C(80%)-4C,1226.0,True,1249.1137959934808,23.113795993480835,1.8853014676574904,CV,B_charge_mean_ridge_log10_a1,1
b1c4,1,4C(80%)-4C,1227.0,True,1389.894467787188,162.89446778718798,13.275832745492092,CV,B_charge_mean_ridge_log10_a1,1
b1c20,1,5.4C(80%)-5.4C,534.0,False,710.6587237515871,176.6587237515871,33.08215800591518,CV,B_charge_mean_ridge_log10_a1,1
b1c21,1,5.4C(80%)-5.4C,559.0,False,626.7744957749587,67.77449577495872,12.12423895795326,CV,B_charge_mean_ridge_log10_a1,1
b1c32,1,6C(60%)-3C,731.0,False,698.5720295846538,-32.42797041534618,4.436110863932446,CV,B_charge_mean_ridge_log10_a1,1
b1c33,1,6C(60%)-3C,757.0,False,712.5921162428469,-44.40788375715306,5.866299043217048,CV,B_charge_mean_ridge_log10_a1,1
b1c44,1,8C(35%)-3.6C,616.0,False,628.5476954517123,12.547695451712343,2.0369635473559,CV,B_charge_mean_ridge_log10_a1,1
b1c45,1,8C(35%)-3.6C,599.0,False,605.7285599798254,6.728559979825377,1.1232988280175922,CV,B_charge_mean_ridge_log10_a1,1
b1c6,1,4.8C(80%)-4.8C,636.0,False,756.7504685881481,120.75046858814812,18.985922733985554,CV,B_charge_mean_ridge_log10_a1,2
b1c7,1,4.8C(80%)-4.8C,870.0,False,777.792807542935,-92.20719245706505,10.598527868628166,CV,B_charge_mean_ridge_log10_a1,2
b1c16,1,5.4C(60%)-3.6C,862.0,False,925.5426077713105,63.542607771310486,7.37153222404994,CV,B_charge_mean_ridge_log10_a1,2
b1c17,1,5.4C(60%)-3.6C,857.0,False,858.2641426157256,1.264142615725632,0.14750788981629312,CV,B_charge_mean_ridge_log10_a1,2
b1c30,1,6C(50%)-3.6C,709.0,False,746.5963194720493,37.596319472049345,5.302724890274943,CV,B_charge_mean_ridge_log10_a1,2
b1c31,1,6C(50%)-3.6C,876.0,False,752.468680799202,-123.53131920079795,14.101748767214378,CV,B_charge_mean_ridge_log10_a1,2
b1c42,1,8C(25%)-3.6C,702.0,False,742.4599918062058,40.459991806205835,5.763531596325618,CV,B_charge_mean_ridge_log10_a1,2
b1c43,1,8C(25%)-3.6C,651.0,False,732.084324137349,81.08432413734897,12.455349329853913,CV,B_charge_mean_ridge_log10_a1,2
b1c5,1,4.4C(80%)-4.4C,1074.0,False,1085.1208939813944,11.120893981394374,1.0354649889566456,CV,B_charge_mean_ridge_log10_a1,3
b1c10,1,5.4C(50%)-3C,906.0,True,893.4065285974862,-12.593471402513842,1.390007881072168,CV,B_charge_mean_ridge_log10_a1,3
b1c11,1,5.4C(50%)-3C,788.0,False,964.3266229914645,176.32662299146455,22.37647499891682,CV,B_charge_mean_ridge_log10_a1,3
b1c24,1,6C(40%)-3C,1017.0,False,846.865724095621,-170.13427590437902,16.72903401222999,CV,B_charge_mean_ridge_log10_a1,3
b1c25,1,6C(40%)-3C,854.0,False,875.7643283734587,21.76432837345874,2.548516202981117,CV,B_charge_mean_ridge_log10_a1,3
b1c40,1,8C(15%)-3.6C,966.0,False,891.2862734742242,-74.71372652577577,7.734340220059603,CV,B_charge_mean_ridge_log10_a1,3
b1c41,1,8C(15%)-3.6C,1051.0,False,914.0431034624487,-136.9568965375513,13.031103381308402,CV,B_charge_mean_ridge_log10_a1,3
b1c12,1,5.4C(50%)-3.6C,902.0,True,908.6497059461573,6.649705946157269,0.7372179541194311,CV,B_charge_mean_ridge_log10_a1,4
b1c13,1,5.4C(50%)-3.6C,897.0,True,899.7197886562233,2.7197886562232725,0.3032094377060504,CV,B_charge_mean_ridge_log10_a1,4
b1c26,1,6C(40%)-3.6C,870.0,False,768.195270348376,-101.80472965162403,11.701693063405061,CV,B_charge_mean_ridge_log10_a1,4
b1c27,1,6C(40%)-3.6C,842.0,False,778.5484399325494,-63.4515600674506,7.5358147348516145,CV,B_charge_mean_ridge_log10_a1,4
b1c36,1,7C(40%)-3C,704.0,False,764.9298961414327,60.929896141432664,8.65481479281714,CV,B_charge_mean_ridge_log10_a1,4
b1c37,1,7C(40%)-3C,648.0,False,747.9660624812086,99.96606248120861,15.426861494013675,CV,B_charge_mean_ridge_log10_a1,4
b1c8,1,5.4C(40%)-3.6C,879.0,True,883.065644906852,4.065644906851958,0.46253070612650254,CV,B_charge_mean_ridge_log10_a1,5
b1c9,1,5.4C(40%)-3.6C,1054.0,False,908.9012830951638,-145.09871690483624,13.766481679775733,CV,B_charge_mean_ridge_log10_a1,5
b1c22,1,6C(30%)-3.6C,891.0,True,851.436887925249,-39.56311207475096,4.440304385493935,CV,B_charge_mean_ridge_log10_a1,5
b1c23,1,6C(30%)-3.6C,1014.0,False,903.1035079005412,-110.89649209945878,10.936537682392384,CV,B_charge_mean_ridge_log10_a1,5
b1c38,1,7C(40%)-3.6C,617.0,False,624.6540449284882,7.654044928488247,1.2405259203384518,CV,B_charge_mean_ridge_log10_a1,5
b1c39,1,7C(40%)-3.6C,625.0,False,651.8061175368057,26.806117536805687,4.28897880588891,CV,B_charge_mean_ridge_log10_a1,5
b1c3,1,4C(80%)-4C,1226.0,True,1156.1129973853956,-69.8870026146044,5.700408043605579,CV,B_charge_mean_ridge_log10_a10,1
b1c4,1,4C(80%)-4C,1227.0,True,1226.0349852149557,-0.9650147850443318,0.07864831173955435,CV,B_charge_mean_ridge_log10_a10,1
b1c20,1,5.4C(80%)-5.4C,534.0,False,599.447749668021,65.44774966802095,12.256132896633137,CV,B_charge_mean_ridge_log10_a10,1
b1c21,1,5.4C(80%)-5.4C,559.0,False,596.6995810201712,37.699581020171195,6.744111094842791,CV,B_charge_mean_ridge_log10_a10,1
b1c32,1,6C(60%)-3C,731.0,False,719.1690924089128,-11.830907591087225,1.6184552108190458,CV,B_charge_mean_ridge_log10_a10,1
b1c33,1,6C(60%)-3C,757.0,False,713.5275332740271,-43.472466725972936,5.742730082691272,CV,B_charge_mean_ridge_log10_a10,1
b1c44,1,8C(35%)-3.6C,616.0,False,654.9876433290239,38.987643329023854,6.329162878088288,CV,B_charge_mean_ridge_log10_a10,1
b1c45,1,8C(35%)-3.6C,599.0,False,655.4176446887457,56.41764468874567,9.418638512311464,CV,B_charge_mean_ridge_log10_a10,1
b1c6,1,4.8C(80%)-4.8C,636.0,False,773.2399785821843,137.23997858218434,21.57861298462018,CV,B_charge_mean_ridge_log10_a10,2
b1c7,1,4.8C(80%)-4.8C,870.0,False,795.1011295424639,-74.89887045753608,8.609065569831733,CV,B_charge_mean_ridge_log10_a10,2
b1c16,1,5.4C(60%)-3.6C,862.0,False,902.201172247306,40.201172247305976,4.663709077413687,CV,B_charge_mean_ridge_log10_a10,2
b1c17,1,5.4C(60%)-3.6C,857.0,False,859.1010219616488,2.1010219616488257,0.24516008887384197,CV,B_charge_mean_ridge_log10_a10,2
b1c30,1,6C(50%)-3.6C,709.0,False,744.3219437197963,35.32194371979631,4.981938465415558,CV,B_charge_mean_ridge_log10_a10,2
b1c31,1,6C(50%)-3.6C,876.0,False,787.7719019045236,-88.22809809547641,10.071700695830641,CV,B_charge_mean_ridge_log10_a10,2
b1c42,1,8C(25%)-3.6C,702.0,False,767.0579825265005,65.0579825265005,9.267518878418873,CV,B_charge_mean_ridge_log10_a10,2
b1c43,1,8C(25%)-3.6C,651.0,False,747.3269844002216,96.32698440022159,14.796771797269063,CV,B_charge_mean_ridge_log10_a10,2
b1c5,1,4.4C(80%)-4.4C,1074.0,False,1157.9986648875242,83.99866488752423,7.821104738130748,CV,B_charge_mean_ridge_log10_a10,3
b1c10,1,5.4C(50%)-3C,906.0,True,881.8287861600925,-24.171213839907523,2.667904397340786,CV,B_charge_mean_ridge_log10_a10,3
b1c11,1,5.4C(50%)-3C,788.0,False,934.5688550730015,146.5688550730015,18.60010851180222,CV,B_charge_mean_ridge_log10_a10,3
b1c24,1,6C(40%)-3C,1017.0,False,850.3242548528882,-166.6757451471118,16.388962158024757,CV,B_charge_mean_ridge_log10_a10,3
b1c25,1,6C(40%)-3C,854.0,False,859.0263633349535,5.026363334953544,0.5885671352404618,CV,B_charge_mean_ridge_log10_a10,3
b1c40,1,8C(15%)-3.6C,966.0,False,870.2356031766865,-95.76439682331352,9.913498635953781,CV,B_charge_mean_ridge_log10_a10,3
b1c41,1,8C(15%)-3.6C,1051.0,False,897.249572698253,-153.75042730174698,14.628965490175736,CV,B_charge_mean_ridge_log10_a10,3
b1c12,1,5.4C(50%)-3.6C,902.0,True,870.2473039260519,-31.752696073948073,3.5202545536527796,CV,B_charge_mean_ridge_log10_a10,4
b1c13,1,5.4C(50%)-3.6C,897.0,True,880.1361736169763,-16.863826383023707,1.8800252377952849,CV,B_charge_mean_ridge_log10_a10,4
b1c26,1,6C(40%)-3.6C,870.0,False,769.0353608474841,-100.96463915251593,11.605130937070797,CV,B_charge_mean_ridge_log10_a10,4
b1c27,1,6C(40%)-3.6C,842.0,False,768.401759499662,-73.59824050033797,8.740883669873869,CV,B_charge_mean_ridge_log10_a10,4
b1c36,1,7C(40%)-3C,704.0,False,796.8075290482334,92.80752904823339,13.182887648896788,CV,B_charge_mean_ridge_log10_a10,4
b1c37,1,7C(40%)-3C,648.0,False,770.8723957471321,122.87239574713215,18.961789467150023,CV,B_charge_mean_ridge_log10_a10,4
b1c8,1,5.4C(40%)-3.6C,879.0,True,874.3689814491869,-4.63101855081311,0.5268508021402855,CV,B_charge_mean_ridge_log10_a10,5
b1c9,1,5.4C(40%)-3.6C,1054.0,False,894.2345899577656,-159.7654100422344,15.15800854290649,CV,B_charge_mean_ridge_log10_a10,5
b1c22,1,6C(30%)-3.6C,891.0,True,841.2592212740916,-49.7407787259084,5.582578981583435,CV,B_charge_mean_ridge_log10_a10,5
b1c23,1,6C(30%)-3.6C,1014.0,False,885.8525748678443,-128.14742513215572,12.637813129403916,CV,B_charge_mean_ridge_log10_a10,5
b1c38,1,7C(40%)-3.6C,617.0,False,663.9800853120857,46.98008531208575,7.614276387696231,CV,B_charge_mean_ridge_log10_a10,5
b1c39,1,7C(40%)-3.6C,625.0,False,687.6789669634845,62.67896696348453,10.028634714157524,CV,B_charge_mean_ridge_log10_a10,5
b1c3,1,4C(80%)-4C,1226.0,True,1188.25707900027,-37.742920999729904,3.0785416802389807,CV,B_no_charge_ridge_raw_a0.1,1
b1c4,1,4C(80%)-4C,1227.0,True,1286.8036600680705,59.803660068070485,4.873973925678117,CV,B_no_charge_ridge_raw_a0.1,1
b1c20,1,5.4C(80%)-5.4C,534.0,False,768.9938477148916,234.99384771489156,44.00633852338793,CV,B_no_charge_ridge_raw_a0.1,1
b1c21,1,5.4C(80%)-5.4C,559.0,False,643.9801064897982,84.98010648979823,15.202165740572134,CV,B_no_charge_ridge_raw_a0.1,1
b1c32,1,6C(60%)-3C,731.0,False,706.6513673545435,-24.34863264545652,3.3308662989680595,CV,B_no_charge_ridge_raw_a0.1,1
b1c33,1,6C(60%)-3C,757.0,False,727.9227630188368,-29.077236981163196,3.8411145285552437,CV,B_no_charge_ridge_raw_a0.1,1
b1c44,1,8C(35%)-3.6C,616.0,False,612.7501555617073,-3.249844438292712,0.5275721490734921,CV,B_no_charge_ridge_raw_a0.1,1
b1c45,1,8C(35%)-3.6C,599.0,False,575.4581895674792,-23.541810432520833,3.930185381055231,CV,B_no_charge_ridge_raw_a0.1,1
b1c6,1,4.8C(80%)-4.8C,636.0,False,799.9260706161733,163.92607061617332,25.7745394050587,CV,B_no_charge_ridge_raw_a0.1,2
b1c7,1,4.8C(80%)-4.8C,870.0,False,828.1525625247273,-41.84743747527273,4.810050284514107,CV,B_no_charge_ridge_raw_a0.1,2
b1c16,1,5.4C(60%)-3.6C,862.0,False,975.5463617412132,113.54636174121322,13.172431756521256,CV,B_no_charge_ridge_raw_a0.1,2
b1c17,1,5.4C(60%)-3.6C,857.0,False,911.4508012993655,54.45080129936548,6.353652426997139,CV,B_no_charge_ridge_raw_a0.1,2
b1c30,1,6C(50%)-3.6C,709.0,False,767.8283053694415,58.82830536944152,8.29736323969556,CV,B_no_charge_ridge_raw_a0.1,2
b1c31,1,6C(50%)-3.6C,876.0,False,825.7062637568656,-50.29373624313439,5.741294091682008,CV,B_no_charge_ridge_raw_a0.1,2
b1c42,1,8C(25%)-3.6C,702.0,False,731.6259407664459,29.625940766445865,4.220219482399696,CV,B_no_charge_ridge_raw_a0.1,2
b1c43,1,8C(25%)-3.6C,651.0,False,729.5177641114576,78.51776411145761,12.061100477950477,CV,B_no_charge_ridge_raw_a0.1,2
b1c5,1,4.4C(80%)-4.4C,1074.0,False,1027.778513777896,-46.22148622210398,4.303676556992921,CV,B_no_charge_ridge_raw_a0.1,3
b1c10,1,5.4C(50%)-3C,906.0,True,898.1391224888469,-7.860877511153149,0.8676465244098397,CV,B_no_charge_ridge_raw_a0.1,3
b1c11,1,5.4C(50%)-3C,788.0,False,970.8416502359706,182.84165023597063,23.203255106087646,CV,B_no_charge_ridge_raw_a0.1,3
b1c24,1,6C(40%)-3C,1017.0,False,849.0083854381954,-167.99161456180457,16.51834951443506,CV,B_no_charge_ridge_raw_a0.1,3
b1c25,1,6C(40%)-3C,854.0,False,883.0778800593514,29.0778800593514,3.40490398821445,CV,B_no_charge_ridge_raw_a0.1,3
b1c40,1,8C(15%)-3.6C,966.0,False,904.3708655362417,-61.629134463758305,6.37982758423999,CV,B_no_charge_ridge_raw_a0.1,3
b1c41,1,8C(15%)-3.6C,1051.0,False,922.7383836132412,-128.26161638675876,12.203769399311014,CV,B_no_charge_ridge_raw_a0.1,3
b1c12,1,5.4C(50%)-3.6C,902.0,True,954.405013310378,52.40501331037797,5.809868437957646,CV,B_no_charge_ridge_raw_a0.1,4
b1c13,1,5.4C(50%)-3.6C,897.0,True,942.4585975011441,45.45859750114414,5.067848104921309,CV,B_no_charge_ridge_raw_a0.1,4
b1c26,1,6C(40%)-3.6C,870.0,False,787.6039049728795,-82.39609502712051,9.470815520358679,CV,B_no_charge_ridge_raw_a0.1,4
b1c27,1,6C(40%)-3.6C,842.0,False,802.5509624682464,-39.44903753175356,4.685158851752204,CV,B_no_charge_ridge_raw_a0.1,4
b1c36,1,7C(40%)-3C,704.0,False,748.4986819828068,44.49868198280683,6.320835508921424,CV,B_no_charge_ridge_raw_a0.1,4
b1c37,1,7C(40%)-3C,648.0,False,730.7957176627202,82.79571766272022,12.777116923259294,CV,B_no_charge_ridge_raw_a0.1,4
b1c8,1,5.4C(40%)-3.6C,879.0,True,905.8968812550024,26.896881255002427,3.0599409846419143,CV,B_no_charge_ridge_raw_a0.1,5
b1c9,1,5.4C(40%)-3.6C,1054.0,False,925.421741039684,-128.57825896031602,12.19907580268653,CV,B_no_charge_ridge_raw_a0.1,5
b1c22,1,6C(30%)-3.6C,891.0,True,866.9476876824797,-24.052312317520318,2.6994738852435822,CV,B_no_charge_ridge_raw_a0.1,5
b1c23,1,6C(30%)-3.6C,1014.0,False,928.348913380823,-85.65108661917702,8.446852723784716,CV,B_no_charge_ridge_raw_a0.1,5
b1c38,1,7C(40%)-3.6C,617.0,False,580.8394186929474,-36.16058130705255,5.860710098387772,CV,B_no_charge_ridge_raw_a0.1,5
b1c39,1,7C(40%)-3.6C,625.0,False,621.2730741892937,-3.726925810706348,0.5963081297130157,CV,B_no_charge_ridge_raw_a0.1,5
b1c3,1,4C(80%)-4C,1226.0,True,1179.1617173367722,-46.8382826632278,3.8204145728570804,CV,B_no_charge_ridge_raw_a1,1
b1c4,1,4C(80%)-4C,1227.0,True,1269.6548130591787,42.65481305917865,3.476349882573647,CV,B_no_charge_ridge_raw_a1,1
b1c20,1,5.4C(80%)-5.4C,534.0,False,733.0585504537095,199.05855045370947,37.27688210743623,CV,B_no_charge_ridge_raw_a1,1
b1c21,1,5.4C(80%)-5.4C,559.0,False,631.0522516908894,72.05225169088942,12.88949046348648,CV,B_no_charge_ridge_raw_a1,1
b1c32,1,6C(60%)-3C,731.0,False,710.7890644641966,-20.2109355358034,2.764833862627004,CV,B_no_charge_ridge_raw_a1,1
b1c33,1,6C(60%)-3C,757.0,False,726.5667899058809,-30.43321009411909,4.020239114150474,CV,B_no_charge_ridge_raw_a1,1
b1c44,1,8C(35%)-3.6C,616.0,False,617.1141551894075,1.1141551894074837,0.18086934892978632,CV,B_no_charge_ridge_raw_a1,1
b1c45,1,8C(35%)-3.6C,599.0,False,586.9928267852371,-12.007173214762929,2.004536429843561,CV,B_no_charge_ridge_raw_a1,1
b1c6,1,4.8C(80%)-4.8C,636.0,False,806.1231423149457,170.12314231494565,26.748921747632963,CV,B_no_charge_ridge_raw_a1,2
b1c7,1,4.8C(80%)-4.8C,870.0,False,835.2811309274689,-34.718869072531106,3.9906746060380582,CV,B_no_charge_ridge_raw_a1,2
b1c16,1,5.4C(60%)-3.6C,862.0,False,975.9704179645839,113.97041796458393,13.221626213988854,CV,B_no_charge_ridge_raw_a1,2
b1c17,1,5.4C(60%)-3.6C,857.0,False,916.1948688802624,59.19486888026245,6.9072192392371585,CV,B_no_charge_ridge_raw_a1,2
b1c30,1,6C(50%)-3.6C,709.0,False,767.4155629268308,58.41556292683083,8.23914850872085,CV,B_no_charge_ridge_raw_a1,2
b1c31,1,6C(50%)-3.6C,876.0,False,836.5462491038085,-39.453750896191536,4.503852842030998,CV,B_no_charge_ridge_raw_a1,2
b1c42,1,8C(25%)-3.6C,702.0,False,737.8214864758912,35.82148647589122,5.102775851266555,CV,B_no_charge_ridge_raw_a1,2
b1c43,1,8C(25%)-3.6C,651.0,False,731.4394774606216,80.43947746062156,12.356294540802084,CV,B_no_charge_ridge_raw_a1,2
b1c5,1,4.4C(80%)-4.4C,1074.0,False,1026.6369754457583,-47.36302455424175,4.40996504229439,CV,B_no_charge_ridge_raw_a1,3
b1c10,1,5.4C(50%)-3C,906.0,True,893.7517138406827,-12.248286159317331,1.351907964604562,CV,B_no_charge_ridge_raw_a1,3
b1c11,1,5.4C(50%)-3C,788.0,False,963.7999770195064,175.7999770195064,22.309641753744465,CV,B_no_charge_ridge_raw_a1,3
b1c24,1,6C(40%)-3C,1017.0,False,844.0816673825152,-172.9183326174848,17.002785901424268,CV,B_no_charge_ridge_raw_a1,3
b1c25,1,6C(40%)-3C,854.0,False,872.6521602269778,18.6521602269778,2.184093703393185,CV,B_no_charge_ridge_raw_a1,3
b1c40,1,8C(15%)-3.6C,966.0,False,893.113105771112,-72.88689422888797,7.545227145847616,CV,B_no_charge_ridge_raw_a1,3
b1c41,1,8C(15%)-3.6C,1051.0,False,914.1612041878648,-136.83879581213523,13.019866395065199,CV,B_no_charge_ridge_raw_a1,3
b1c12,1,5.4C(50%)-3.6C,902.0,True,946.5315158517437,44.531515851743734,4.936975149860724,CV,B_no_charge_ridge_raw_a1,4
b1c13,1,5.4C(50%)-3.6C,897.0,True,940.3124287677905,43.31242876779049,4.828587376565272,CV,B_no_charge_ridge_raw_a1,4
b1c26,1,6C(40%)-3.6C,870.0,False,786.7255075249316,-83.27449247506843,9.571780744260739,CV,B_no_charge_ridge_raw_a1,4
b1c27,1,6C(40%)-3.6C,842.0,False,797.9899574022938,-44.01004259770616,5.2268459142168835,CV,B_no_charge_ridge_raw_a1,4
b1c36,1,7C(40%)-3C,704.0,False,757.239372081943,53.239372081942975,7.562410807094172,CV,B_no_charge_ridge_raw_a1,4
b1c37,1,7C(40%)-3C,648.0,False,735.6181596959779,87.61815969597785,13.521320940737322,CV,B_no_charge_ridge_raw_a1,4
b1c8,1,5.4C(40%)-3.6C,879.0,True,905.2570985042286,26.257098504228566,2.9871556887632043,CV,B_no_charge_ridge_raw_a1,5
b1c9,1,5.4C(40%)-3.6C,1054.0,False,924.249910360695,-129.75008963930497,12.31025518399478,CV,B_no_charge_ridge_raw_a1,5
b1c22,1,6C(30%)-3.6C,891.0,True,864.1176626384506,-26.88233736154939,3.0170973469752402,CV,B_no_charge_ridge_raw_a1,5
b1c23,1,6C(30%)-3.6C,1014.0,False,924.9703760379386,-89.02962396206135,8.780041810854176,CV,B_no_charge_ridge_raw_a1,5
b1c38,1,7C(40%)-3.6C,617.0,False,593.0779163708895,-23.92208362911049,3.8771610419952167,CV,B_no_charge_ridge_raw_a1,5
b1c39,1,7C(40%)-3.6C,625.0,False,632.6475351393256,7.647535139325555,1.2236056222920888,CV,B_no_charge_ridge_raw_a1,5
b1c3,1,4C(80%)-4C,1226.0,True,1114.0471967755789,-111.95280322442113,9.13155001830515,CV,B_no_charge_ridge_raw_a10,1
b1c4,1,4C(80%)-4C,1227.0,True,1165.1000039675832,-61.899996032416766,5.044824452519704,CV,B_no_charge_ridge_raw_a10,1
b1c20,1,5.4C(80%)-5.4C,534.0,False,595.3638338696055,61.363833869605514,11.491354657229497,CV,B_no_charge_ridge_raw_a10,1
b1c21,1,5.4C(80%)-5.4C,559.0,False,595.5749138441508,36.57491384415084,6.542918397880294,CV,B_no_charge_ridge_raw_a10,1
b1c32,1,6C(60%)-3C,731.0,False,738.3679639926479,7.367963992647901,1.0079294107589467,CV,B_no_charge_ridge_raw_a10,1
b1c33,1,6C(60%)-3C,757.0,False,730.7549495407936,-26.245050459206368,3.466981566605861,CV,B_no_charge_ridge_raw_a10,1
b1c44,1,8C(35%)-3.6C,616.0,False,652.9237999655644,36.9237999655644,5.994123371033182,CV,B_no_charge_ridge_raw_a10,1
b1c45,1,8C(35%)-3.6C,599.0,False,654.5836807983609,55.58368079836089,9.27941248720549,CV,B_no_charge_ridge_raw_a10,1
b1c6,1,4.8C(80%)-4.8C,636.0,False,830.0124555813625,194.01245558136247,30.505103078830576,CV,B_no_charge_ridge_raw_a10,2
b1c7,1,4.8C(80%)-4.8C,870.0,False,859.5614671019356,-10.438532898064409,1.1998313675936103,CV,B_no_charge_ridge_raw_a10,2
b1c16,1,5.4C(60%)-3.6C,862.0,False,965.5071621381098,103.50716213810983,12.007791431335248,CV,B_no_charge_ridge_raw_a10,2
b1c17,1,5.4C(60%)-3.6C,857.0,False,925.2954263689782,68.29542636897816,7.969127931035958,CV,B_no_charge_ridge_raw_a10,2
b1c30,1,6C(50%)-3.6C,709.0,False,773.202851031475,64.202851031475,9.055409172281383,CV,B_no_charge_ridge_raw_a10,2
b1c31,1,6C(50%)-3.6C,876.0,False,872.9532381038916,-3.0467618961083645,0.34780386941876307,CV,B_no_charge_ridge_raw_a10,2
b1c42,1,8C(25%)-3.6C,702.0,False,767.8193392430201,65.81933924302007,9.37597425114246,CV,B_no_charge_ridge_raw_a10,2
b1c43,1,8C(25%)-3.6C,651.0,False,748.1383882654245,97.13838826542451,14.92141140789931,CV,B_no_charge_ridge_raw_a10,2
b1c5,1,4.4C(80%)-4.4C,1074.0,False,1002.4371165692471,-71.56288343075289,6.663210747742355,CV,B_no_charge_ridge_raw_a10,3
b1c10,1,5.4C(50%)-3C,906.0,True,871.3410199922363,-34.65898000776372,3.8254944820931254,CV,B_no_charge_ridge_raw_a10,3
b1c11,1,5.4C(50%)-3C,788.0,False,926.2836401463686,138.2836401463686,17.548685297762514,CV,B_no_charge_ridge_raw_a10,3
b1c24,1,6C(40%)-3C,1017.0,False,824.1902391261964,-192.8097608738036,18.95867855199642,CV,B_no_charge_ridge_raw_a10,3
b1c25,1,6C(40%)-3C,854.0,False,832.2022258707553,-21.797774129244658,2.552432567827243,CV,B_no_charge_ridge_raw_a10,3
b1c40,1,8C(15%)-3.6C,966.0,False,847.898272707289,-118.10172729271096,12.225851686616043,CV,B_no_charge_ridge_raw_a10,3
b1c41,1,8C(15%)-3.6C,1051.0,False,875.9100412239794,-175.08995877602058,16.659368104283594,CV,B_no_charge_ridge_raw_a10,3
b1c12,1,5.4C(50%)-3.6C,902.0,True,910.36952185826,8.369521858259986,0.927884906680708,CV,B_no_charge_ridge_raw_a10,4
b1c13,1,5.4C(50%)-3.6C,897.0,True,923.843032773849,26.843032773849018,2.992534311465888,CV,B_no_charge_ridge_raw_a10,4
b1c26,1,6C(40%)-3.6C,870.0,False,787.7001491059826,-82.29985089401737,9.459752976323834,CV,B_no_charge_ridge_raw_a10,4
b1c27,1,6C(40%)-3.6C,842.0,False,785.6457130617334,-56.35428693826657,6.692908187442585,CV,B_no_charge_ridge_raw_a10,4
b1c36,1,7C(40%)-3C,704.0,False,793.3730579223604,89.37305792236043,12.695036636698925,CV,B_no_charge_ridge_raw_a10,4
b1c37,1,7C(40%)-3C,648.0,False,760.3926023180383,112.39260231803826,17.34453739475899,CV,B_no_charge_ridge_raw_a10,4
b1c8,1,5.4C(40%)-3.6C,879.0,True,896.228645988059,17.228645988059043,1.9600279849896522,CV,B_no_charge_ridge_raw_a10,5
b1c9,1,5.4C(40%)-3.6C,1054.0,False,911.976474165309,-142.023525834691,13.474717821128177,CV,B_no_charge_ridge_raw_a10,5
b1c22,1,6C(30%)-3.6C,891.0,True,850.9767999152273,-40.023200084772725,4.491941648122641,CV,B_no_charge_ridge_raw_a10,5
b1c23,1,6C(30%)-3.6C,1014.0,False,904.6012307046176,-109.39876929538241,10.788833263844419,CV,B_no_charge_ridge_raw_a10,5
b1c38,1,7C(40%)-3.6C,617.0,False,655.8150182734865,38.815018273486544,6.2909267866266685,CV,B_no_charge_ridge_raw_a10,5
b1c39,1,7C(40%)-3.6C,625.0,False,689.0142306601159,64.01423066011591,10.242276905618546,CV,B_no_charge_ridge_raw_a10,5
b1c3,1,4C(80%)-4C,1226.0,True,1277.0296778155275,51.02967781552752,4.162290197025084,CV,B_no_charge_ridge_log10_a0.1,1
b1c4,1,4C(80%)-4C,1227.0,True,1448.508931043631,221.50893104363104,18.052887615617852,CV,B_no_charge_ridge_log10_a0.1,1
b1c20,1,5.4C(80%)-5.4C,534.0,False,766.4943332206276,232.4943332206276,43.5382646480576,CV,B_no_charge_ridge_log10_a0.1,1
b1c21,1,5.4C(80%)-5.4C,559.0,False,652.1710431436404,93.17104314364042,16.66744957846877,CV,B_no_charge_ridge_log10_a0.1,1
b1c32,1,6C(60%)-3C,731.0,False,701.224639453099,-29.77536054690097,4.073236736922158,CV,B_no_charge_ridge_log10_a0.1,1
b1c33,1,6C(60%)-3C,757.0,False,721.5433138443772,-35.45668615562283,4.683842292684655,CV,B_no_charge_ridge_log10_a0.1,1
b1c44,1,8C(35%)-3.6C,616.0,False,623.7728439061298,7.772843906129765,1.2618253094366503,CV,B_no_charge_ridge_log10_a0.1,1
b1c45,1,8C(35%)-3.6C,599.0,False,594.4478650277788,-4.552134972221211,0.7599557549618048,CV,B_no_charge_ridge_log10_a0.1,1
b1c6,1,4.8C(80%)-4.8C,636.0,False,773.2304562838697,137.23045628386967,21.577115767904036,CV,B_no_charge_ridge_log10_a0.1,2
b1c7,1,4.8C(80%)-4.8C,870.0,False,798.0384545093495,-71.96154549065045,8.271442010419593,CV,B_no_charge_ridge_log10_a0.1,2
b1c16,1,5.4C(60%)-3.6C,862.0,False,970.3197086890691,108.3197086890691,12.566091495251635,CV,B_no_charge_ridge_log10_a0.1,2
b1c17,1,5.4C(60%)-3.6C,857.0,False,890.3833290529469,33.38332905294692,3.895370951335696,CV,B_no_charge_ridge_log10_a0.1,2
b1c30,1,6C(50%)-3.6C,709.0,False,758.5109789921571,49.510978992157106,6.983212833872653,CV,B_no_charge_ridge_log10_a0.1,2
b1c31,1,6C(50%)-3.6C,876.0,False,767.5479900332211,-108.45200996677886,12.380366434563797,CV,B_no_charge_ridge_log10_a0.1,2
b1c42,1,8C(25%)-3.6C,702.0,False,731.9461176187036,29.946117618703624,4.265828720613052,CV,B_no_charge_ridge_log10_a0.1,2
b1c43,1,8C(25%)-3.6C,651.0,False,719.9516687927605,68.95166879276053,10.591654192436332,CV,B_no_charge_ridge_log10_a0.1,2
b1c5,1,4.4C(80%)-4.4C,1074.0,False,1019.7421843219528,-54.25781567804722,5.051938145069574,CV,B_no_charge_ridge_log10_a0.1,3
b1c10,1,5.4C(50%)-3C,906.0,True,890.1886786328419,-15.811321367158143,1.745178958847477,CV,B_no_charge_ridge_log10_a0.1,3
b1c11,1,5.4C(50%)-3C,788.0,False,965.3637508822684,177.3637508822684,22.508090213485836,CV,B_no_charge_ridge_log10_a0.1,3
b1c24,1,6C(40%)-3C,1017.0,False,835.9522007436381,-181.04779925636194,17.80214348636794,CV,B_no_charge_ridge_log10_a0.1,3
b1c25,1,6C(40%)-3C,854.0,False,870.4572374235042,16.45723742350424,1.9270769816749695,CV,B_no_charge_ridge_log10_a0.1,3
b1c40,1,8C(15%)-3.6C,966.0,False,886.6919607014406,-79.30803929855938,8.209941956372607,CV,B_no_charge_ridge_log10_a0.1,3
b1c41,1,8C(15%)-3.6C,1051.0,False,907.9843867750251,-143.0156132249749,13.607574997618926,CV,B_no_charge_ridge_log10_a0.1,3
b1c12,1,5.4C(50%)-3.6C,902.0,True,949.0562011208988,47.05620112089878,5.216873738458845,CV,B_no_charge_ridge_log10_a0.1,4
b1c13,1,5.4C(50%)-3.6C,897.0,True,924.1573234950173,27.157323495017295,3.0275722959885503,CV,B_no_charge_ridge_log10_a0.1,4
b1c26,1,6C(40%)-3.6C,870.0,False,770.2740820821119,-99.72591791788807,11.462749185964146,CV,B_no_charge_ridge_log10_a0.1,4
b1c27,1,6C(40%)-3.6C,842.0,False,789.1178071195096,-52.88219288049038,6.280545472742325,CV,B_no_charge_ridge_log10_a0.1,4
b1c36,1,7C(40%)-3C,704.0,False,734.1392773883763,30.139277388376286,4.28114735630345,CV,B_no_charge_ridge_log10_a0.1,4
b1c37,1,7C(40%)-3C,648.0,False,722.1915282767774,74.19152827677738,11.449309919255768,CV,B_no_charge_ridge_log10_a0.1,4
b1c8,1,5.4C(40%)-3.6C,879.0,True,886.3365728076666,7.336572807666585,0.834649921236244,CV,B_no_charge_ridge_log10_a0.1,5
b1c9,1,5.4C(40%)-3.6C,1054.0,False,917.6970272101062,-136.30297278989383,12.931970852931105,CV,B_no_charge_ridge_log10_a0.1,5
b1c22,1,6C(30%)-3.6C,891.0,True,848.1526308613301,-42.84736913866993,4.808907871904594,CV,B_no_charge_ridge_log10_a0.1,5
b1c23,1,6C(30%)-3.6C,1014.0,False,904.2898016064413,-109.7101983935587,10.819546192658649,CV,B_no_charge_ridge_log10_a0.1,5
b1c38,1,7C(40%)-3.6C,617.0,False,616.9845444963138,-0.015455503686212069,0.002504943871347175,CV,B_no_charge_ridge_log10_a0.1,5
b1c39,1,7C(40%)-3.6C,625.0,False,647.019964849639,22.019964849638995,3.5231943759422393,CV,B_no_charge_ridge_log10_a0.1,5
b1c3,1,4C(80%)-4C,1226.0,True,1262.6265827384195,36.62658273841953,2.987486357130467,CV,B_no_charge_ridge_log10_a1,1
b1c4,1,4C(80%)-4C,1227.0,True,1417.551993925768,190.5519939257681,15.529909855400822,CV,B_no_charge_ridge_log10_a1,1
b1c20,1,5.4C(80%)-5.4C,534.0,False,732.181360732769,198.181360732769,37.1126143694324,CV,B_no_charge_ridge_log10_a1,1
b1c21,1,5.4C(80%)-5.4C,559.0,False,641.4514609007356,82.45146090073558,14.749814114621751,CV,B_no_charge_ridge_log10_a1,1
b1c32,1,6C(60%)-3C,731.0,False,704.8797253315313,-26.12027466846871,3.5732249888466088,CV,B_no_charge_ridge_log10_a1,1
b1c33,1,6C(60%)-3C,757.0,False,720.2396103098306,-36.760389690169404,4.8560620462575175,CV,B_no_charge_ridge_log10_a1,1
b1c44,1,8C(35%)-3.6C,616.0,False,627.1875686997225,11.187568699722533,1.8161637499549566,CV,B_no_charge_ridge_log10_a1,1
b1c45,1,8C(35%)-3.6C,599.0,False,603.1690218876598,4.169021887659824,0.6959969762370323,CV,B_no_charge_ridge_log10_a1,1
b1c6,1,4.8C(80%)-4.8C,636.0,False,779.2136639467883,143.2136639467883,22.51787168974659,CV,B_no_charge_ridge_log10_a1,2
b1c7,1,4.8C(80%)-4.8C,870.0,False,805.1783188885242,-64.82168111147575,7.450767943847787,CV,B_no_charge_ridge_log10_a1,2
b1c16,1,5.4C(60%)-3.6C,862.0,False,970.550657553742,108.55065755374198,12.592883706930625,CV,B_no_charge_ridge_log10_a1,2
b1c17,1,5.4C(60%)-3.6C,857.0,False,895.4941349772262,38.49413497722617,4.491731035849027,CV,B_no_charge_ridge_log10_a1,2
b1c30,1,6C(50%)-3.6C,709.0,False,757.8365959674956,48.836595967495555,6.8880953409725745,CV,B_no_charge_ridge_log10_a1,2
b1c31,1,6C(50%)-3.6C,876.0,False,778.8530595782125,-97.14694042178746,11.089833381482588,CV,B_no_charge_ridge_log10_a1,2
b1c42,1,8C(25%)-3.6C,702.0,False,736.8988329330718,34.898832933071844,4.971343722659807,CV,B_no_charge_ridge_log10_a1,2
b1c43,1,8C(25%)-3.6C,651.0,False,721.4799843675704,70.47998436757041,10.826418489642151,CV,B_no_charge_ridge_log10_a1,2
b1c5,1,4.4C(80%)-4.4C,1074.0,False,1018.3599440663195,-55.640055933680514,5.180638355091296,CV,B_no_charge_ridge_log10_a1,3
b1c10,1,5.4C(50%)-3C,906.0,True,885.3660789848916,-20.6339210151084,2.277474725729404,CV,B_no_charge_ridge_log10_a1,3
b1c11,1,5.4C(50%)-3C,788.0,False,957.41637259127,169.41637259127003,21.499539668942898,CV,B_no_charge_ridge_log10_a1,3
b1c24,1,6C(40%)-3C,1017.0,False,831.0865830055591,-185.91341699444092,18.280571975854564,CV,B_no_charge_ridge_log10_a1,3
b1c25,1,6C(40%)-3C,854.0,False,860.1058871443278,6.105887144327767,0.7149750754482163,CV,B_no_charge_ridge_log10_a1,3
b1c40,1,8C(15%)-3.6C,966.0,False,875.5189971885973,-90.48100281140273,9.36656343803341,CV,B_no_charge_ridge_log10_a1,3
b1c41,1,8C(15%)-3.6C,1051.0,False,899.1395244028403,-151.86047559715973,14.449141350823952,CV,B_no_charge_ridge_log10_a1,3
b1c12,1,5.4C(50%)-3.6C,902.0,True,940.328193573465,38.328193573465,4.24924540725776,CV,B_no_charge_ridge_log10_a1,4
b1c13,1,5.4C(50%)-3.6C,897.0,True,921.8775444366089,24.8775444366089,2.773416325151494,CV,B_no_charge_ridge_log10_a1,4
b1c26,1,6C(40%)-3.6C,870.0,False,769.508241655352,-100.49175834464802,11.55077682122391,CV,B_no_charge_ridge_log10_a1,4
b1c27,1,6C(40%)-3.6C,842.0,False,784.943538807918,-57.056461192082,6.776301804285273,CV,B_no_charge_ridge_log10_a1,4
b1c36,1,7C(40%)-3C,704.0,False,741.355802191054,37.355802191053954,5.306221902138346,CV,B_no_charge_ridge_log10_a1,4
b1c37,1,7C(40%)-3C,648.0,False,726.0244948620413,78.02449486204125,12.040817108339699,CV,B_no_charge_ridge_log10_a1,4
b1c8,1,5.4C(40%)-3.6C,879.0,True,885.6475165980748,6.647516598074844,0.756258998643327,CV,B_no_charge_ridge_log10_a1,5
b1c9,1,5.4C(40%)-3.6C,1054.0,False,916.1094132390695,-137.89058676093055,13.082598364414663,CV,B_no_charge_ridge_log10_a1,5
b1c22,1,6C(30%)-3.6C,891.0,True,845.5270397885728,-45.47296021142722,5.10358700464952,CV,B_no_charge_ridge_log10_a1,5
b1c23,1,6C(30%)-3.6C,1014.0,False,901.1175041670697,-112.88249583293032,11.132396038750525,CV,B_no_charge_ridge_log10_a1,5
b1c38,1,7C(40%)-3.6C,617.0,False,624.8631408367198,7.863140836719822,1.2744150464699873,CV,B_no_charge_ridge_log10_a1,5
b1c39,1,7C(40%)-3.6C,625.0,False,654.6471701315382,29.647170131538246,4.74354722104612,CV,B_no_charge_ridge_log10_a1,5
b1c3,1,4C(80%)-4C,1226.0,True,1164.325872497237,-61.674127502762985,5.030516109523898,CV,B_no_charge_ridge_log10_a10,1
b1c4,1,4C(80%)-4C,1227.0,True,1243.0292230245552,16.029223024555222,1.3063751446255274,CV,B_no_charge_ridge_log10_a10,1
b1c20,1,5.4C(80%)-5.4C,534.0,False,613.750541750177,79.75054175017704,14.934558380182967,CV,B_no_charge_ridge_log10_a10,1
b1c21,1,5.4C(80%)-5.4C,559.0,False,612.3452078433261,53.34520784332608,9.542970991650462,CV,B_no_charge_ridge_log10_a10,1
b1c32,1,6C(60%)-3C,731.0,False,729.6720503539434,-1.3279496460565952,0.18166205828407594,CV,B_no_charge_ridge_log10_a10,1
b1c33,1,6C(60%)-3C,757.0,False,723.5649111677374,-33.435088832262636,4.416788485107349,CV,B_no_charge_ridge_log10_a10,1
b1c44,1,8C(35%)-3.6C,616.0,False,655.8991907545636,39.89919075456362,6.477141356260328,CV,B_no_charge_ridge_log10_a10,1
b1c45,1,8C(35%)-3.6C,599.0,False,656.7838239901795,57.783823990179485,9.646715190347159,CV,B_no_charge_ridge_log10_a10,1
b1c6,1,4.8C(80%)-4.8C,636.0,False,803.5093107339233,167.50931073392326,26.337941939296112,CV,B_no_charge_ridge_log10_a10,2
b1c7,1,4.8C(80%)-4.8C,870.0,False,831.1692717439466,-38.83072825605336,4.463302098396938,CV,B_no_charge_ridge_log10_a10,2
b1c16,1,5.4C(60%)-3.6C,862.0,False,956.6131029729718,94.61310297297177,10.975998024706703,CV,B_no_charge_ridge_log10_a10,2
b1c17,1,5.4C(60%)-3.6C,857.0,False,905.6052470351237,48.60524703512374,5.671557413666714,CV,B_no_charge_ridge_log10_a10,2
b1c30,1,6C(50%)-3.6C,709.0,False,760.9634127894021,51.96341278940213,7.329113228406506,CV,B_no_charge_ridge_log10_a10,2
b1c31,1,6C(50%)-3.6C,876.0,False,823.197399095754,-52.80260090424599,6.0276941671513695,CV,B_no_charge_ridge_log10_a10,2
b1c42,1,8C(25%)-3.6C,702.0,False,760.2233048748351,58.223304874835094,8.293918073338332,CV,B_no_charge_ridge_log10_a10,2
b1c43,1,8C(25%)-3.6C,651.0,False,735.1238336542949,84.12383365429491,12.922247873163581,CV,B_no_charge_ridge_log10_a10,2
b1c5,1,4.4C(80%)-4.4C,1074.0,False,990.4276302443964,-83.57236975560363,7.781412453966818,CV,B_no_charge_ridge_log10_a10,3
b1c10,1,5.4C(50%)-3C,906.0,True,859.7790263298315,-46.22097367016852,5.101652722976658,CV,B_no_charge_ridge_log10_a10,3
b1c11,1,5.4C(50%)-3C,788.0,False,914.8185544966857,126.81855449668569,16.093725189934734,CV,B_no_charge_ridge_log10_a10,3
b1c24,1,6C(40%)-3C,1017.0,False,810.4809617937786,-206.51903820622135,20.30669008910731,CV,B_no_charge_ridge_log10_a10,3
b1c25,1,6C(40%)-3C,854.0,False,819.428750506187,-34.57124949381296,4.04815567843243,CV,B_no_charge_ridge_log10_a10,3
b1c40,1,8C(15%)-3.6C,966.0,False,830.8961813917051,-135.1038186082949,13.985902547442535,CV,B_no_charge_ridge_log10_a10,3
b1c41,1,8C(15%)-3.6C,1051.0,False,859.5336445336028,-191.4663554663972,18.217540957792313,CV,B_no_charge_ridge_log10_a10,3
b1c12,1,5.4C(50%)-3.6C,902.0,True,899.5694100329977,-2.4305899670023337,0.2694667369182188,CV,B_no_charge_ridge_log10_a10,4
b1c13,1,5.4C(50%)-3.6C,897.0,True,904.3870742038467,7.387074203846737,0.8235311264043186,CV,B_no_charge_ridge_log10_a10,4
b1c26,1,6C(40%)-3.6C,870.0,False,770.241066741526,-99.75893325847403,11.466544052698165,CV,B_no_charge_ridge_log10_a10,4
b1c27,1,6C(40%)-3.6C,842.0,False,772.7599993087565,-69.2400006912435,8.223277991834143,CV,B_no_charge_ridge_log10_a10,4
b1c36,1,7C(40%)-3C,704.0,False,772.5304011920703,68.53040119207026,9.73443198750998,CV,B_no_charge_ridge_log10_a10,4
b1c37,1,7C(40%)-3C,648.0,False,746.1948750299778,98.19487502997777,15.15353009721879,CV,B_no_charge_ridge_log10_a10,4
b1c8,1,5.4C(40%)-3.6C,879.0,True,876.4218047991208,-2.578195200879236,0.2933100342297197,CV,B_no_charge_ridge_log10_a10,5
b1c9,1,5.4C(40%)-3.6C,1054.0,False,900.7892098541948,-153.21079014580516,14.53612809732497,CV,B_no_charge_ridge_log10_a10,5
b1c22,1,6C(30%)-3.6C,891.0,True,832.9788107940606,-58.021189205939436,6.511917980464584,CV,B_no_charge_ridge_log10_a10,5
b1c23,1,6C(30%)-3.6C,1014.0,False,881.9472314544495,-132.05276854555052,13.022955477864942,CV,B_no_charge_ridge_log10_a10,5
b1c38,1,7C(40%)-3.6C,617.0,False,667.2902303620291,50.29023036202909,8.15076667131752,CV,B_no_charge_ridge_log10_a10,5
b1c39,1,7C(40%)-3.6C,625.0,False,694.0303167141436,69.03031671414362,11.04485067426298,CV,B_no_charge_ridge_log10_a10,5
