batch,cell_id,cycle,chargetime
1,b1c0,10.0,13.42563333333334
1,b1c0,11.0,13.340996666666737
1,b1c0,12.0,13.341273333333326
1,b1c0,13.0,13.341906666666667
1,b1c0,14.0,13.425951666666515
1,b1c0,15.0,13.425368333333365
1,b1c0,16.0,13.341238333333362
1,b1c0,17.0,13.461158333333394
1,b1c0,18.0,13.428950000000137
1,b1c0,19.0,13.42597666666649
1,b1c0,20.0,13.35776333333318
1,b1c0,21.0,13.442670000000119
1,b1c0,22.0,13.34155166666654
1,b1c0,23.0,13.425559999999921
1,b1c0,24.0,13.4254866666665
1,b1c0,25.0,13.341149999999955
1,b1c0,26.0,13.341895000000173
1,b1c0,27.0,13.358211666666708
1,b1c0,28.0,13.341838333333241
1,b1c0,29.0,13.3414916666666
1,b1c0,30.0,13.425248333333487
1,b1c0,31.0,13.425430000000052
1,b1c0,32.0,13.426281666666425
1,b1c0,33.0,13.341931666666643
1,b1c0,34.0,13.42565999999982
1,b1c0,35.0,13.343013333333268
1,b1c0,36.0,13.425484999999753
1,b1c0,37.0,13.341066666666302
1,b1c0,38.0,13.341919999999906
1,b1c0,39.0,13.425228333333022
1,b1c0,40.0,13.342238333333322
1,b1c0,41.0,13.340851666666762
1,b1c0,42.0,13.341250000000096
1,b1c0,43.0,13.425753333333706
1,b1c0,44.0,13.407648333333297
1,b1c0,45.0,13.357603333333099
1,b1c0,46.0,13.425145000000096
1,b1c0,47.0,13.427131666666536
1,b1c0,48.0,13.44453166666693
1,b1c0,49.0,13.341086666666767
1,b1c0,50.0,13.341835000000234
1,b1c0,51.0,13.42596500000024
1,b1c0,52.0,13.426603333333333
1,b1c0,53.0,13.426193333333746
1,b1c0,54.0,13.425655000000067
1,b1c0,55.0,13.425960000000002
1,b1c0,56.0,13.341023333333336
1,b1c0,57.0,13.341156666666697
1,b1c0,58.0,13.344211666666281
1,b1c0,59.0,13.427295000000353
1,b1c0,60.0,13.430048333333495
1,b1c0,61.0,13.344998333333448
1,b1c0,62.0,13.341025000000082
1,b1c0,63.0,13.358034999999896
1,b1c0,64.0,13.341183333333174
1,b1c0,65.0,13.426228333332983
1,b1c0,66.0,13.424510000000009
1,b1c0,67.0,13.340823333333537
1,b1c0,68.0,13.341328333333271
1,b1c0,69.0,13.425778333333437
1,b1c0,70.0,13.341714999999386
1,b1c0,71.0,13.427033333332899
1,b1c0,72.0,13.341746666666586
1,b1c0,73.0,13.427223333334162
1,b1c0,74.0,13.358849999999316
1,b1c0,75.0,13.34010333333281
1,b1c0,76.0,13.341821666666268
1,b1c0,77.0,13.345241666666698
1,b1c0,78.0,13.426500000000427
1,b1c0,79.0,13.42509166666617
1,b1c0,80.0,13.426871666666313
1,b1c0,81.0,13.426986666666926
1,b1c0,82.0,13.425126666666863
1,b1c0,83.0,13.34269333333359
1,b1c0,84.0,13.357466666667218
1,b1c0,85.0,13.442350000000442
1,b1c0,86.0,13.341596666666252
1,b1c0,87.0,13.425973333333967
1,b1c0,88.0,13.424228333332575
1,b1c0,89.0,13.340766666666605
1,b1c0,90.0,13.341036666666817
1,b1c0,91.0,13.341866666666466
1,b1c0,92.0,13.427616666666776
1,b1c0,93.0,13.425455000000268
1,b1c0,94.0,13.34087666666698
1,b1c0,95.0,13.425788333332942
1,b1c0,96.0,13.425608333333123
1,b1c0,97.0,13.341813333332539
1,b1c0,98.0,13.341104999999516
1,b1c0,99.0,13.341771666666803
1,b1c0,100.0,13.340761666667337
1,b1c1,10.0,13.426406666666661
1,b1c1,11.0,13.426091666666617
1,b1c1,12.0,13.341290000000056
1,b1c1,13.0,13.426081666666626
1,b1c1,14.0,13.341535000000052
1,b1c1,15.0,13.425685000000037
1,b1c1,16.0,13.341183333333417
1,b1c1,17.0,13.3414916666666
1,b1c1,18.0,13.341211666666641
1,b1c1,19.0,13.341374999999971
1,b1c1,20.0,13.341811666666521
1,b1c1,21.0,13.341540000000046
1,b1c1,22.0,13.425868333333346
1,b1c1,23.0,13.425950000000011
1,b1c1,24.0,13.341783333333296
1,b1c1,25.0,13.425841666666626
1,b1c1,26.0,13.425928333333285
1,b1c1,27.0,13.341041666666813
1,b1c1,28.0,13.425700000000022
1,b1c1,29.0,13.3412516666666
1,b1c1,30.0,13.341134999999971
1,b1c1,31.0,13.425588333333144
1,b1c1,32.0,13.341533333333064
1,b1c1,33.0,13.34148000000035
1,b1c1,34.0,13.341586666666748
1,b1c1,35.0,13.425790000000173
1,b1c1,36.0,13.425944999999775
1,b1c1,37.0,13.425541666666685
1,b1c1,38.0,13.426200000000245
1,b1c1,39.0,13.34153166666656
1,b1c1,40.0,13.425961666666748
1,b1c1,41.0,13.341638333333442
1,b1c1,42.0,13.341494999999608
1,b1c1,43.0,13.425850000000112
1,b1c1,44.0,13.425883333333575
1,b1c1,45.0,13.425884999999834
1,b1c1,46.0,13.341451666666641
1,b1c1,47.0,13.425543333333431
1,b1c1,48.0,13.425786666666196
1,b1c1,49.0,13.34118499999992
1,b1c1,50.0,13.34124833333335
1,b1c1,51.0,13.341170000000178
1,b1c1,52.0,13.341290000000056
1,b1c1,53.0,13.425843333333129
1,b1c1,54.0,13.341343333333498
1,b1c1,55.0,13.34170499999988
1,b1c1,56.0,13.426034999999683
1,b1c1,57.0,13.341290000000056
1,b1c1,58.0,13.341375000000214
1,b1c1,59.0,13.341411666666682
1,b1c1,60.0,13.425948333333265
1,b1c1,61.0,13.341396666666453
1,b1c1,62.0,13.341408333333675
1,b1c1,63.0,13.426228333333468
1,b1c1,64.0,13.425778333333437
1,b1c1,65.0,13.425950000000011
1,b1c1,66.0,13.341356666666494
1,b1c1,67.0,13.341771666666318
1,b1c1,68.0,13.425724999999996
1,b1c1,69.0,13.341211666666883
1,b1c1,70.0,13.341249999999611
1,b1c1,71.0,13.42593666666653
1,b1c1,72.0,13.341274999999829
1,b1c1,73.0,13.341623333333215
1,b1c1,74.0,13.34143833333316
1,b1c1,75.0,13.426041666666666
1,b1c1,76.0,13.341328333333756
1,b1c1,77.0,13.341370000000461
1,b1c1,78.0,13.341356666666494
1,b1c1,79.0,13.425688333333044
1,b1c1,80.0,13.425800000000162
1,b1c1,81.0,13.34132666666701
1,b1c1,82.0,13.341178333333422
1,b1c1,83.0,13.425575000000148
1,b1c1,84.0,13.425679999999314
1,b1c1,85.0,13.341568333333514
1,b1c1,86.0,13.341714999999386
1,b1c1,87.0,13.341201666666894
1,b1c1,88.0,13.341209999999652
1,b1c1,89.0,13.341129999999733
1,b1c1,90.0,13.341328333333756
1,b1c1,91.0,13.341216666666636
1,b1c1,92.0,13.34119499999991
1,b1c1,93.0,13.341238333333362
1,b1c1,94.0,13.341381666666711
1,b1c1,95.0,13.341411666666197
1,b1c1,96.0,13.34128666666608
1,b1c1,97.0,13.341903333332933
1,b1c1,98.0,13.34186500000069
1,b1c1,99.0,13.341535000000537
1,b1c1,100.0,13.341823333333014
1,b1c2,10.0,13.341335000000011
1,b1c2,11.0,13.341424999999921
1,b1c2,12.0,13.425585000000016
1,b1c2,13.0,13.341676666666656
1,b1c2,14.0,13.425781666666687
1,b1c2,15.0,13.425508333333225
1,b1c2,16.0,13.341265000000082
1,b1c2,17.0,13.425613333333361
1,b1c2,18.0,13.425989999999972
1,b1c2,19.0,13.341556666666536
1,b1c2,20.0,13.34140833333319
1,b1c2,21.0,13.426306666666642
1,b1c2,22.0,13.426121666666585
1,b1c2,23.0,13.341293333333306
1,b1c2,24.0,13.425918333333296
1,b1c2,25.0,13.425813333333402
1,b1c2,26.0,13.34133166666652
1,b1c2,27.0,13.425623333333352
1,b1c2,28.0,13.425568333333164
1,b1c2,29.0,13.42551999999996
1,b1c2,30.0,13.34153166666656
1,b1c2,31.0,13.341158333333443
1,b1c2,32.0,13.34141499999993
1,b1c2,33.0,13.425856666667096
1,b1c2,34.0,13.426093333333363
1,b1c2,35.0,13.341636666666696
1,b1c2,36.0,13.341530000000299
1,b1c2,37.0,13.425816666666652
1,b1c2,38.0,13.341488333333109
1,b1c2,39.0,13.42584666666662
1,b1c2,40.0,13.341334999999768
1,b1c2,41.0,13.341596666666737
1,b1c2,42.0,13.341733333333105
1,b1c2,43.0,13.42549999999998
1,b1c2,44.0,13.341453333333387
1,b1c2,45.0,13.341183333333174
1,b1c2,46.0,13.34113166666648
1,b1c2,47.0,13.42572166666699
1,b1c2,48.0,13.425521666666706
1,b1c2,49.0,13.341208333333391
1,b1c2,50.0,13.341210000000137
1,b1c2,51.0,13.341171666666439
1,b1c2,52.0,13.42566833333355
1,b1c2,53.0,13.341321666666772
1,b1c2,54.0,13.341143333333214
1,b1c2,55.0,13.425565000000157
1,b1c2,56.0,13.425698333333033
1,b1c2,57.0,13.341103333333255
1,b1c2,58.0,13.341569999999773
1,b1c2,59.0,13.425921666666303
1,b1c2,60.0,13.341291666666317
1,b1c2,61.0,13.341396666666453
1,b1c2,62.0,13.425880000000083
1,b1c2,63.0,13.34143833333316
1,b1c2,64.0,13.426090000000356
1,b1c2,65.0,13.426108333333104
1,b1c2,66.0,13.341449999999895
1,b1c2,67.0,13.341308333333776
1,b1c2,68.0,13.341475000000113
1,b1c2,69.0,13.425458333333275
1,b1c2,70.0,13.425788333333427
1,b1c2,71.0,13.34114499999996
1,b1c2,72.0,13.42598666666648
1,b1c2,73.0,13.425618333333599
1,b1c2,74.0,13.341448333333634
1,b1c2,75.0,13.341323333333518
1,b1c2,76.0,13.426133333332837
1,b1c2,77.0,13.341273333334053
1,b1c2,78.0,13.425883333333575
1,b1c2,79.0,13.341236666666616
1,b1c2,80.0,13.425933333333038
1,b1c2,81.0,13.425546666666438
1,b1c2,82.0,13.341236666666616
1,b1c2,83.0,13.425481666667231
1,b1c2,84.0,13.425603333333857
1,b1c2,85.0,13.341381666666711
1,b1c2,86.0,13.341453333333872
1,b1c2,87.0,13.425626666666357
1,b1c2,88.0,13.341340000000006
1,b1c2,89.0,13.341205000000384
1,b1c2,90.0,13.425683333333776
1,b1c2,91.0,13.34113166666648
1,b1c2,92.0,13.341329999999532
1,b1c2,93.0,13.341089999999774
1,b1c2,94.0,13.425858333333357
1,b1c2,95.0,13.341558333334008
1,b1c2,96.0,13.425999999999961
1,b1c2,97.0,13.426038333333175
1,b1c2,98.0,13.341516666666333
1,b1c2,99.0,13.341771666666803
1,b1c2,100.0,13.341546666666789
1,b1c3,10.0,12.092449999999978
1,b1c3,11.0,12.092376666666556
1,b1c3,12.0,12.008086666666713
1,b1c3,13.0,12.092543333333257
1,b1c3,14.0,12.008118333333307
1,b1c3,15.0,12.092446666666607
1,b1c3,16.0,12.092854999999933
1,b1c3,17.0,12.092616666666679
1,b1c3,18.0,12.092713333333329
1,b1c3,19.0,12.09236833333319
1,b1c3,20.0,12.092336666666476
1,b1c3,21.0,12.092588333333213
1,b1c3,22.0,12.092614999999933
1,b1c3,23.0,12.008125000000048
1,b1c3,24.0,12.008350000000064
1,b1c3,25.0,12.092685000000104
1,b1c3,26.0,12.092243333333318
1,b1c3,27.0,12.0923500000002
1,b1c3,28.0,12.092286666666526
1,b1c3,29.0,12.092508333333292
1,b1c3,30.0,12.092485000000064
1,b1c3,31.0,12.007925000000007
1,b1c3,32.0,12.007926666666512
1,b1c3,33.0,12.008474999999939
1,b1c3,34.0,12.092478333333565
1,b1c3,35.0,12.00797999999971
1,b1c3,36.0,12.007806666666875
1,b1c3,37.0,12.092339999999968
1,b1c3,38.0,12.007673333333514
1,b1c3,39.0,12.007976666666703
1,b1c3,40.0,12.008326666666836
1,b1c3,41.0,12.092128333333433
1,b1c3,42.0,12.092286666666526
1,b1c3,43.0,12.09262166666643
1,b1c3,44.0,12.008030000000144
1,b1c3,45.0,12.008120000000053
1,b1c3,46.0,12.008068333333359
1,b1c3,47.0,12.008319999999852
1,b1c3,48.0,12.092628333333414
1,b1c3,49.0,12.007990000000184
1,b1c3,50.0,12.092435000000114
1,b1c3,51.0,12.092276666667022
1,b1c3,52.0,12.007778333333166
1,b1c3,53.0,12.092448333333596
1,b1c3,54.0,12.09239499999967
1,b1c3,55.0,12.007788333333156
1,b1c3,56.0,12.008014999999917
1,b1c3,57.0,12.00830333333288
1,b1c3,58.0,12.008358333333065
1,b1c3,59.0,12.007988333333438
1,b1c3,60.0,12.00812333333306
1,b1c3,61.0,12.00804166666688
1,b1c3,62.0,12.092558333333484
1,b1c3,63.0,12.092538333333504
1,b1c3,64.0,12.008251666666668
1,b1c3,65.0,12.09248666666681
1,b1c3,66.0,12.007819999999871
1,b1c3,67.0,12.092280000000027
1,b1c3,68.0,12.008003333333182
1,b1c3,69.0,12.008001666666436
1,b1c3,70.0,12.008086666666593
1,b1c3,71.0,12.092579999999725
1,b1c3,72.0,12.09236833333319
1,b1c3,73.0,12.09239499999967
1,b1c3,74.0,12.09219000000012
1,b1c3,75.0,12.007974999999472
1,b1c3,76.0,12.00829500000012
1,b1c3,77.0,12.092553333332763
1,b1c3,78.0,12.092381666666673
1,b1c3,79.0,12.092405000000145
1,b1c3,80.0,12.092553333332763
1,b1c3,81.0,12.092433333333853
1,b1c3,82.0,12.09238333333342
1,b1c3,83.0,12.092443333333359
1,b1c3,84.0,12.008305000000595
1,b1c3,85.0,12.008053333333615
1,b1c3,86.0,12.09274166666631
1,b1c3,87.0,12.008124999999806
1,b1c3,88.0,12.092685000000833
1,b1c3,89.0,12.092378333333182
1,b1c3,90.0,12.008335000000079
1,b1c3,91.0,12.00815166666677
1,b1c3,92.0,12.007861666666576
1,b1c3,93.0,12.09219499999987
1,b1c3,94.0,12.007936666667229
1,b1c3,95.0,12.093001666667018
1,b1c3,96.0,12.092379999999928
1,b1c3,97.0,12.008296666666865
1,b1c3,98.0,12.008184999999745
1,b1c3,99.0,12.008421666666981
1,b1c3,100.0,12.092586666666708
1,b1c4,10.0,12.092295000000012
1,b1c4,11.0,12.007888333333296
1,b1c4,12.0,12.007793333333272
1,b1c4,13.0,12.092473333333327
1,b1c4,14.0,12.008140000000033
1,b1c4,15.0,12.008056666666622
1,b1c4,16.0,12.008286666666875
1,b1c4,17.0,12.008098333333328
1,b1c4,18.0,12.09246000000009
1,b1c4,19.0,12.092455000000093
1,b1c4,20.0,12.092458333333344
1,b1c4,21.0,12.008283333333384
1,b1c4,22.0,12.008189999999983
1,b1c4,23.0,12.092661666666633
1,b1c4,24.0,12.007921666666515
1,b1c4,25.0,12.008148333333278
1,b1c4,26.0,12.007910000000022
1,b1c4,27.0,12.092448333333353
1,b1c4,28.0,12.007983333333202
1,b1c4,29.0,12.008113333333556
1,b1c4,30.0,12.007898333333287
1,b1c4,31.0,12.092206666666849
1,b1c4,32.0,12.092238333333322
1,b1c4,33.0,12.007793333333392
1,b1c4,34.0,12.007773333333413
1,b1c4,35.0,12.09219499999987
1,b1c4,36.0,12.007861666666576
1,b1c4,37.0,12.092419999999887
1,b1c4,38.0,12.092639999999665
1,b1c4,39.0,12.092204999999861
1,b1c4,40.0,12.008178333333246
1,b1c4,41.0,12.008216666666462
1,b1c4,42.0,12.092728333333314
1,b1c4,43.0,12.008191666666729
1,b1c4,44.0,12.092448333333111
1,b1c4,45.0,12.008148333333278
1,b1c4,46.0,12.008243333333423
1,b1c4,47.0,12.092708333333333
1,b1c4,48.0,12.092499999999806
1,b1c4,49.0,12.092921666666614
1,b1c4,50.0,12.092898333333627
1,b1c4,51.0,12.008123333333545
1,b1c4,52.0,12.092586666666708
1,b1c4,53.0,12.092198333333362
1,b1c4,54.0,12.092488333333556
1,b1c4,55.0,12.09223333333357
1,b1c4,56.0,12.092459999999846
1,b1c4,57.0,12.092313333333005
1,b1c4,58.0,12.092375000000175
1,b1c4,59.0,12.092433333333368
1,b1c4,60.0,12.010978333333332
1,b1c4,61.0,12.092420000000372
1,b1c4,62.0,12.09293499999961
1,b1c4,63.0,12.09255000000024
1,b1c4,64.0,12.00797999999971
1,b1c4,65.0,12.092130000000179
1,b1c4,66.0,12.092298333333263
1,b1c4,67.0,12.007950000000225
1,b1c4,68.0,12.007993333333191
1,b1c4,69.0,12.09255000000024
1,b1c4,70.0,12.092545000000003
1,b1c4,71.0,12.092871666666664
1,b1c4,72.0,12.008188333333237
1,b1c4,73.0,12.092901666666632
1,b1c4,74.0,12.092878333333163
1,b1c4,75.0,12.092806666666487
1,b1c4,76.0,12.008268333333156
1,b1c4,77.0,12.00797166666695
1,b1c4,78.0,12.092714999999346
1,b1c4,79.0,12.00799999999969
1,b1c4,80.0,12.092573333332743
1,b1c4,81.0,12.00812333333306
1,b1c4,82.0,12.008464999999463
1,b1c4,83.0,12.09252666666677
1,b1c4,84.0,12.00805166666687
1,b1c4,85.0,12.092351666667188
1,b1c4,86.0,12.092763333333036
1,b1c4,87.0,12.008175000000241
1,b1c4,88.0,12.008494999999918
1,b1c4,89.0,12.092390000000401
1,b1c4,90.0,12.092336666667446
1,b1c4,91.0,12.092328333333716
1,b1c4,92.0,12.092406666666891
1,b1c4,93.0,12.00811166666681
1,b1c4,94.0,12.008201666666233
1,b1c4,95.0,12.092483333333318
1,b1c4,96.0,12.008153333333516
1,b1c4,97.0,12.008030000000144
1,b1c4,98.0,12.092871666666664
1,b1c4,99.0,12.008018333333894
1,b1c4,100.0,12.008231666666688
1,b1c5,10.0,11.001694999999987
1,b1c5,11.0,10.917219999999967
1,b1c5,12.0,10.917246666666689
1,b1c5,13.0,418.81941000000006
1,b1c5,14.0,10.916876666666697
1,b1c5,15.0,10.917129999999936
1,b1c5,16.0,11.001261666666688
1,b1c5,17.0,11.001718333333459
1,b1c5,18.0,11.001566666666623
1,b1c5,19.0,10.917068333333495
1,b1c5,20.0,10.917511666666785
1,b1c5,21.0,10.917043333333277
1,b1c5,22.0,10.917258333333303
1,b1c5,23.0,10.917255000000052
1,b1c5,24.0,11.001608333333328
1,b1c5,25.0,10.917073333333246
1,b1c5,26.0,10.917361666666693
1,b1c5,27.0,11.002018333333156
1,b1c5,28.0,10.917338333333221
1,b1c5,29.0,11.001426666666521
1,b1c5,30.0,11.00126500000018
1,b1c5,31.0,10.916956666666616
1,b1c5,32.0,10.917124999999942
1,b1c5,33.0,10.917163333333399
1,b1c5,34.0,11.001499999999941
1,b1c5,35.0,11.001764999999917
1,b1c5,36.0,11.00160999999983
1,b1c5,37.0,10.917009999999815
1,b1c5,38.0,10.916913333333408
1,b1c5,39.0,11.001758333333418
1,b1c5,40.0,11.001476666666955
1,b1c5,41.0,11.001433333333503
1,b1c5,42.0,10.916991666666581
1,b1c5,43.0,11.001551666666638
1,b1c5,44.0,10.916926666666889
1,b1c5,45.0,11.001578333333601
1,b1c5,46.0,11.001714999999967
1,b1c5,47.0,11.001631666667041
1,b1c5,48.0,11.001776666666652
1,b1c5,49.0,10.917281666666774
1,b1c5,50.0,10.917255000000296
1,b1c5,51.0,11.001456666666975
1,b1c5,52.0,10.917148333333413
1,b1c5,53.0,11.001420000000023
1,b1c5,54.0,10.917276666666536
1,b1c5,55.0,10.917308333333251
1,b1c5,56.0,11.001696666666733
1,b1c5,57.0,11.001549999999892
1,b1c5,58.0,11.001591666667082
1,b1c5,59.0,11.001334999999866
1,b1c5,60.0,10.916929999999896
1,b1c5,61.0,10.917166666667132
1,b1c5,62.0,10.917069999999756
1,b1c5,63.0,10.916978333333585
1,b1c5,64.0,11.001304999999896
1,b1c5,65.0,10.917205000000346
1,b1c5,66.0,10.917233333333085
1,b1c5,67.0,10.916955000000113
1,b1c5,68.0,10.91712333333368
1,b1c5,69.0,10.917158333333402
1,b1c5,70.0,11.00170999999973
1,b1c5,71.0,11.001961666666709
1,b1c5,72.0,11.001894999999786
1,b1c5,73.0,10.917258333333303
1,b1c5,74.0,11.001690000000234
1,b1c5,75.0,11.001754999999926
1,b1c5,76.0,11.002080000000811
1,b1c5,77.0,10.917716666667063
1,b1c5,78.0,10.917345000000205
1,b1c5,79.0,10.917306666666992
1,b1c5,80.0,10.91741500000062
1,b1c5,81.0,10.917023333333782
1,b1c5,82.0,10.917071666667471
1,b1c5,83.0,11.00143500000025
1,b1c5,84.0,10.9170716666665
1,b1c5,85.0,10.916943333333863
1,b1c5,86.0,11.001485000000685
1,b1c5,87.0,11.00126333333319
1,b1c5,88.0,10.916949999999876
1,b1c5,89.0,11.001778333333398
1,b1c5,90.0,11.001631666666556
1,b1c5,91.0,11.001726666666219
1,b1c5,92.0,10.917453333332864
1,b1c5,93.0,10.917043333332792
1,b1c5,94.0,10.917218333333343
1,b1c5,95.0,11.001778333333398
1,b1c5,96.0,11.001249999999224
1,b1c5,97.0,11.001541666667132
1,b1c5,98.0,10.917201666666854
1,b1c5,99.0,10.91724333333356
1,b1c5,100.0,10.91732333333348
1,b1c6,10.0,10.008071666666607
1,b1c6,11.0,10.008043333333262
1,b1c6,12.0,10.007953333333232
1,b1c6,13.0,10.008046666666633
1,b1c6,14.0,10.008058333333127
1,b1c6,15.0,10.0924033333334
1,b1c6,16.0,10.092425000000125
1,b1c6,17.0,10.092583333333216
1,b1c6,18.0,10.007990000000184
1,b1c6,19.0,10.008001666666678
1,b1c6,20.0,10.092628333333414
1,b1c6,21.0,10.008058333333368
1,b1c6,22.0,10.007993333333435
1,b1c6,23.0,10.092618333333425
1,b1c6,24.0,10.092710000000078
1,b1c6,25.0,10.008151666666526
1,b1c6,26.0,10.092503333333298
1,b1c6,27.0,10.092418333333383
1,b1c6,28.0,10.092589999999957
1,b1c6,29.0,10.008026666666654
1,b1c6,30.0,10.093049999999979
1,b1c6,31.0,10.092663333333137
1,b1c6,32.0,10.00804166666688
1,b1c6,33.0,10.008073333333353
1,b1c6,34.0,10.008244999999928
1,b1c6,35.0,10.008233333333434
1,b1c6,36.0,10.092634999999913
1,b1c6,37.0,10.09285333333343
1,b1c6,38.0,10.092716666666577
1,b1c6,39.0,10.008431666666487
1,b1c6,40.0,10.008338333333086
1,b1c6,41.0,10.008111666666325
1,b1c6,42.0,10.007991666666445
1,b1c6,43.0,10.092516666666778
1,b1c6,44.0,10.008061666666375
1,b1c6,45.0,10.092596666666699
1,b1c6,46.0,10.092495000000053
1,b1c6,47.0,10.092356666666456
1,b1c6,48.0,10.092485000000064
1,b1c6,49.0,10.092499999999806
1,b1c6,50.0,10.092379999999928
1,b1c6,51.0,10.092575000000458
1,b1c6,52.0,10.092574999999973
1,b1c6,53.0,10.008006666666672
1,b1c6,54.0,10.00808166666684
1,b1c6,55.0,10.092653333333631
1,b1c6,56.0,10.092470000000322
1,b1c6,57.0,10.008086666666593
1,b1c6,58.0,10.008174999999756
1,b1c6,59.0,10.092481666666572
1,b1c6,60.0,10.09230499999976
1,b1c6,61.0,10.00820500000021
1,b1c6,62.0,10.008136666666541
1,b1c6,63.0,10.092493333333307
1,b1c6,64.0,10.008418333333005
1,b1c6,65.0,10.008231666666688
1,b1c6,66.0,10.00859166666681
1,b1c6,67.0,10.00826833333364
1,b1c6,68.0,10.008381666666537
1,b1c6,69.0,10.008058333333368
1,b1c6,70.0,10.09258166666647
1,b1c6,71.0,10.008218333333208
1,b1c6,72.0,10.008208333333217
1,b1c6,73.0,10.09239499999967
1,b1c6,74.0,10.008261666666659
1,b1c6,75.0,10.0927833333335
1,b1c6,76.0,10.092809999999979
1,b1c6,77.0,10.09251833333304
1,b1c6,78.0,10.008193333333475
1,b1c6,79.0,10.092615000000418
1,b1c6,80.0,10.00809166666683
1,b1c6,81.0,10.008086666666593
1,b1c6,82.0,10.008189999999983
1,b1c6,83.0,10.008368333333056
1,b1c6,84.0,10.00841833333349
1,b1c6,85.0,10.007953333332747
1,b1c6,86.0,10.008153333333516
1,b1c6,87.0,10.008218333332723
1,b1c6,88.0,10.092901666666148
1,b1c6,89.0,10.008003333334152
1,b1c6,90.0,10.092634999999428
1,b1c6,91.0,10.008030000000144
1,b1c6,92.0,10.008135000000282
1,b1c6,93.0,10.00816333333302
1,b1c6,94.0,10.092586666666708
1,b1c6,95.0,10.008193333333475
1,b1c6,96.0,10.00796333333322
1,b1c6,97.0,10.008315000000099
1,b1c6,98.0,10.00796333333322
1,b1c6,99.0,10.008191666665759
1,b1c6,100.0,10.092491666667048
1,b1c7,10.0,10.092143333333297
1,b1c7,11.0,10.094543333333423
1,b1c7,12.0,10.008766666666634
1,b1c7,13.0,10.092503333333298
1,b1c7,14.0,10.008246666666674
1,b1c7,15.0,10.008821666666579
1,b1c7,16.0,10.092525000000023
1,b1c7,17.0,10.092495000000053
1,b1c7,18.0,10.008151666666526
1,b1c7,19.0,10.092303333333257
1,b1c7,20.0,10.007836666666844
1,b1c7,21.0,10.092078333333241
1,b1c7,22.0,10.008280000000134
1,b1c7,23.0,10.092568333333231
1,b1c7,24.0,10.092596666666699
1,b1c7,25.0,10.007738333333206
1,b1c7,26.0,10.092346666666709
1,b1c7,27.0,10.010231666666611
1,b1c7,28.0,10.092761666666775
1,b1c7,29.0,10.09241000000014
1,b1c7,30.0,10.008206666666714
1,b1c7,31.0,10.09243000000012
1,b1c7,32.0,10.008281666666639
1,b1c7,33.0,10.008633333333274
1,b1c7,34.0,10.093225000000045
1,b1c7,35.0,10.008463333333202
1,b1c7,36.0,10.007803333333383
1,b1c7,37.0,10.092835000000196
1,b1c7,38.0,10.092011666666561
1,b1c7,39.0,10.007873333333313
1,b1c7,40.0,10.092809999999979
1,b1c7,41.0,10.093116666666658
1,b1c7,42.0,10.09204166666653
1,b1c7,43.0,10.092493333333307
1,b1c7,44.0,10.00823500000018
1,b1c7,45.0,10.092505000000044
1,b1c7,46.0,10.092713333333085
1,b1c7,47.0,10.008351666667052
1,b1c7,48.0,10.008511666666406
1,b1c7,49.0,10.010194999999658
1,b1c7,50.0,10.092185000000367
1,b1c7,51.0,10.008970000000167
1,b1c7,52.0,10.009005000000373
1,b1c7,53.0,10.009725000000133
1,b1c7,54.0,10.00812333333306
1,b1c7,55.0,10.00780666666639
1,b1c7,56.0,10.092348333333211
1,b1c7,57.0,10.007761666666678
1,b1c7,58.0,10.007578333333367
1,b1c7,59.0,10.008004999999928
1,b1c7,60.0,10.00776666666643
1,b1c7,61.0,10.092169999999653
1,b1c7,62.0,10.092386666666425
1,b1c7,63.0,10.00785833333357
1,b1c7,64.0,10.00797999999971
1,b1c7,65.0,10.008166666666996
1,b1c7,66.0,10.093288333333232
1,b1c7,67.0,10.009676666666929
1,b1c7,68.0,10.007580000000113
1,b1c7,69.0,10.09217000000014
1,b1c7,70.0,10.092008333333554
1,b1c7,71.0,10.007796666666884
1,b1c7,72.0,10.00815166666677
1,b1c7,73.0,10.092706666666588
1,b1c7,74.0,10.09251833333304
1,b1c7,75.0,10.008023333333162
1,b1c7,76.0,10.093314999999711
1,b1c7,77.0,10.007856666666338
1,b1c7,78.0,10.009126666667482
1,b1c7,79.0,10.092166666667133
1,b1c7,80.0,10.008403333332778
1,b1c7,81.0,10.007766666666916
1,b1c7,82.0,10.007523333333666
1,b1c7,83.0,10.092811666666725
1,b1c7,84.0,10.008046666666633
1,b1c7,85.0,10.008153333332546
1,b1c7,86.0,10.008629999999538
1,b1c7,87.0,10.009256666666866
1,b1c7,88.0,10.092246666666082
1,b1c7,89.0,10.007763333333424
1,b1c7,90.0,10.008088333333339
1,b1c7,91.0,10.093551666665977
1,b1c7,92.0,10.00799166666596
1,b1c7,93.0,10.092623333334148
1,b1c7,94.0,10.092321666666733
1,b1c7,95.0,10.00836666666631
1,b1c7,96.0,10.092521666666531
1,b1c7,97.0,10.007901666666536
1,b1c7,98.0,10.00778500000015
1,b1c7,99.0,10.00816333333302
1,b1c7,100.0,10.008900000000722
1,b1c8,10.0,11.297416666666686
1,b1c8,11.0,11.2914183333333
1,b1c8,12.0,11.291311666666662
1,b1c8,13.0,11.208250000000044
1,b1c8,14.0,11.208386666666653
1,b1c8,15.0,11.207946666666734
1,b1c8,16.0,11.20836166666668
1,b1c8,17.0,11.291693333333265
1,b1c8,18.0,11.291408333333312
1,b1c8,19.0,11.291616666666595
1,b1c8,20.0,11.291873333333449
1,b1c8,21.0,11.210456666666627
1,b1c8,22.0,11.29142499999992
1,b1c8,23.0,11.208479999999932
1,b1c8,24.0,11.208283333333384
1,b1c8,25.0,11.208244999999927
1,b1c8,26.0,11.291295000000051
1,b1c8,27.0,11.291843333333237
1,b1c8,28.0,11.207536666666662
1,b1c8,29.0,11.208296666666623
1,b1c8,30.0,11.207930000000003
1,b1c8,31.0,11.208023333333404
1,b1c8,32.0,11.20775333333319
1,b1c8,33.0,11.207774999999916
1,b1c8,34.0,11.208024999999907
1,b1c8,35.0,11.291243333333357
1,b1c8,36.0,11.207893333333292
1,b1c8,37.0,11.20827833333339
1,b1c8,38.0,11.291096666666514
1,b1c8,39.0,11.29166499999992
1,b1c8,40.0,11.208036666666642
1,b1c8,41.0,11.20835666666632
1,b1c8,42.0,11.207983333333202
1,b1c8,43.0,11.291558333333523
1,b1c8,44.0,11.291158333332957
1,b1c8,45.0,11.291306666666545
1,b1c8,46.0,11.291478333333119
1,b1c8,47.0,11.291535000000051
1,b1c8,48.0,11.207838333333106
1,b1c8,49.0,11.207988333332954
1,b1c8,50.0,11.208173333333495
1,b1c8,51.0,11.20794999999974
1,b1c8,52.0,11.20817333333301
1,b1c8,53.0,11.291283333333558
1,b1c8,54.0,11.208318333333105
1,b1c8,55.0,11.291351666666742
1,b1c8,56.0,11.29126499999984
1,b1c8,57.0,11.291053333333306
1,b1c8,58.0,11.208085000000331
1,b1c8,59.0,11.208349999999822
1,b1c8,60.0,11.208000000000174
1,b1c8,61.0,11.291678333333403
1,b1c8,62.0,11.291285000000304
1,b1c8,63.0,11.20794833333348
1,b1c8,64.0,11.207809999999881
1,b1c8,65.0,11.207976666666703
1,b1c8,66.0,11.208199999999973
1,b1c8,67.0,11.207846666666834
1,b1c8,68.0,11.291475000000112
1,b1c8,69.0,11.291439999999906
1,b1c8,70.0,11.29146833333313
1,b1c8,71.0,11.291281666666812
1,b1c8,72.0,11.291456666666393
1,b1c8,73.0,11.291733333333104
1,b1c8,74.0,11.208013333333172
1,b1c8,75.0,11.207900000000276
1,b1c8,76.0,11.291376666666475
1,b1c8,77.0,11.291186666666666
1,b1c8,78.0,11.207763333333423
1,b1c8,79.0,11.208024999999907
1,b1c8,80.0,11.207890000000285
1,b1c8,81.0,11.291256666666595
1,b1c8,82.0,11.20780833333362
1,b1c8,83.0,11.291296666666556
1,b1c8,84.0,11.208185000000716
1,b1c8,85.0,11.291093333333265
1,b1c8,86.0,11.291144999999476
1,b1c8,87.0,11.29143833333316
1,b1c8,88.0,11.208001666666435
1,b1c8,89.0,11.20825500000016
1,b1c8,90.0,11.20798833333344
1,b1c8,91.0,11.207879999999811
1,b1c8,92.0,11.208464999999462
1,b1c8,93.0,11.291336666667485
1,b1c8,94.0,11.20770500000023
1,b1c8,95.0,11.291333333333993
1,b1c8,96.0,11.208244999999685
1,b1c8,97.0,11.20847000000067
1,b1c8,98.0,11.291414999999688
1,b1c8,99.0,11.20861000000053
1,b1c8,100.0,11.29118333333366
1,b1c9,10.0,11.2965616666667
1,b1c9,11.0,11.207976666666703
1,b1c9,12.0,11.291484999999982
1,b1c9,13.0,11.291139999999965
1,b1c9,14.0,11.207881666666678
1,b1c9,15.0,11.291416666666676
1,b1c9,16.0,11.208118333333308
1,b1c9,17.0,11.29107166666666
1,b1c9,18.0,11.207973333333333
1,b1c9,19.0,11.208008333333298
1,b1c9,20.0,11.207956666666481
1,b1c9,21.0,11.209853333333255
1,b1c9,22.0,11.208126666666795
1,b1c9,23.0,11.208011666666668
1,b1c9,24.0,11.291349999999996
1,b1c9,25.0,11.291273333333326
1,b1c9,26.0,11.208021666666658
1,b1c9,27.0,11.291356666666495
1,b1c9,28.0,11.207769999999922
1,b1c9,29.0,11.207801666666636
1,b1c9,30.0,11.207853333333333
1,b1c9,31.0,11.291386666666707
1,b1c9,32.0,11.208129999999802
1,b1c9,33.0,11.207773333333414
1,b1c9,34.0,11.291366666666727
1,b1c9,35.0,11.207946666666734
1,b1c9,36.0,11.208155000000017
1,b1c9,37.0,11.291400000000188
1,b1c9,38.0,11.207811666666627
1,b1c9,39.0,11.207733333333211
1,b1c9,40.0,11.20816166666676
1,b1c9,41.0,11.20818166666674
1,b1c9,42.0,11.207913333333272
1,b1c9,43.0,11.207861666666577
1,b1c9,44.0,11.291336666666515
1,b1c9,45.0,11.208044999999887
1,b1c9,46.0,11.208373333333293
1,b1c9,47.0,11.207798333333146
1,b1c9,48.0,11.291241666666368
1,b1c9,49.0,11.20779999999989
1,b1c9,50.0,11.208224999999706
1,b1c9,51.0,11.20798833333344
1,b1c9,52.0,11.208006666666673
1,b1c9,53.0,11.29130666666703
1,b1c9,54.0,11.208496666666663
1,b1c9,55.0,11.291473333333366
1,b1c9,56.0,11.291076666666777
1,b1c9,57.0,11.291280000000066
1,b1c9,58.0,11.29079666666706
1,b1c9,59.0,11.291519999999824
1,b1c9,60.0,11.208543333333607
1,b1c9,61.0,11.208170000000003
1,b1c9,62.0,11.207908333333519
1,b1c9,63.0,11.207688333333257
1,b1c9,64.0,11.29127499999983
1,b1c9,65.0,11.207744999999704
1,b1c9,66.0,11.291559999999784
1,b1c9,67.0,11.291363333333477
1,b1c9,68.0,11.208363333333303
1,b1c9,69.0,11.208046666666633
1,b1c9,70.0,11.207813333332888
1,b1c9,71.0,11.291213333333628
1,b1c9,72.0,11.29143833333316
1,b1c9,73.0,11.291415000000173
1,b1c9,74.0,11.291170000000177
1,b1c9,75.0,11.208311666666608
1,b1c9,76.0,11.20796999999972
1,b1c9,77.0,11.291349999999996
1,b1c9,78.0,11.207878333333065
1,b1c9,79.0,11.20791833333351
1,b1c9,80.0,11.291508333333574
1,b1c9,81.0,11.291186666666666
1,b1c9,82.0,11.208094999999837
1,b1c9,83.0,11.291184999999436
1,b1c9,84.0,11.291265000000324
1,b1c9,85.0,11.29137833333322
1,b1c9,86.0,11.291253333334074
1,b1c9,87.0,11.291329999999531
1,b1c9,88.0,11.208344999999584
1,b1c9,89.0,11.208041666667365
1,b1c9,90.0,11.291241666666853
1,b1c9,91.0,11.291269999999592
1,b1c9,92.0,11.208414999999999
1,b1c9,93.0,11.291655000000416
1,b1c9,94.0,11.208263333333889
1,b1c9,95.0,11.291268333333816
1,b1c9,96.0,11.291475000000597
1,b1c9,97.0,11.208465000000434
1,b1c9,98.0,11.207903333333283
1,b1c9,99.0,11.208981666666416
1,b1c9,100.0,11.208434999999978
1,b1c10,10.0,11.735158333333311
1,b1c10,11.0,11.651694999999988
1,b1c10,12.0,11.652131666666659
1,b1c10,13.0,11.65177333333316
1,b1c10,14.0,11.735821666666743
1,b1c10,15.0,11.7351483333332
1,b1c10,16.0,11.651861666666568
1,b1c10,17.0,11.651660000000023
1,b1c10,18.0,11.651788333333146
1,b1c10,19.0,11.734980000000117
1,b1c10,20.0,11.735071666666773
1,b1c10,21.0,11.651770000000154
1,b1c10,22.0,11.651484999999957
1,b1c10,23.0,11.652034999999888
1,b1c10,24.0,11.735429999999905
1,b1c10,25.0,11.735285000000053
1,b1c10,26.0,11.651536666666653
1,b1c10,27.0,11.651915000000008
1,b1c10,28.0,11.652169999999993
1,b1c10,29.0,11.735128333333462
1,b1c10,30.0,11.735303333333286
1,b1c10,31.0,11.735543333333286
1,b1c10,32.0,11.651663333333271
1,b1c10,33.0,11.735026666666817
1,b1c10,34.0,11.735013333333093
1,b1c10,35.0,11.651531666666658
1,b1c10,36.0,11.735176666666424
1,b1c10,37.0,11.651630000000296
1,b1c10,38.0,11.65197500000019
1,b1c10,39.0,11.652141666666527
1,b1c10,40.0,11.735824999999993
1,b1c10,41.0,11.65249166666666
1,b1c10,42.0,11.651766666666663
1,b1c10,43.0,11.651570000000357
1,b1c10,44.0,11.734960000000138
1,b1c10,45.0,11.735081666666762
1,b1c10,46.0,11.73545333333362
1,b1c10,47.0,11.651529999999912
1,b1c10,48.0,11.734931666666913
1,b1c10,49.0,11.735086666666515
1,b1c10,50.0,11.735275000000062
1,b1c10,51.0,11.73537000000021
1,b1c10,52.0,11.65164833333353
1,b1c10,53.0,11.734933333333174
1,b1c10,54.0,11.651770000000154
1,b1c10,55.0,11.735279999999815
1,b1c10,56.0,11.651973333333444
1,b1c10,57.0,11.651956666666472
1,b1c10,58.0,11.735211666667116
1,b1c10,59.0,11.651831666666356
1,b1c10,60.0,11.652543333333353
1,b1c10,61.0,11.735136666666465
1,b1c10,62.0,11.651866666667047
1,b1c10,63.0,11.651539999999901
1,b1c10,64.0,11.651628333333065
1,b1c10,65.0,11.651830000000095
1,b1c10,66.0,11.735258333333089
1,b1c10,67.0,11.651780000000144
1,b1c10,68.0,11.651833333333586
1,b1c10,69.0,11.73560499999973
1,b1c10,70.0,11.651443333333495
1,b1c10,71.0,11.65171833333346
1,b1c10,72.0,11.652196666666715
1,b1c10,73.0,11.735073333333519
1,b1c10,74.0,11.651973333333444
1,b1c10,75.0,11.65165833333352
1,b1c10,76.0,11.651640000000286
1,b1c10,77.0,11.6518016666659
1,b1c10,78.0,11.735050000000047
1,b1c10,79.0,11.735203333333873
1,b1c10,80.0,11.73485333333374
1,b1c10,81.0,11.651820000000104
1,b1c10,82.0,11.652088333332602
1,b1c10,83.0,11.65187333333403
1,b1c10,84.0,11.735286666666314
1,b1c10,85.0,11.734941666666419
1,b1c10,86.0,11.652041666666628
1,b1c10,87.0,11.652191666666962
1,b1c10,88.0,11.65172999999971
1,b1c10,89.0,11.651688333333974
1,b1c10,90.0,11.73517666666691
1,b1c10,91.0,11.65192500000024
1,b1c10,92.0,11.73522333333288
1,b1c10,93.0,11.652373333333525
1,b1c10,94.0,11.651620000000305
1,b1c10,95.0,11.652623333333759
1,b1c10,96.0,11.736088333333221
1,b1c10,97.0,11.651916666667482
1,b1c10,98.0,11.735201666667127
1,b1c10,99.0,11.651896666666532
1,b1c10,100.0,11.734813333332811
1,b1c11,10.0,11.73505166666667
1,b1c11,11.0,11.652495000000028
1,b1c11,12.0,11.651725000000079
1,b1c11,13.0,11.735238333333351
1,b1c11,14.0,11.65196833333345
1,b1c11,15.0,11.652171666666739
1,b1c11,16.0,11.652328333333328
1,b1c11,17.0,11.652194999999969
1,b1c11,18.0,11.735338333333493
1,b1c11,19.0,11.736013333333297
1,b1c11,20.0,11.73511833333323
1,b1c11,21.0,11.735384999999951
1,b1c11,22.0,11.735359999999977
1,b1c11,23.0,11.65181333333312
1,b1c11,24.0,11.735530000000047
1,b1c11,25.0,11.652261666666648
1,b1c11,26.0,11.735414999999922
1,b1c11,27.0,11.735546666666778
1,b1c11,28.0,11.652261666666892
1,b1c11,29.0,11.652123333333293
1,b1c11,30.0,11.652153333333263
1,b1c11,31.0,11.652376666666775
1,b1c11,32.0,11.652331666666578
1,b1c11,33.0,11.652424999999978
1,b1c11,34.0,11.65208500000008
1,b1c11,35.0,11.652556666666836
1,b1c11,36.0,11.652489999999913
1,b1c11,37.0,11.652283333333617
1,b1c11,38.0,11.651714999999967
1,b1c11,39.0,11.652460000000428
1,b1c11,40.0,11.735335000000001
1,b1c11,41.0,11.65155833333362
1,b1c11,42.0,11.651776666666652
1,b1c11,43.0,11.735226666666858
1,b1c11,44.0,11.652081666666588
1,b1c11,45.0,11.652013333333404
1,b1c11,46.0,11.65206666666636
1,b1c11,47.0,11.6522583333334
1,b1c11,48.0,11.652021666666649
1,b1c11,49.0,11.735236666666848
1,b1c11,50.0,11.652873333333506
1,b1c11,51.0,11.65182166666685
1,b1c11,52.0,11.735573333333498
1,b1c11,53.0,11.6521583333335
1,b1c11,54.0,11.65189166666678
1,b1c11,55.0,11.73588000000018
1,b1c11,56.0,11.652396666666512
1,b1c11,57.0,11.735476666666607
1,b1c11,58.0,11.651983333332948
1,b1c11,59.0,11.735023333333569
1,b1c11,60.0,11.652073333333343
1,b1c11,61.0,11.73552333333355
1,b1c11,62.0,11.651918333333258
1,b1c11,63.0,11.651946666666966
1,b1c11,64.0,11.65221833333344
1,b1c11,65.0,11.652443333333455
1,b1c11,66.0,11.735674999999658
1,b1c11,67.0,11.65252500000012
1,b1c11,68.0,11.652539999999863
1,b1c11,69.0,11.651963333332969
1,b1c11,70.0,11.651836666666592
1,b1c11,71.0,11.651896666666532
1,b1c11,72.0,11.652368333333289
1,b1c11,73.0,11.735360000000219
1,b1c11,74.0,11.735508333333321
1,b1c11,75.0,11.735811666666995
1,b1c11,76.0,11.652238333333905
1,b1c11,77.0,11.65170999999973
1,b1c11,78.0,11.735104999999749
1,b1c11,79.0,11.735289999999804
1,b1c11,80.0,11.735161666667166
1,b1c11,81.0,11.651900000000023
1,b1c11,82.0,11.735491666666348
1,b1c11,83.0,11.65236000000053
1,b1c11,84.0,11.73534333333373
1,b1c11,85.0,11.652186666666724
1,b1c11,86.0,11.735556666666525
1,b1c11,87.0,11.651994999999685
1,b1c11,88.0,11.735699999999875
1,b1c11,89.0,11.651800000000124
1,b1c11,90.0,11.735533333333054
1,b1c11,91.0,11.735601666666723
1,b1c11,92.0,11.735193333333397
1,b1c11,93.0,11.652220000000671
1,b1c11,94.0,11.73573000000033
1,b1c11,95.0,11.652318333333824
1,b1c11,96.0,11.735584999999265
1,b1c11,97.0,11.652381666667255
1,b1c11,98.0,11.735249999999844
1,b1c11,99.0,11.735408333332938
1,b1c11,100.0,11.651796666666632
1,b1c12,10.0,10.735856666666587
1,b1c12,11.0,10.6526916666667
1,b1c12,12.0,10.652356666666673
1,b1c12,13.0,10.652640000000003
1,b1c12,14.0,10.653039999999965
1,b1c12,15.0,10.653066666666685
1,b1c12,16.0,10.736188333333363
1,b1c12,17.0,10.652646666666746
1,b1c12,18.0,10.653120000000005
1,b1c12,19.0,10.652791666666598
1,b1c12,20.0,10.736258333333172
1,b1c12,21.0,10.652628333333269
1,b1c12,22.0,10.652539999999863
1,b1c12,23.0,10.736299999999998
1,b1c12,24.0,10.735878333333192
1,b1c12,25.0,10.652596666666795
1,b1c12,26.0,10.653053333333325
1,b1c12,27.0,10.736334999999963
1,b1c12,28.0,10.736151666666652
1,b1c12,29.0,10.65283500000005
1,b1c12,30.0,10.736334999999963
1,b1c12,31.0,10.652840000000046
1,b1c12,32.0,10.652848333333532
1,b1c12,33.0,10.735959999999857
1,b1c12,34.0,10.652986666666644
1,b1c12,35.0,10.652960000000167
1,b1c12,36.0,10.652813333333324
1,b1c12,37.0,10.73658333333345
1,b1c12,38.0,10.652936666666696
1,b1c12,39.0,10.735584999999991
1,b1c12,40.0,10.653103333333274
1,b1c12,41.0,10.652679999999965
1,b1c12,42.0,10.653435000000172
1,b1c12,43.0,10.653221666666893
1,b1c12,44.0,10.653446666666422
1,b1c12,45.0,10.736143333332924
1,b1c12,46.0,10.65254166666661
1,b1c12,47.0,10.736253333333298
1,b1c12,48.0,10.652803333333091
1,b1c12,49.0,10.652814999999828
1,b1c12,50.0,10.736000000000057
1,b1c12,51.0,10.73597166666635
1,b1c12,52.0,10.735980000000078
1,b1c12,53.0,10.653193333333668
1,b1c12,54.0,10.652611666667022
1,b1c12,55.0,10.65262500000002
1,b1c12,56.0,10.736055000000245
1,b1c12,57.0,10.652593333333789
1,b1c12,58.0,10.73588000000018
1,b1c12,59.0,10.652904999999738
1,b1c12,60.0,10.736155000000144
1,b1c12,61.0,10.652633333333263
1,b1c12,62.0,10.735724999999608
1,b1c12,63.0,10.652336666666573
1,b1c12,64.0,10.652746666667129
1,b1c12,65.0,10.736010000000048
1,b1c12,66.0,10.735956666666606
1,b1c12,67.0,10.652213333333203
1,b1c12,68.0,10.736071666666733
1,b1c12,69.0,10.652358333333298
1,b1c12,70.0,10.652441666666709
1,b1c12,71.0,10.735541666666299
1,b1c12,72.0,10.735628333333686
1,b1c12,73.0,10.652611666666537
1,b1c12,74.0,10.652691666666458
1,b1c12,75.0,10.735678333333635
1,b1c12,76.0,10.652603333333294
1,b1c12,77.0,10.652836666666554
1,b1c12,78.0,10.652503333332909
1,b1c12,79.0,10.652026666666886
1,b1c12,80.0,10.735933333333621
1,b1c12,81.0,10.65275999999964
1,b1c12,82.0,10.652210000000196
1,b1c12,83.0,10.652423333333475
1,b1c12,84.0,10.736075000000225
1,b1c12,85.0,10.652386666667493
1,b1c12,86.0,10.735833333333721
1,b1c12,87.0,10.652184999999978
1,b1c12,88.0,10.652648333333007
1,b1c12,89.0,10.652571666666578
1,b1c12,90.0,10.735718333333109
1,b1c12,91.0,10.652238333333905
1,b1c12,92.0,10.736091666666713
1,b1c12,93.0,10.65295333333294
1,b1c12,94.0,10.735891666666914
1,b1c12,95.0,10.652479999999438
1,b1c12,96.0,10.652836666667524
1,b1c12,97.0,10.735979999999593
1,b1c12,98.0,10.652839999999076
1,b1c12,99.0,10.652366666666543
1,b1c12,100.0,10.652620000000267
1,b1c13,10.0,10.735849999999967
1,b1c13,11.0,10.652569999999953
1,b1c13,12.0,10.735768333333302
1,b1c13,13.0,10.652303333333354
1,b1c13,14.0,10.652318333333339
1,b1c13,15.0,10.735893333333419
1,b1c13,16.0,10.735586666666617
1,b1c13,17.0,10.652028333333268
1,b1c13,18.0,10.735736666666707
1,b1c13,19.0,10.735810000000008
1,b1c13,20.0,10.735646666666556
1,b1c13,21.0,10.736028333333282
1,b1c13,22.0,10.652441666666709
1,b1c13,23.0,10.65235500000005
1,b1c13,24.0,10.652573333333324
1,b1c13,25.0,10.65245833333344
1,b1c13,26.0,10.65260833333353
1,b1c13,27.0,10.652756666666635
1,b1c13,28.0,10.65223833333342
1,b1c13,29.0,10.735788333333282
1,b1c13,30.0,10.65236833333353
1,b1c13,31.0,10.652226666666442
1,b1c13,32.0,10.65238833333351
1,b1c13,33.0,10.652586666666563
1,b1c13,34.0,10.7358133333335
1,b1c13,35.0,10.735655000000163
1,b1c13,36.0,10.652543333333353
1,b1c13,37.0,10.735876666666687
1,b1c13,38.0,10.652676666666714
1,b1c13,39.0,10.652436666666715
1,b1c13,40.0,10.652929999999953
1,b1c13,41.0,10.652621666666528
1,b1c13,42.0,10.65273499999991
1,b1c13,43.0,10.735799999999776
1,b1c13,44.0,10.652671666666476
1,b1c13,45.0,10.73575666666681
1,b1c13,46.0,10.735585000000235
1,b1c13,47.0,10.735771666666551
1,b1c13,48.0,10.652356666666552
1,b1c13,49.0,10.652320000000085
1,b1c13,50.0,10.652434999999725
1,b1c13,51.0,10.735715000000104
1,b1c13,52.0,10.652445000000201
1,b1c13,53.0,10.652320000000085
1,b1c13,54.0,10.652635000000009
1,b1c13,55.0,10.736171666666632
1,b1c13,56.0,10.735833333333236
1,b1c13,57.0,10.652313333333586
1,b1c13,58.0,10.652344999999817
1,b1c13,59.0,10.65229166666686
1,b1c13,60.0,10.652486666666906
1,b1c13,61.0,10.652226666666683
1,b1c13,62.0,10.652586666666805
1,b1c13,63.0,10.652293333333606
1,b1c13,64.0,10.652608333333045
1,b1c13,65.0,10.652478333333177
1,b1c13,66.0,10.735854999999962
1,b1c13,67.0,10.652468333333188
1,b1c13,68.0,10.736001666666803
1,b1c13,69.0,10.73583000000023
1,b1c13,70.0,10.735713333333358
1,b1c13,71.0,10.735681666666641
1,b1c13,72.0,10.735719999999855
1,b1c13,73.0,10.652068333333107
1,b1c13,74.0,10.652565000000079
1,b1c13,75.0,10.735558333333271
1,b1c13,76.0,10.735833333333236
1,b1c13,77.0,10.652466666666927
1,b1c13,78.0,10.652520000000369
1,b1c13,79.0,10.652441666666709
1,b1c13,80.0,10.652489999999913
1,b1c13,81.0,10.65251500000013
1,b1c13,82.0,10.652618333333521
1,b1c13,83.0,10.656435000000055
1,b1c13,84.0,10.652611666666537
1,b1c13,85.0,10.73568666666688
1,b1c13,86.0,10.652438333332732
1,b1c13,87.0,10.652528333333127
1,b1c13,88.0,10.735759999999816
1,b1c13,89.0,10.736094999999235
1,b1c13,90.0,10.735691666666147
1,b1c13,91.0,10.652276666666149
1,b1c13,92.0,10.653501666667095
1,b1c13,93.0,10.652755000000859
1,b1c13,94.0,10.653198333333906
1,b1c13,95.0,10.735850000000209
1,b1c13,96.0,10.65265833333348
1,b1c13,97.0,10.735743333333327
1,b1c13,98.0,10.735918333333878
1,b1c13,99.0,10.652261666666407
1,b1c13,100.0,10.65258666666632
1,b1c14,10.0,10.762913333333442
1,b1c14,11.0,10.7634399999999
1,b1c14,12.0,10.846293333333355
1,b1c14,13.0,419.7895399999999
1,b1c14,14.0,10.763135000000087
1,b1c14,15.0,10.763293333333422
1,b1c14,16.0,10.763009999999971
1,b1c14,17.0,10.84664499999999
1,b1c14,18.0,10.762968333333266
1,b1c14,19.0,10.84664499999999
1,b1c14,20.0,10.846446666666695
1,b1c14,21.0,10.846218333333187
1,b1c14,22.0,10.846336666666563
1,b1c14,23.0,10.763341666666626
1,b1c14,24.0,10.762695000000045
1,b1c14,25.0,10.76315666666657
1,b1c14,26.0,10.763088333333387
1,b1c14,27.0,10.763158333333315
1,b1c14,28.0,10.846386666666755
1,b1c14,29.0,10.84650833333338
1,b1c14,30.0,10.76302333333321
1,b1c14,31.0,10.762853333333139
1,b1c14,32.0,10.846331666666568
1,b1c14,33.0,10.762935000000047
1,b1c14,34.0,10.763231666666494
1,b1c14,35.0,10.763183333333291
1,b1c14,36.0,10.763503333333453
1,b1c14,37.0,10.846933333333679
1,b1c14,38.0,10.763148333333568
1,b1c14,39.0,10.763410000000052
1,b1c14,40.0,10.763206666666763
1,b1c14,41.0,10.763056666666914
1,b1c14,42.0,10.762978333333255
1,b1c14,43.0,10.763226666666743
1,b1c14,44.0,10.76293666666655
1,b1c14,45.0,10.846016666666644
1,b1c14,46.0,10.76338666666658
1,b1c14,47.0,10.76307833333364
1,b1c14,48.0,10.763189999999788
1,b1c14,49.0,10.762906666666579
1,b1c14,50.0,10.76319999999978
1,b1c14,51.0,10.846349999999802
1,b1c14,52.0,10.84591999999975
1,b1c14,53.0,10.846451666666447
1,b1c14,54.0,10.763306666666661
1,b1c14,55.0,10.846758333333128
1,b1c14,56.0,10.763068333333164
1,b1c14,57.0,10.76331666666665
1,b1c14,58.0,10.846328333333561
1,b1c14,59.0,10.84646999999968
1,b1c14,60.0,10.762995000000227
1,b1c14,61.0,10.846218333333187
1,b1c14,62.0,10.846644999999747
1,b1c14,63.0,10.846323333333324
1,b1c14,64.0,10.846501666666397
1,b1c14,65.0,10.763066666666418
1,b1c14,66.0,10.763149999999829
1,b1c14,67.0,10.763141666667071
1,b1c14,68.0,10.763371666666838
1,b1c14,69.0,10.76340666666656
1,b1c14,70.0,10.763290000000174
1,b1c14,71.0,10.763155000000067
1,b1c14,72.0,10.763250000000214
1,b1c14,73.0,10.846871666666509
1,b1c14,74.0,10.8463883333335
1,b1c14,75.0,10.846465000000414
1,b1c14,76.0,10.763226666667228
1,b1c14,77.0,10.763334999999886
1,b1c14,78.0,10.84635666666727
1,b1c14,79.0,10.763251666666473
1,b1c14,80.0,10.846618333332783
1,b1c14,81.0,10.762656666666347
1,b1c14,82.0,10.76302999999995
1,b1c14,83.0,10.846430000000206
1,b1c14,84.0,10.847364999999991
1,b1c14,85.0,10.76334500000036
1,b1c14,86.0,10.76346500000024
1,b1c14,87.0,10.846839999999307
1,b1c14,88.0,10.846683333333932
1,b1c14,89.0,10.763228333333002
1,b1c14,90.0,10.846506666666635
1,b1c14,91.0,10.763453333333018
1,b1c14,92.0,10.7633733333331
1,b1c14,93.0,10.763105000000602
1,b1c14,94.0,10.846146666666998
1,b1c14,95.0,10.846099999999085
1,b1c14,96.0,10.846295000000586
1,b1c14,97.0,10.846570000000066
1,b1c14,98.0,10.76320166666701
1,b1c14,99.0,10.846319999999832
1,b1c14,100.0,10.84634500000005
1,b1c15,10.0,10.846250000000024
1,b1c15,11.0,10.846428333333339
1,b1c15,12.0,10.763154999999946
1,b1c15,13.0,419.87335500000006
1,b1c15,14.0,10.84670833333342
1,b1c15,15.0,10.76314333333333
1,b1c15,16.0,10.762899999999838
1,b1c15,17.0,10.762916666666813
1,b1c15,18.0,10.763546666666661
1,b1c15,19.0,10.76288333333335
1,b1c15,20.0,10.846790000000086
1,b1c15,21.0,10.846443333333204
1,b1c15,22.0,10.846268333333137
1,b1c15,23.0,10.846453333333193
1,b1c15,24.0,10.846286666666613
1,b1c15,25.0,10.8465350000001
1,b1c15,26.0,10.76318666666654
1,b1c15,27.0,10.76286666666662
1,b1c15,28.0,10.763196666666529
1,b1c15,29.0,10.847505000000092
1,b1c15,30.0,10.763704999999996
1,b1c15,31.0,10.763474999999987
1,b1c15,32.0,10.84690166666672
1,b1c15,33.0,10.84651833333337
1,b1c15,34.0,10.763096666666874
1,b1c15,35.0,10.763746666666702
1,b1c15,36.0,10.763519999999941
1,b1c15,37.0,10.763073333333402
1,b1c15,38.0,10.763453333333503
1,b1c15,39.0,10.763746666666702
1,b1c15,40.0,10.763496666666954
1,b1c15,41.0,10.846853333333275
1,b1c15,42.0,10.763675000000028
1,b1c15,43.0,10.763306666666661
1,b1c15,44.0,10.76311999999986
1,b1c15,45.0,10.76311999999986
1,b1c15,46.0,10.763013333332976
1,b1c15,47.0,10.763133333333341
1,b1c15,48.0,10.846439999999712
1,b1c15,49.0,10.84672166666666
1,b1c15,50.0,10.763241666666485
1,b1c15,51.0,10.846284999999625
1,b1c15,52.0,10.846573333333072
1,b1c15,53.0,10.763033333333443
1,b1c15,54.0,10.763121666666605
1,b1c15,55.0,10.846403333333244
1,b1c15,56.0,10.763281666666444
1,b1c15,57.0,10.763651666666556
1,b1c15,58.0,10.763653333333302
1,b1c15,59.0,10.846724999999667
1,b1c15,60.0,10.763906666667026
1,b1c15,61.0,10.762811666666918
1,b1c15,62.0,10.846278333333126
1,b1c15,63.0,10.76270333333329
1,b1c15,64.0,10.763135000000087
1,b1c15,65.0,10.763410000000052
1,b1c15,66.0,10.847040000000076
1,b1c15,67.0,10.762968333333266
1,b1c15,68.0,10.763463333333494
1,b1c15,69.0,10.846395
1,b1c15,70.0,10.763501666666707
1,b1c15,71.0,10.763401666666322
1,b1c15,72.0,10.846395
1,b1c15,73.0,10.763131666666595
1,b1c15,74.0,10.763334999999886
1,b1c15,75.0,10.846574999999818
1,b1c15,76.0,10.846608333333279
1,b1c15,77.0,10.763121666667091
1,b1c15,78.0,10.763039999999455
1,b1c15,79.0,10.846269999999398
1,b1c15,80.0,10.846254999999655
1,b1c15,81.0,10.763289999999689
1,b1c15,82.0,10.846615000000263
1,b1c15,83.0,10.763519999999941
1,b1c15,84.0,10.762989999999991
1,b1c15,85.0,10.846550000000086
1,b1c15,86.0,10.846695000000182
1,b1c15,87.0,10.763716666666248
1,b1c15,88.0,10.846829999999803
1,b1c15,89.0,10.846253333332909
1,b1c15,90.0,10.846503333333143
1,b1c15,91.0,10.762881666666363
1,b1c15,92.0,10.762944999999794
1,b1c15,93.0,10.763066666667388
1,b1c15,94.0,10.763278333332467
1,b1c15,95.0,10.763088333334114
1,b1c15,96.0,10.846614999999293
1,b1c15,97.0,10.763169999999809
1,b1c15,98.0,10.846451666666932
1,b1c15,99.0,10.763196666666772
1,b1c15,100.0,10.7632733333332
1,b1c16,10.0,10.09640833333336
1,b1c16,11.0,10.179769999999916
1,b1c16,12.0,10.09645166666669
1,b1c16,13.0,10.096540000000095
1,b1c16,14.0,10.09750833333334
1,b1c16,15.0,10.096875
1,b1c16,16.0,10.096694999999938
1,b1c16,17.0,10.09722499999989
1,b1c16,18.0,10.180018333333283
1,b1c16,19.0,10.180956666666559
1,b1c16,20.0,10.09722166666664
1,b1c16,21.0,10.097068333333542
1,b1c16,22.0,10.180623333333399
1,b1c16,23.0,10.180289999999998
1,b1c16,24.0,10.097030000000085
1,b1c16,25.0,10.180011666666784
1,b1c16,26.0,10.096916666666706
1,b1c16,27.0,10.180156666666639
1,b1c16,28.0,10.096649999999984
1,b1c16,29.0,10.097086666666534
1,b1c16,30.0,10.096704999999929
1,b1c16,31.0,10.096785000000091
1,b1c16,32.0,10.179991666666805
1,b1c16,33.0,10.18031666666672
1,b1c16,34.0,10.09707166666679
1,b1c16,35.0,10.179946666666849
1,b1c16,36.0,10.096739999999894
1,b1c16,37.0,10.097050000000065
1,b1c16,38.0,10.09683500000004
1,b1c16,39.0,10.180118333333423
1,b1c16,40.0,10.097119999999995
1,b1c16,41.0,10.09679500000008
1,b1c16,42.0,10.18037333333341
1,b1c16,43.0,10.096991666666387
1,b1c16,44.0,10.096776666666361
1,b1c16,45.0,10.09665166666673
1,b1c16,46.0,10.180339999999948
1,b1c16,47.0,10.096796666666826
1,b1c16,48.0,10.096843333333284
1,b1c16,49.0,10.096931666666448
1,b1c16,50.0,10.096615000000263
1,b1c16,51.0,10.180250000000038
1,b1c16,52.0,10.180383333333399
1,b1c16,53.0,10.180436666666841
1,b1c16,54.0,10.096866666666756
1,b1c16,55.0,10.096614999999778
1,b1c16,56.0,10.097091666666772
1,b1c16,57.0,10.180451666667068
1,b1c16,58.0,10.180318333333222
1,b1c16,59.0,10.097065000000294
1,b1c16,60.0,10.096953333333174
1,b1c16,61.0,10.180173333333611
1,b1c16,62.0,10.09686500000001
1,b1c16,63.0,10.096563333333567
1,b1c16,64.0,10.096838333333531
1,b1c16,65.0,10.096563333333082
1,b1c16,66.0,10.096863333333749
1,b1c16,67.0,10.096841666666538
1,b1c16,68.0,10.096916666666706
1,b1c16,69.0,10.096831666667034
1,b1c16,70.0,10.180235000000296
1,b1c16,71.0,10.096818333333067
1,b1c16,72.0,10.180265000000267
1,b1c16,73.0,10.097119999999995
1,b1c16,74.0,10.096853333333275
1,b1c16,75.0,10.096678333333209
1,b1c16,76.0,10.09663833333325
1,b1c16,77.0,10.097275000000566
1,b1c16,78.0,10.18031333333347
1,b1c16,79.0,10.097398333333937
1,b1c16,80.0,10.097156666667434
1,b1c16,81.0,10.096648333333238
1,b1c16,82.0,10.179919999999887
1,b1c16,83.0,10.180371666666664
1,b1c16,84.0,10.096798333332602
1,b1c16,85.0,10.18029333333349
1,b1c16,86.0,10.180291666666744
1,b1c16,87.0,10.180416666666861
1,b1c16,88.0,10.096554999999352
1,b1c16,89.0,10.180398333333626
1,b1c16,90.0,10.180071666665997
1,b1c16,91.0,10.096741666667125
1,b1c16,92.0,10.180300000000473
1,b1c16,93.0,10.180546666666244
1,b1c16,94.0,10.096968333332915
1,b1c16,95.0,10.096630000000005
1,b1c16,96.0,10.09699833333337
1,b1c16,97.0,10.096875
1,b1c16,98.0,10.096864999999525
1,b1c16,99.0,10.096791666666588
1,b1c16,100.0,10.09688666666625
1,b1c17,10.0,10.096756666666746
1,b1c17,11.0,10.09676166666674
1,b1c17,12.0,10.096823333333305
1,b1c17,13.0,10.096789999999965
1,b1c17,14.0,10.09667833333333
1,b1c17,15.0,10.179918333333383
1,b1c17,16.0,10.180171666666622
1,b1c17,17.0,10.09681166666657
1,b1c17,18.0,10.103795000000051
1,b1c17,19.0,10.096886666666615
1,b1c17,20.0,10.180000000000048
1,b1c17,21.0,10.180074999999972
1,b1c17,22.0,10.096729999999903
1,b1c17,23.0,10.180251666666543
1,b1c17,24.0,10.180104999999942
1,b1c17,25.0,10.179946666666849
1,b1c17,26.0,10.09671166666667
1,b1c17,27.0,10.180023333333278
1,b1c17,28.0,10.180126666666668
1,b1c17,29.0,10.180010000000038
1,b1c17,30.0,10.180123333333176
1,b1c17,31.0,10.097060000000056
1,b1c17,32.0,10.096566666666574
1,b1c17,33.0,10.179920000000129
1,b1c17,34.0,10.179989999999815
1,b1c17,35.0,10.179931666666622
1,b1c17,36.0,10.096915000000202
1,b1c17,37.0,10.096989999999884
1,b1c17,38.0,10.179985000000064
1,b1c17,39.0,10.096766666666614
1,b1c17,40.0,10.096901666666477
1,b1c17,41.0,10.096668333333218
1,b1c17,42.0,10.180623333333642
1,b1c17,43.0,10.17979333333351
1,b1c17,44.0,10.096768333333603
1,b1c17,45.0,10.096861666666518
1,b1c17,46.0,10.096600000000034
1,b1c17,47.0,10.096753333333375
1,b1c17,48.0,10.180204999999841
1,b1c17,49.0,10.180036666666759
1,b1c17,50.0,10.18011666666668
1,b1c17,51.0,10.096776666666361
1,b1c17,52.0,10.096726666666411
1,b1c17,53.0,10.180276666666517
1,b1c17,54.0,10.180156666666639
1,b1c17,55.0,10.096808333333563
1,b1c17,56.0,10.180281666666755
1,b1c17,57.0,10.096828333333542
1,b1c17,58.0,10.096773333333354
1,b1c17,59.0,10.096853333333275
1,b1c17,60.0,10.096893333333234
1,b1c17,61.0,10.179865000000184
1,b1c17,62.0,10.18012000000017
1,b1c17,63.0,10.180218333333324
1,b1c17,64.0,10.096846666666776
1,b1c17,65.0,10.096808333333078
1,b1c17,66.0,10.096941666666437
1,b1c17,67.0,10.096951666666913
1,b1c17,68.0,10.097000000000117
1,b1c17,69.0,10.096596666667029
1,b1c17,70.0,10.096746666666878
1,b1c17,71.0,10.18014333333364
1,b1c17,72.0,10.096760000000359
1,b1c17,73.0,10.179806666666506
1,b1c17,74.0,10.180049999999756
1,b1c17,75.0,10.180041666666511
1,b1c17,76.0,10.179839999999967
1,b1c17,77.0,10.096515000000363
1,b1c17,78.0,10.180078333333464
1,b1c17,79.0,10.180265000000267
1,b1c17,80.0,10.09669166666669
1,b1c17,81.0,10.18024000000005
1,b1c17,82.0,10.096783333333345
1,b1c17,83.0,10.180265000000267
1,b1c17,84.0,10.096779999999853
1,b1c17,85.0,10.180091666666947
1,b1c17,86.0,10.179976666666334
1,b1c17,87.0,10.096703333332941
1,b1c17,88.0,10.179823333332509
1,b1c17,89.0,10.18017833333385
1,b1c17,90.0,10.179893333332924
1,b1c17,91.0,10.179971666666097
1,b1c17,92.0,10.096873333334225
1,b1c17,93.0,10.096889999999743
1,b1c17,94.0,10.096821666666074
1,b1c17,95.0,10.180111666666926
1,b1c17,96.0,10.09708666666702
1,b1c17,97.0,10.179741666665844
1,b1c17,98.0,10.180795000000701
1,b1c17,99.0,10.18090333333336
1,b1c17,100.0,10.18000666666679
1,b1c18,10.0,9.95889166666675
1,b1c18,11.0,9.958603333333304
1,b1c18,12.0,9.959183333333325
1,b1c18,13.0,9.959833333333275
1,b1c18,14.0,9.958994999999899
1,b1c18,15.0,9.956974999999996
1,b1c18,16.0,9.959306666666695
1,b1c18,17.0,9.874501666666644
1,b1c18,18.0,9.958396666666642
1,b1c18,19.0,9.958343333333444
1,b1c18,20.0,9.958860000000035
1,b1c18,21.0,9.873245000000074
1,b1c18,22.0,9.957751666666688
1,b1c18,23.0,9.959350000000025
1,b1c18,24.0,9.959213333333416
1,b1c18,25.0,9.957591666666607
1,b1c18,26.0,9.959310000000066
1,b1c18,27.0,9.876756666666672
1,b1c18,28.0,9.875253333333239
1,b1c18,29.0,9.875406666666823
1,b1c18,30.0,9.958423333333242
1,b1c18,31.0,9.874796666666468
1,b1c18,32.0,9.9606749999999
1,b1c18,33.0,9.958433333333476
1,b1c18,34.0,9.875418333333316
1,b1c18,35.0,9.872441666666662
1,b1c18,36.0,9.875095000000147
1,b1c18,37.0,9.875860000000102
1,b1c18,38.0,9.874534999999984
1,b1c18,39.0,9.876021666666686
1,b1c18,40.0,9.958419999999993
1,b1c18,41.0,9.874404999999873
1,b1c18,42.0,9.875881666666828
1,b1c18,43.0,9.87547666666651
1,b1c18,44.0,9.87476666666674
1,b1c18,45.0,9.95942499999995
1,b1c18,46.0,9.957956666666723
1,b1c18,47.0,9.958703333333444
1,b1c18,48.0,9.960028333333321
1,b1c18,49.0,9.958758333333147
1,b1c18,50.0,9.958793333333354
1,b1c18,51.0,9.957861666666577
1,b1c18,52.0,9.877366666667028
1,b1c18,53.0,9.875474999999764
1,b1c18,54.0,9.958301666667102
1,b1c18,55.0,9.958756666666886
1,b1c18,56.0,9.958260000000397
1,b1c18,57.0,9.959830000000268
1,b1c18,58.0,9.958648333333743
1,b1c18,59.0,9.958674999999737
1,b1c18,60.0,9.87530333333319
1,b1c18,61.0,9.891871666666702
1,b1c18,62.0,9.974201666666582
1,b1c18,63.0,9.877853333333041
1,b1c18,64.0,9.875461666666281
1,b1c18,65.0,9.874536666666973
1,b1c18,66.0,9.874745000000015
1,b1c18,67.0,9.959278333333108
1,b1c18,68.0,9.95729666666642
1,b1c18,69.0,9.95698333333324
1,b1c18,70.0,9.872593333333498
1,b1c18,71.0,9.874548333333223
1,b1c18,72.0,9.958534999999877
1,b1c18,73.0,9.873126666666455
1,b1c18,74.0,9.956701666666778
1,b1c18,75.0,9.958839999999812
1,b1c18,76.0,9.958113333333555
1,b1c18,77.0,9.958151666666769
1,b1c18,78.0,9.959370000000247
1,b1c18,79.0,9.958266666666411
1,b1c18,80.0,9.958078333333349
1,b1c18,81.0,9.959803333333305
1,b1c18,82.0,9.875271666666958
1,b1c18,83.0,9.958940000000196
1,b1c18,84.0,9.959585000000272
1,b1c18,85.0,9.874948333333789
1,b1c18,86.0,9.95907166666584
1,b1c18,87.0,9.95710333333312
1,b1c18,88.0,9.958501666666901
1,b1c18,89.0,9.873574999999255
1,b1c18,90.0,9.872766666667303
1,b1c18,91.0,9.956476666666761
1,b1c18,92.0,9.874165000000115
1,b1c18,93.0,9.876870000000538
1,b1c18,94.0,9.95733833333361
1,b1c18,95.0,9.959556666666565
1,b1c18,96.0,9.873913333333137
1,b1c18,97.0,9.959536666666585
1,b1c18,98.0,9.874595000000166
1,b1c18,99.0,9.87523499999952
1,b1c18,100.0,9.958419999999267
1,b1c19,10.0,9.957968333333337
1,b1c19,11.0,9.958003333333302
1,b1c19,12.0,9.874651666666614
1,b1c19,13.0,9.958001666666679
1,b1c19,14.0,9.874404999999994
1,b1c19,15.0,9.875115000000005
1,b1c19,16.0,9.87525666666661
1,b1c19,17.0,9.957951666666728
1,b1c19,18.0,9.958061666666618
1,b1c19,19.0,9.958023333333404
1,b1c19,20.0,9.958310000000104
1,b1c19,21.0,9.957681666666758
1,b1c19,22.0,9.874563333333208
1,b1c19,23.0,9.874404999999873
1,b1c19,24.0,9.958301666666618
1,b1c19,25.0,9.958038333333388
1,b1c19,26.0,9.874491666666776
1,b1c19,27.0,9.957723333333464
1,b1c19,28.0,9.875048333333204
1,b1c19,29.0,9.87475000000001
1,b1c19,30.0,9.874468333333304
1,b1c19,31.0,9.874344999999932
1,b1c19,32.0,9.958141666666537
1,b1c19,33.0,9.957918333333266
1,b1c19,34.0,9.958229999999942
1,b1c19,35.0,9.874736666666529
1,b1c19,36.0,9.958155000000017
1,b1c19,37.0,9.957818333333368
1,b1c19,38.0,9.875298333333436
1,b1c19,39.0,9.875094999999904
1,b1c19,40.0,9.874368333333404
1,b1c19,41.0,9.958340000000074
1,b1c19,42.0,9.958301666666618
1,b1c19,43.0,9.95832500000009
1,b1c19,44.0,9.957713333332988
1,b1c19,45.0,9.9579283333335
1,b1c19,46.0,9.875891666666819
1,b1c19,47.0,9.958239999999932
1,b1c19,48.0,9.875041666666705
1,b1c19,49.0,9.958053333333131
1,b1c19,50.0,9.957941666666496
1,b1c19,51.0,9.958483333333183
1,b1c19,52.0,9.875043333333451
1,b1c19,53.0,9.957738333333205
1,b1c19,54.0,9.958183333333
1,b1c19,55.0,9.874753333333745
1,b1c19,56.0,9.874729999999788
1,b1c19,57.0,9.958034999999898
1,b1c19,58.0,9.957681666666758
1,b1c19,59.0,9.957831666666607
1,b1c19,60.0,9.958456666666704
1,b1c19,61.0,9.958148333333277
1,b1c19,62.0,9.957966666666714
1,b1c19,63.0,9.957913333333272
1,b1c19,64.0,9.95810333333308
1,b1c19,65.0,9.958076666666603
1,b1c19,66.0,9.874413333333601
1,b1c19,67.0,9.958116666666562
1,b1c19,68.0,9.95836833333354
1,b1c19,69.0,9.958060000000113
1,b1c19,70.0,9.957698333333246
1,b1c19,71.0,9.957830000000346
1,b1c19,72.0,9.874195000000084
1,b1c19,73.0,9.874719999999797
1,b1c19,74.0,9.957486666666712
1,b1c19,75.0,9.957258333333206
1,b1c19,76.0,9.874111666666673
1,b1c19,77.0,9.87452333333349
1,b1c19,78.0,9.87447000000005
1,b1c19,79.0,9.874511666666756
1,b1c19,80.0,9.958120000000054
1,b1c19,81.0,9.874858333333396
1,b1c19,82.0,9.957954999999977
1,b1c19,83.0,9.958046666666633
1,b1c19,84.0,9.958203333333465
1,b1c19,85.0,9.95787666666632
1,b1c19,86.0,9.957761666666677
1,b1c19,87.0,9.95750166666597
1,b1c19,88.0,9.958221666666214
1,b1c19,89.0,9.95806333333409
1,b1c19,90.0,9.958344999999584
1,b1c19,91.0,9.95823499999921
1,b1c19,92.0,9.95795166666697
1,b1c19,93.0,9.874446666666579
1,b1c19,94.0,9.958099999999588
1,b1c19,95.0,9.874588333333183
1,b1c19,96.0,9.958351666666568
1,b1c19,97.0,9.957908333333519
1,b1c19,98.0,9.95826333333292
1,b1c19,99.0,9.957991666666931
1,b1c19,100.0,9.957793333332909
1,b1c20,10.0,9.069191666666665
1,b1c20,11.0,8.986314999999983
1,b1c20,12.0,8.986591666666694
1,b1c20,13.0,8.986701666666704
1,b1c20,14.0,9.07127833333337
1,b1c20,15.0,9.069813333333393
1,b1c20,16.0,8.986450000000088
1,b1c20,17.0,8.987678333333315
1,b1c20,18.0,8.987136666666629
1,b1c20,19.0,8.987669999999829
1,b1c20,20.0,9.070488333333438
1,b1c20,21.0,8.987461666666785
1,b1c20,22.0,9.07141166666673
1,b1c20,23.0,8.987274999999984
1,b1c20,24.0,8.987029999999988
1,b1c20,25.0,8.986794999999983
1,b1c20,26.0,8.986744999999791
1,b1c20,27.0,9.070074999999877
1,b1c20,28.0,8.986918333333355
1,b1c20,29.0,8.986841666666685
1,b1c20,30.0,9.070280000000155
1,b1c20,31.0,8.985969999999845
1,b1c20,32.0,8.987790000000192
1,b1c20,33.0,8.98782666666666
1,b1c20,34.0,9.071146666666754
1,b1c20,35.0,8.988531666666677
1,b1c20,36.0,9.071626666666512
1,b1c20,37.0,9.071396666666745
1,b1c20,38.0,9.07140999999974
1,b1c20,39.0,8.988824999999876
1,b1c20,40.0,8.98892666666652
1,b1c20,41.0,8.98923833333344
1,b1c20,42.0,9.073819999999735
1,b1c20,43.0,9.07301333333356
1,b1c20,44.0,9.073191666666633
1,b1c20,45.0,9.07349499999982
1,b1c20,46.0,8.990658333333462
1,b1c20,47.0,8.990964999999656
1,b1c20,48.0,8.991258333333342
1,b1c20,49.0,8.991230000000117
1,b1c20,50.0,8.991568333333028
1,b1c20,51.0,8.991676666666656
1,b1c20,52.0,9.07518166666705
1,b1c20,53.0,9.075144999999612
1,b1c20,54.0,9.075781666666444
1,b1c20,55.0,9.075728333333489
1,b1c20,56.0,8.993088333333436
1,b1c20,57.0,9.077011666666658
1,b1c20,58.0,9.077714999999928
1,b1c20,59.0,8.994356666666379
1,b1c20,60.0,8.995598333333328
1,b1c20,61.0,8.99656833333332
1,b1c20,62.0,9.079808333333252
1,b1c20,63.0,8.996631666666751
1,b1c20,64.0,9.079835000000214
1,b1c20,65.0,8.997340000000259
1,b1c20,66.0,8.997603333333489
1,b1c20,67.0,8.997100000000016
1,b1c20,68.0,9.08181999999991
1,b1c20,69.0,8.99919333333334
1,b1c20,70.0,9.080299999999989
1,b1c20,71.0,8.995393333333292
1,b1c20,72.0,9.077903333333476
1,b1c20,73.0,8.99458333333314
1,b1c20,74.0,9.081356666666883
1,b1c20,75.0,9.08356166666684
1,b1c20,76.0,9.001061666666647
1,b1c20,77.0,9.001264999999936
1,b1c20,78.0,9.08464000000046
1,b1c20,79.0,9.085871666666936
1,b1c20,80.0,9.002733333333163
1,b1c20,81.0,9.002636666666755
1,b1c20,82.0,9.08741666666659
1,b1c20,83.0,9.00563666666664
1,b1c20,84.0,9.088266666667186
1,b1c20,85.0,9.006329999999918
1,b1c20,86.0,9.006340000000394
1,b1c20,87.0,9.007608333332852
1,b1c20,88.0,9.008859999999792
1,b1c20,89.0,9.008139999999548
1,b1c20,90.0,9.01104500000074
1,b1c20,91.0,9.01091333333267
1,b1c20,92.0,9.011876666666163
1,b1c20,93.0,9.096888333332997
1,b1c20,94.0,9.015158333333481
1,b1c20,95.0,9.098171666666167
1,b1c20,96.0,9.016568333333513
1,b1c20,97.0,9.01737833333318
1,b1c20,98.0,9.016939999999401
1,b1c20,99.0,9.10201333333389
1,b1c20,100.0,9.019490000000223
1,b1c21,10.0,8.981218333333345
1,b1c21,11.0,8.981048333333336
1,b1c21,12.0,8.896696666666685
1,b1c21,13.0,8.89676833333336
1,b1c21,14.0,8.986379999999917
1,b1c21,15.0,8.981341666666655
1,b1c21,16.0,8.981341666666655
1,b1c21,17.0,8.985736666666586
1,b1c21,18.0,8.98125
1,b1c21,19.0,8.98147333333327
1,b1c21,20.0,8.896953333333416
1,b1c21,21.0,8.981288333333456
1,b1c21,22.0,8.896709999999924
1,b1c21,23.0,8.89685500000002
1,b1c21,24.0,8.981111666666644
1,b1c21,25.0,8.981271666666725
1,b1c21,26.0,8.980991666666522
1,b1c21,27.0,8.896639999999994
1,b1c21,28.0,8.981371666666625
1,b1c21,29.0,8.981231666666766
1,b1c21,30.0,8.897046666666817
1,b1c21,31.0,8.896858333333268
1,b1c21,32.0,8.897006666666858
1,b1c21,33.0,8.896636666666502
1,b1c21,34.0,8.896965000000153
1,b1c21,35.0,8.89682666666631
1,b1c21,36.0,8.896606666666534
1,b1c21,37.0,8.896678333333208
1,b1c21,38.0,8.897126666666493
1,b1c21,39.0,8.896749999999884
1,b1c21,40.0,8.897485000000355
1,b1c21,41.0,8.981339999999909
1,b1c21,42.0,8.896963333333648
1,b1c21,43.0,8.98139333333335
1,b1c21,44.0,8.98125999999999
1,b1c21,45.0,8.896791666666589
1,b1c21,46.0,8.981228333333274
1,b1c21,47.0,8.896976666666644
1,b1c21,48.0,8.981364999999641
1,b1c21,49.0,8.981206666666548
1,b1c21,50.0,8.897094999999778
1,b1c21,51.0,8.986208333333586
1,b1c21,52.0,8.981386666666367
1,b1c21,53.0,8.981214999999793
1,b1c21,54.0,8.986233333333319
1,b1c21,55.0,8.986314999999983
1,b1c21,56.0,8.986675000000105
1,b1c21,57.0,9.069756666666459
1,b1c21,58.0,9.070144999999805
1,b1c21,59.0,9.069516666666702
1,b1c21,60.0,9.070686666666491
1,b1c21,61.0,9.071256666666402
1,b1c21,62.0,9.06986999999984
1,b1c21,63.0,9.070809999999861
1,b1c21,64.0,8.987943333333048
1,b1c21,65.0,9.071185000000211
1,b1c21,66.0,8.98823333333324
1,b1c21,67.0,8.988016666666955
1,b1c21,68.0,8.988444999999775
1,b1c21,69.0,9.071921666666459
1,b1c21,70.0,9.071103333333546
1,b1c21,71.0,8.986963333333067
1,b1c21,72.0,9.069891666666566
1,b1c21,73.0,9.069781666666676
1,b1c21,74.0,9.071309999999842
1,b1c21,75.0,8.988728333333468
1,b1c21,76.0,8.98939500000027
1,b1c21,77.0,9.072791666667035
1,b1c21,78.0,8.98922333333321
1,b1c21,79.0,9.073483333333085
1,b1c21,80.0,9.073438333332888
1,b1c21,81.0,8.989886666666523
1,b1c21,82.0,8.990484999999172
1,b1c21,83.0,8.99068833333343
1,b1c21,84.0,8.990583333333294
1,b1c21,85.0,8.99136666666697
1,b1c21,86.0,8.991821666667239
1,b1c21,87.0,9.076568333333125
1,b1c21,88.0,9.076413333333525
1,b1c21,89.0,9.076575000000108
1,b1c21,90.0,9.077596666666796
1,b1c21,91.0,8.994486666665761
1,b1c21,92.0,9.078038333333097
1,b1c21,93.0,8.99591833333349
1,b1c21,94.0,9.079870000000422
1,b1c21,95.0,9.079646666667152
1,b1c21,96.0,8.996943333332698
1,b1c21,97.0,9.080738333333283
1,b1c21,98.0,9.080369999999919
1,b1c21,99.0,8.99855666666699
1,b1c21,100.0,8.999223333333308
1,b1c22,10.0,11.430169999999999
1,b1c22,11.0,11.430028333333272
1,b1c22,12.0,11.430204999999964
1,b1c22,13.0,11.43021333333333
1,b1c22,14.0,11.430124999999922
1,b1c22,15.0,11.430253333333289
1,b1c22,16.0,11.430520000000008
1,b1c22,17.0,11.430040000000009
1,b1c22,18.0,11.430386666666648
1,b1c22,19.0,11.430066666666729
1,b1c22,20.0,11.43037333333341
1,b1c22,21.0,11.430001666666794
1,b1c22,22.0,11.429975000000073
1,b1c22,23.0,11.513534999999926
1,b1c22,24.0,11.435525000000052
1,b1c22,25.0,11.51304666666668
1,b1c22,26.0,11.43064333333338
1,b1c22,27.0,11.429220000000107
1,b1c22,28.0,11.429981666666572
1,b1c22,29.0,11.513326666666641
1,b1c22,30.0,11.430151666666642
1,b1c22,31.0,11.513150000000072
1,b1c22,32.0,11.430114999999933
1,b1c22,33.0,11.51323333333324
1,b1c22,34.0,11.430016666666779
1,b1c22,35.0,11.513304999999916
1,b1c22,36.0,11.513525000000179
1,b1c22,37.0,11.429959999999847
1,b1c22,38.0,11.429869999999937
1,b1c22,39.0,11.429458333333363
1,b1c22,40.0,11.429711666666359
1,b1c22,41.0,11.51293666666655
1,b1c22,42.0,11.43034333333344
1,b1c22,43.0,11.429938333333606
1,b1c22,44.0,11.512881666666848
1,b1c22,45.0,11.513071666666656
1,b1c22,46.0,11.429883333333418
1,b1c22,47.0,11.513405000000299
1,b1c22,48.0,11.43015000000014
1,b1c22,49.0,11.513481666666243
1,b1c22,50.0,11.513573333333381
1,b1c22,51.0,11.429961666666593
1,b1c22,52.0,11.513390000000072
1,b1c22,53.0,11.430058333333
1,b1c22,54.0,11.4297649999998
1,b1c22,55.0,11.51330333333317
1,b1c22,56.0,11.43006000000023
1,b1c22,57.0,11.430163333333136
1,b1c22,58.0,11.51350999999995
1,b1c22,59.0,11.513346666667106
1,b1c22,60.0,11.430186666666607
1,b1c22,61.0,11.5130799999999
1,b1c22,62.0,11.430093333333208
1,b1c22,63.0,11.43014166666641
1,b1c22,64.0,11.43016333333362
1,b1c22,65.0,11.429925000000123
1,b1c22,66.0,11.429618333333444
1,b1c22,67.0,11.430153333333147
1,b1c22,68.0,11.429608333333453
1,b1c22,69.0,11.429885000000164
1,b1c22,70.0,11.429821666666733
1,b1c22,71.0,11.513198333333518
1,b1c22,72.0,11.513511666666696
1,b1c22,73.0,11.513584999999633
1,b1c22,74.0,11.430306666666972
1,b1c22,75.0,11.430306666666972
1,b1c22,76.0,11.513185000000037
1,b1c22,77.0,11.430108333333434
1,b1c22,78.0,11.430058333333484
1,b1c22,79.0,11.430256666666537
1,b1c22,80.0,11.513414999999805
1,b1c22,81.0,11.513015000000207
1,b1c22,82.0,11.51326166666695
1,b1c22,83.0,11.51341666666655
1,b1c22,84.0,11.513223333333736
1,b1c22,85.0,11.513486666666966
1,b1c22,86.0,11.513303333333655
1,b1c22,87.0,11.513340000000122
1,b1c22,88.0,11.513209999999768
1,b1c22,89.0,11.51308999999989
1,b1c22,90.0,11.430123333334146
1,b1c22,91.0,11.429831666666239
1,b1c22,92.0,11.513691666667
1,b1c22,93.0,11.51382333333313
1,b1c22,94.0,11.430466666666325
1,b1c22,95.0,11.430080000000695
1,b1c22,96.0,11.43029333333349
1,b1c22,97.0,11.429979999999826
1,b1c22,98.0,11.513358333333356
1,b1c22,99.0,11.513208333333022
1,b1c22,100.0,11.513294999999925
1,b1c23,10.0,11.429733333333328
1,b1c23,11.0,11.51331000000003
1,b1c23,12.0,11.513425000000037
1,b1c23,13.0,11.513133333333341
1,b1c23,14.0,11.430218333333324
1,b1c23,15.0,11.429946666666607
1,b1c23,16.0,11.43095666666668
1,b1c23,17.0,11.429838333333343
1,b1c23,18.0,11.430385000000024
1,b1c23,19.0,11.513183333333291
1,b1c23,20.0,11.430081666666714
1,b1c23,21.0,11.430401666666876
1,b1c23,22.0,11.513334999999886
1,b1c23,23.0,11.429961666666834
1,b1c23,24.0,11.429948333333353
1,b1c23,25.0,11.430495000000034
1,b1c23,26.0,11.4298033333335
1,b1c23,27.0,11.429908333333394
1,b1c23,28.0,11.430001666666794
1,b1c23,29.0,11.430089999999957
1,b1c23,30.0,11.513405000000057
1,b1c23,31.0,11.429851666666703
1,b1c23,32.0,11.429963333333339
1,b1c23,33.0,11.429945000000105
1,b1c23,34.0,11.430053333333246
1,b1c23,35.0,11.429868333333435
1,b1c23,36.0,11.51309666666663
1,b1c23,37.0,11.429998333333304
1,b1c23,38.0,11.429844999999963
1,b1c23,39.0,11.430041666666755
1,b1c23,40.0,11.513001666666726
1,b1c23,41.0,11.513151666666575
1,b1c23,42.0,11.430124999999922
1,b1c23,43.0,11.5137599999997
1,b1c23,44.0,11.430996666666761
1,b1c23,45.0,11.512768333333467
1,b1c23,46.0,11.429869999999937
1,b1c23,47.0,11.430111666666441
1,b1c23,48.0,11.429951666666602
1,b1c23,49.0,11.429763333333055
1,b1c23,50.0,11.513136666666833
1,b1c23,51.0,11.513153333333321
1,b1c23,52.0,11.513404999999814
1,b1c23,53.0,11.429921666666633
1,b1c23,54.0,11.43007000000022
1,b1c23,55.0,11.513444999999773
1,b1c23,56.0,11.430443333333338
1,b1c23,57.0,11.513343333333129
1,b1c23,58.0,11.513293333333179
1,b1c23,59.0,11.429961666666593
1,b1c23,60.0,11.513451666666757
1,b1c23,61.0,11.43025333333353
1,b1c23,62.0,11.43049666666678
1,b1c23,63.0,11.430359999999927
1,b1c23,64.0,11.43003166666652
1,b1c23,65.0,11.429798333333261
1,b1c23,66.0,11.513471666666252
1,b1c23,67.0,11.429816666666495
1,b1c23,68.0,11.43020000000009
1,b1c23,69.0,11.513169999999809
1,b1c23,70.0,11.429698333333363
1,b1c23,71.0,11.513286666666682
1,b1c23,72.0,11.430028333333516
1,b1c23,73.0,11.430225000000307
1,b1c23,74.0,11.430441666666592
1,b1c23,75.0,11.429935000000114
1,b1c23,76.0,11.513001666666726
1,b1c23,77.0,11.430096666666698
1,b1c23,78.0,11.429933333333368
1,b1c23,79.0,11.430094999999953
1,b1c23,80.0,11.513188333333527
1,b1c23,81.0,11.430086666667194
1,b1c23,82.0,11.513655000000533
1,b1c23,83.0,11.513378333333337
1,b1c23,84.0,11.513175000000047
1,b1c23,85.0,11.429808333332767
1,b1c23,86.0,11.513004999999733
1,b1c23,87.0,11.51345666666651
1,b1c23,88.0,11.513381666666827
1,b1c23,89.0,11.513321666665918
1,b1c23,90.0,11.429928333333615
1,b1c23,91.0,11.430066666666729
1,b1c23,92.0,11.430013333333772
1,b1c23,93.0,11.431079999999687
1,b1c23,94.0,11.430243333333056
1,b1c23,95.0,11.430453333333329
1,b1c23,96.0,11.514053333333383
1,b1c23,97.0,11.430481666667038
1,b1c23,98.0,11.430611666667392
1,b1c23,99.0,11.51333666666663
1,b1c23,100.0,11.42993499999963
1,b1c24,10.0,12.180658333333243
1,b1c24,11.0,12.177789999999975
1,b1c24,12.0,12.097029999999965
1,b1c24,13.0,12.180444999999963
1,b1c24,14.0,12.097016666666725
1,b1c24,15.0,12.098483333333327
1,b1c24,16.0,12.097616666666605
1,b1c24,17.0,12.097890000000067
1,b1c24,18.0,12.096586666666674
1,b1c24,19.0,12.094900000000052
1,b1c24,20.0,12.181031666666483
1,b1c24,21.0,12.097446666666656
1,b1c24,22.0,12.180285000000003
1,b1c24,23.0,12.179671666666643
1,b1c24,24.0,12.096166666666734
1,b1c24,25.0,12.18077999999999
1,b1c24,26.0,12.097220000000137
1,b1c24,27.0,12.180995000000015
1,b1c24,28.0,12.181781666666696
1,b1c24,29.0,12.09755166666655
1,b1c24,30.0,12.181300000000192
1,b1c24,31.0,12.097313333333295
1,b1c24,32.0,12.178831666666762
1,b1c24,33.0,12.097295000000061
1,b1c24,34.0,12.09723166666663
1,b1c24,35.0,12.17742166666673
1,b1c24,36.0,12.178673333333426
1,b1c24,37.0,12.181558333333426
1,b1c24,38.0,12.097341666666761
1,b1c24,39.0,12.09710833333326
1,b1c24,40.0,12.097496666666606
1,b1c24,41.0,12.098958333333334
1,b1c24,42.0,12.09890333333363
1,b1c24,43.0,12.097320000000279
1,b1c24,44.0,12.096493333333637
1,b1c24,45.0,12.098063333333023
1,b1c24,46.0,12.096713333333415
1,b1c24,47.0,12.181684999999804
1,b1c24,48.0,12.096716666666907
1,b1c24,49.0,12.098271666666552
1,b1c24,50.0,12.181593333333149
1,b1c24,51.0,12.098003333333084
1,b1c24,52.0,12.180591666666926
1,b1c24,53.0,12.097591666666752
1,b1c24,54.0,12.1810566666667
1,b1c24,55.0,12.177711666666436
1,b1c24,56.0,12.097788333333058
1,b1c24,57.0,12.180658333333364
1,b1c24,58.0,12.17988666666691
1,b1c24,59.0,12.098084999999749
1,b1c24,60.0,12.181389999999858
1,b1c24,61.0,12.181714999999773
1,b1c24,62.0,12.097305000000052
1,b1c24,63.0,12.096866666666756
1,b1c24,64.0,12.097554999999799
1,b1c24,65.0,12.09791499999992
1,b1c24,66.0,12.098575000000226
1,b1c24,67.0,12.097886666666698
1,b1c24,68.0,12.097176666666929
1,b1c24,69.0,12.098018333333311
1,b1c24,70.0,12.098353333333216
1,b1c24,71.0,12.098856666666203
1,b1c24,72.0,12.18100666666675
1,b1c24,73.0,12.096624999999767
1,b1c24,74.0,12.096033333333132
1,b1c24,75.0,12.095829999999841
1,b1c24,76.0,12.09555166666687
1,b1c24,77.0,12.096600000000034
1,b1c24,78.0,12.094783333333423
1,b1c24,79.0,12.18163500000034
1,b1c24,80.0,12.180475000000055
1,b1c24,81.0,12.098863333333187
1,b1c24,82.0,12.097781666667045
1,b1c24,83.0,12.182196666666036
1,b1c24,84.0,12.180686666667073
1,b1c24,85.0,12.099218333333072
1,b1c24,86.0,12.098185000000134
1,b1c24,87.0,12.096390000000246
1,b1c24,88.0,12.098580000000462
1,b1c24,89.0,12.098700000000342
1,b1c24,90.0,12.181601666666877
1,b1c24,91.0,12.097351666666023
1,b1c24,92.0,12.179821666666733
1,b1c24,93.0,12.180753333333026
1,b1c24,94.0,12.09640500000096
1,b1c24,95.0,12.096761666667105
1,b1c24,96.0,12.098313333333742
1,b1c24,97.0,12.09828166666654
1,b1c24,98.0,12.097804999999546
1,b1c24,99.0,12.098351666666955
1,b1c24,100.0,12.180908333333598
1,b1c25,10.0,12.179293333333286
1,b1c25,11.0,12.09626166666676
1,b1c25,12.0,12.179604999999961
1,b1c25,13.0,12.179650000000038
1,b1c25,14.0,12.09667166666671
1,b1c25,15.0,12.179698333333242
1,b1c25,16.0,12.179601666666713
1,b1c25,17.0,12.179720000000088
1,b1c25,18.0,12.09667166666659
1,b1c25,19.0,12.179683333333257
1,b1c25,20.0,12.096221666666679
1,b1c25,21.0,12.179599999999967
1,b1c25,22.0,12.095663333333261
1,b1c25,23.0,12.095434999999998
1,b1c25,24.0,12.179695000000114
1,b1c25,25.0,12.179671666666643
1,b1c25,26.0,12.179185000000142
1,b1c25,27.0,12.09579500000012
1,b1c25,28.0,12.096290000000105
1,b1c25,29.0,12.09645833333343
1,b1c25,30.0,12.180048333333252
1,b1c25,31.0,12.09618833333346
1,b1c25,32.0,12.179456666666617
1,b1c25,33.0,12.179511666666562
1,b1c25,34.0,12.179584999999982
1,b1c25,35.0,12.095858333333307
1,b1c25,36.0,12.096091666666569
1,b1c25,37.0,12.179406666666667
1,b1c25,38.0,12.0962483333334
1,b1c25,39.0,12.179265000000063
1,b1c25,40.0,12.17939166666644
1,b1c25,41.0,12.179391666666682
1,b1c25,42.0,12.17923333333359
1,b1c25,43.0,12.096336666666806
1,b1c25,44.0,12.179808333333252
1,b1c25,45.0,12.095871666666547
1,b1c25,46.0,12.09628500000011
1,b1c25,47.0,12.096311666666589
1,b1c25,48.0,12.096608333333279
1,b1c25,49.0,12.179963333333339
1,b1c25,50.0,12.096630000000005
1,b1c25,51.0,12.179669999999653
1,b1c25,52.0,12.096165000000232
1,b1c25,53.0,12.096283333333364
1,b1c25,54.0,12.180176666666618
1,b1c25,55.0,12.179616666666213
1,b1c25,56.0,12.179768333333293
1,b1c25,57.0,12.097273333333336
1,b1c25,58.0,12.179896666666416
1,b1c25,59.0,12.096670000000449
1,b1c25,60.0,12.179584999999982
1,b1c25,61.0,12.097050000000065
1,b1c25,62.0,12.17944666666687
1,b1c25,63.0,12.09600999999966
1,b1c25,64.0,12.095983333333667
1,b1c25,65.0,12.179459999999866
1,b1c25,66.0,12.095813333333354
1,b1c25,67.0,12.096233333333414
1,b1c25,68.0,12.095923333333243
1,b1c25,69.0,12.179806666666506
1,b1c25,70.0,12.096343333333303
1,b1c25,71.0,12.179501666666571
1,b1c25,72.0,12.09592833333348
1,b1c25,73.0,12.179138333333443
1,b1c25,74.0,12.179573333333732
1,b1c25,75.0,12.096391666666507
1,b1c25,76.0,12.0964499999997
1,b1c25,77.0,12.096218333333187
1,b1c25,78.0,12.096420000000217
1,b1c25,79.0,12.096393333333738
1,b1c25,80.0,12.096443333333204
1,b1c25,81.0,12.180349999999939
1,b1c25,82.0,12.17911333333371
1,b1c25,83.0,12.096179999999974
1,b1c25,84.0,12.09624500000015
1,b1c25,85.0,12.179498333332594
1,b1c25,86.0,12.09592666666625
1,b1c25,87.0,12.096066666667078
1,b1c25,88.0,12.095976666666683
1,b1c25,89.0,12.096186666666958
1,b1c25,90.0,12.17945166666662
1,b1c25,91.0,12.17944833333313
1,b1c25,92.0,12.179511666666562
1,b1c25,93.0,12.179258333332836
1,b1c25,94.0,12.179505000000548
1,b1c25,95.0,12.0963883333335
1,b1c25,96.0,12.179685000000367
1,b1c25,97.0,12.096196666666462
1,b1c25,98.0,12.095524999999906
1,b1c25,99.0,12.179013333332842
1,b1c25,100.0,12.09632500000007
1,b1c26,10.0,10.848396666666668
1,b1c26,11.0,10.764553333333364
1,b1c26,12.0,10.764516666666653
1,b1c26,13.0,10.763741666666707
1,b1c26,14.0,10.764265000000039
1,b1c26,15.0,10.762611666666634
1,b1c26,16.0,10.846903333333223
1,b1c26,17.0,10.850203333333411
1,b1c26,18.0,10.848191666666754
1,b1c26,19.0,10.765023333333374
1,b1c26,20.0,10.770243333333443
1,b1c26,21.0,10.847401666666702
1,b1c26,22.0,10.7639933333332
1,b1c26,23.0,10.847336666666525
1,b1c26,24.0,10.84731833333329
1,b1c26,25.0,10.847388333333463
1,b1c26,26.0,10.847666666666676
1,b1c26,27.0,10.764398333333277
1,b1c26,28.0,10.847091666666772
1,b1c26,29.0,10.764470000000195
1,b1c26,30.0,10.764503333333414
1,b1c26,31.0,10.84707833333329
1,b1c26,32.0,10.847403333333205
1,b1c26,33.0,10.847893333333438
1,b1c26,34.0,10.763964999999978
1,b1c26,35.0,10.764156666666773
1,b1c26,36.0,10.848196666666627
1,b1c26,37.0,10.765103333333293
1,b1c26,38.0,10.764966666666684
1,b1c26,39.0,10.84770166666664
1,b1c26,40.0,10.847853333333235
1,b1c26,41.0,10.763665000000037
1,b1c26,42.0,10.76480166666685
1,b1c26,43.0,10.763501666666707
1,b1c26,44.0,10.76218333333333
1,b1c26,45.0,10.764633333333283
1,b1c26,46.0,10.847561666666298
1,b1c26,47.0,10.84636833333352
1,b1c26,48.0,10.763521666666687
1,b1c26,49.0,10.846421666666963
1,b1c26,50.0,10.764491666666679
1,b1c26,51.0,10.763960000000468
1,b1c26,52.0,10.84702499999985
1,b1c26,53.0,10.848055000000265
1,b1c26,54.0,10.76184000000018
1,b1c26,55.0,10.846608333333279
1,b1c26,56.0,10.763693333333261
1,b1c26,57.0,10.847516666666586
1,b1c26,58.0,10.763903333333534
1,b1c26,59.0,10.764790000000115
1,b1c26,60.0,10.84657999999957
1,b1c26,61.0,10.897493333333113
1,b1c26,62.0,10.780785000000227
1,b1c26,63.0,10.814263333333171
1,b1c26,64.0,10.847758333333575
1,b1c26,65.0,10.849425000000338
1,b1c26,66.0,10.846613333333517
1,b1c26,67.0,10.763596666666368
1,b1c26,68.0,10.761511666666774
1,b1c26,69.0,10.765073333333325
1,b1c26,70.0,10.846958333332926
1,b1c26,71.0,10.84781166666653
1,b1c26,72.0,10.848133333333438
1,b1c26,73.0,10.765060000000327
1,b1c26,74.0,10.848435000000366
1,b1c26,75.0,10.764765000000382
1,b1c26,76.0,10.847958333333372
1,b1c26,77.0,10.76237000000013
1,b1c26,78.0,10.762401666666362
1,b1c26,79.0,10.848171666666651
1,b1c26,80.0,10.763943333333494
1,b1c26,81.0,10.84615166666675
1,b1c26,82.0,10.763330000000133
1,b1c26,83.0,10.76368000000075
1,b1c26,84.0,10.76339333333308
1,b1c26,85.0,10.764129999999811
1,b1c26,86.0,10.764035000000149
1,b1c26,87.0,10.847498333332867
1,b1c26,88.0,10.76459666666633
1,b1c26,89.0,10.763941666667233
1,b1c26,90.0,10.8462016666667
1,b1c26,91.0,10.847544999999808
1,b1c26,92.0,10.764461666666708
1,b1c26,93.0,10.764796666667099
1,b1c26,94.0,10.76326166666695
1,b1c26,95.0,10.762461666666786
1,b1c26,96.0,10.847040000000076
1,b1c26,97.0,10.76248833333375
1,b1c26,98.0,10.76229666666671
1,b1c26,99.0,10.847481666666377
1,b1c26,100.0,10.764316666666613
1,b1c27,10.0,10.847011666666731
1,b1c27,11.0,10.846930000000066
1,b1c27,12.0,10.846730000000026
1,b1c27,13.0,10.76299333333336
1,b1c27,14.0,10.846556666666583
1,b1c27,15.0,10.847039999999955
1,b1c27,16.0,10.84666500000009
1,b1c27,17.0,10.763238333333236
1,b1c27,18.0,10.846626666666756
1,b1c27,19.0,10.763351666666615
1,b1c27,20.0,10.763291666666676
1,b1c27,21.0,10.84679833333333
1,b1c27,22.0,10.84674833333338
1,b1c27,23.0,10.846563333333325
1,b1c27,24.0,10.846679999999955
1,b1c27,25.0,10.76310333333337
1,b1c27,26.0,10.846666666666716
1,b1c27,27.0,10.846586666666797
1,b1c27,28.0,10.846253333333395
1,b1c27,29.0,10.846608333333522
1,b1c27,30.0,10.846841666666538
1,b1c27,31.0,10.763568333333387
1,b1c27,32.0,10.763113333333362
1,b1c27,33.0,10.84707833333329
1,b1c27,34.0,10.846919999999955
1,b1c27,35.0,10.84651833333337
1,b1c27,36.0,10.76319333333328
1,b1c27,37.0,10.84659500000004
1,b1c27,38.0,10.763633333333322
1,b1c27,39.0,10.763141666666586
1,b1c27,40.0,10.763113333333362
1,b1c27,41.0,10.76318166666703
1,b1c27,42.0,10.763251666666958
1,b1c27,43.0,10.763158333333559
1,b1c27,44.0,10.84656166666682
1,b1c27,45.0,10.84656833333332
1,b1c27,46.0,10.846580000000055
1,b1c27,47.0,10.762971666666756
1,b1c27,48.0,10.763270000000194
1,b1c27,49.0,10.762820000000163
1,b1c27,50.0,10.845916666666744
1,b1c27,51.0,10.763453333333503
1,b1c27,52.0,10.8473616666665
1,b1c27,53.0,10.763201666666525
1,b1c27,54.0,10.763358333333356
1,b1c27,55.0,10.763473333333483
1,b1c27,56.0,10.846463333333183
1,b1c27,57.0,10.846574999999818
1,b1c27,58.0,10.84647833333341
1,b1c27,59.0,10.76304999999993
1,b1c27,60.0,10.763183333333776
1,b1c27,61.0,10.763105000000117
1,b1c27,62.0,10.762891666666837
1,b1c27,63.0,10.846788333333583
1,b1c27,64.0,10.763330000000133
1,b1c27,65.0,10.846586666666553
1,b1c27,66.0,10.763368333333347
1,b1c27,67.0,10.763299999999678
1,b1c27,68.0,10.763451666666757
1,b1c27,69.0,10.763276666666691
1,b1c27,70.0,10.763244999999976
1,b1c27,71.0,10.846510000000126
1,b1c27,72.0,10.7632733333332
1,b1c27,73.0,10.84625166666665
1,b1c27,74.0,10.84630666666635
1,b1c27,75.0,10.76322166666699
1,b1c27,76.0,10.8465816666668
1,b1c27,77.0,10.763258333332972
1,b1c27,78.0,10.763136666666833
1,b1c27,79.0,10.846663333333465
1,b1c27,80.0,10.846476666666664
1,b1c27,81.0,10.763555000000148
1,b1c27,82.0,10.763610000000336
1,b1c27,83.0,10.846653333333476
1,b1c27,84.0,10.846506666666635
1,b1c27,85.0,10.763039999999455
1,b1c27,86.0,10.763381666666827
1,b1c27,87.0,10.763058333332689
1,b1c27,88.0,10.763115000000107
1,b1c27,89.0,10.76322166666602
1,b1c27,90.0,10.846705000000657
1,b1c27,91.0,10.763195000000026
1,b1c27,92.0,10.764196666666733
1,b1c27,93.0,10.846596666667029
1,b1c27,94.0,10.76331666666665
1,b1c27,95.0,10.846786666666352
1,b1c27,96.0,10.763481666666728
1,b1c27,97.0,10.76368000000075
1,b1c27,98.0,10.846739999999409
1,b1c27,99.0,10.846461666666437
1,b1c27,100.0,10.846575000000303
1,b1c28,10.0,11.09652500000011
1,b1c28,11.0,11.096203333333325
1,b1c28,12.0,11.096196666666705
1,b1c28,13.0,11.179629999999937
1,b1c28,14.0,11.179178333333281
1,b1c28,15.0,11.096084999999949
1,b1c28,16.0,11.179478333333343
1,b1c28,17.0,11.096118333333289
1,b1c28,18.0,11.179421666666652
1,b1c28,19.0,11.179246666666586
1,b1c28,20.0,11.179106666666728
1,b1c28,21.0,11.178966666666627
1,b1c28,22.0,11.09621833333343
1,b1c28,23.0,11.179670000000138
1,b1c28,24.0,11.17959000000022
1,b1c28,25.0,11.179726666666587
1,b1c28,26.0,11.096111666666548
1,b1c28,27.0,11.180176666666618
1,b1c28,28.0,11.09623166666667
1,b1c28,29.0,11.179550000000017
1,b1c28,30.0,11.179376666666696
1,b1c28,31.0,11.179253333333326
1,b1c28,32.0,11.096125000000029
1,b1c28,33.0,11.179616666666698
1,b1c28,34.0,11.096073333333333
1,b1c28,35.0,11.096306666666836
1,b1c28,36.0,11.09625833333339
1,b1c28,37.0,11.179470000000098
1,b1c28,38.0,11.096194999999959
1,b1c28,39.0,11.095753333333414
1,b1c28,40.0,11.096288333333117
1,b1c28,41.0,11.095890000000265
1,b1c28,42.0,11.17952833333305
1,b1c28,43.0,11.09603833333337
1,b1c28,44.0,11.179138333332958
1,b1c28,45.0,11.179476666666838
1,b1c28,46.0,11.096153333333495
1,b1c28,47.0,11.17919499999989
1,b1c28,48.0,11.179965000000085
1,b1c28,49.0,11.178876666666474
1,b1c28,50.0,11.096126666666532
1,b1c28,51.0,11.180083333333217
1,b1c28,52.0,11.095791666666628
1,b1c28,53.0,11.096656666666483
1,b1c28,54.0,11.096510000000126
1,b1c28,55.0,11.179391666666682
1,b1c28,56.0,11.096150000000003
1,b1c28,57.0,11.095963333333687
1,b1c28,58.0,11.096056666666604
1,b1c28,59.0,11.096351666666548
1,b1c28,60.0,11.17925333333357
1,b1c28,61.0,11.179521666667036
1,b1c28,62.0,11.096113333333536
1,b1c28,63.0,11.095964999999948
1,b1c28,64.0,11.180069999999736
1,b1c28,65.0,11.096004999999908
1,b1c28,66.0,11.09625166666665
1,b1c28,67.0,11.179201666666874
1,b1c28,68.0,11.179456666666374
1,b1c28,69.0,11.179601666666956
1,b1c28,70.0,11.17925833333332
1,b1c28,71.0,11.096108333333298
1,b1c28,72.0,11.179493333333328
1,b1c28,73.0,11.179511666666562
1,b1c28,74.0,11.095990000000166
1,b1c28,75.0,11.096205000000191
1,b1c28,76.0,11.179629999999694
1,b1c28,77.0,11.179005000000082
1,b1c28,78.0,11.096136666666522
1,b1c28,79.0,11.179596666666718
1,b1c28,80.0,11.179111666666964
1,b1c28,81.0,11.096080000000075
1,b1c28,82.0,11.09629666666636
1,b1c28,83.0,11.096390000000246
1,b1c28,84.0,11.179626666666202
1,b1c28,85.0,11.179190000000139
1,b1c28,86.0,11.096299999999852
1,b1c28,87.0,11.095896666666764
1,b1c28,88.0,11.09592666666722
1,b1c28,89.0,11.179698333333363
1,b1c28,90.0,11.17932833333325
1,b1c28,91.0,11.096196666666462
1,b1c28,92.0,11.17978333333352
1,b1c28,93.0,11.17945999999938
1,b1c28,94.0,11.179525000000528
1,b1c28,95.0,11.179428333333151
1,b1c28,96.0,11.096573333333557
1,b1c28,97.0,11.17937666666694
1,b1c28,98.0,11.17922499999986
1,b1c28,99.0,11.179353333333468
1,b1c28,100.0,11.096209999999457
1,b1c29,10.0,11.096750000000005
1,b1c29,11.0,11.179401666666672
1,b1c29,12.0,11.179510000000057
1,b1c29,13.0,11.09616166666662
1,b1c29,14.0,11.096181666666599
1,b1c29,15.0,11.096216666666685
1,b1c29,16.0,11.179670000000018
1,b1c29,17.0,11.09583500000008
1,b1c29,18.0,11.179560000000007
1,b1c29,19.0,11.09627166666687
1,b1c29,20.0,11.179924999999882
1,b1c29,21.0,11.180179999999867
1,b1c29,22.0,11.179790000000018
1,b1c29,23.0,11.096469999999924
1,b1c29,24.0,11.095991666666668
1,b1c29,25.0,11.096204999999948
1,b1c29,26.0,11.179483333333337
1,b1c29,27.0,11.0967750000001
1,b1c29,28.0,11.180063333333237
1,b1c29,29.0,11.17983833333322
1,b1c29,30.0,11.180280000000009
1,b1c29,31.0,11.179869999999937
1,b1c29,32.0,11.09627166666663
1,b1c29,33.0,11.096095000000059
1,b1c29,34.0,11.179283333333297
1,b1c29,35.0,11.1797566666668
1,b1c29,36.0,11.179735000000074
1,b1c29,37.0,11.179508333333311
1,b1c29,38.0,11.180104999999942
1,b1c29,39.0,11.179778333333282
1,b1c29,40.0,11.096218333333187
1,b1c29,41.0,11.011841666666927
1,b1c29,42.0,11.179391666666682
1,b1c29,43.0,11.179800000000007
1,b1c29,44.0,11.09579500000012
1,b1c29,45.0,11.17946833333311
1,b1c29,46.0,11.179389999999936
1,b1c29,47.0,11.179858333333202
1,b1c29,48.0,11.179883333333418
1,b1c29,49.0,11.179469999999856
1,b1c29,50.0,11.179565000000002
1,b1c29,51.0,11.179710000000098
1,b1c29,52.0,11.096320000000317
1,b1c29,53.0,11.17954833333303
1,b1c29,54.0,11.17917499999991
1,b1c29,55.0,11.180661666666856
1,b1c29,56.0,11.179589999999735
1,b1c29,57.0,11.180265000000267
1,b1c29,58.0,11.096486666666655
1,b1c29,59.0,11.180386666666406
1,b1c29,60.0,11.096239999999913
1,b1c29,61.0,11.179266666666566
1,b1c29,62.0,11.096080000000075
1,b1c29,63.0,11.09637500000002
1,b1c29,64.0,11.180095000000438
1,b1c29,65.0,11.17940499999968
1,b1c29,66.0,11.096418333333471
1,b1c29,67.0,11.09602833333338
1,b1c29,68.0,11.179469999999856
1,b1c29,69.0,11.096246666666412
1,b1c29,70.0,11.179639999999685
1,b1c29,71.0,11.096366666666775
1,b1c29,72.0,11.180181666666856
1,b1c29,73.0,11.179485000000083
1,b1c29,74.0,11.096318333333086
1,b1c29,75.0,11.179553333333267
1,b1c29,76.0,11.096224999999686
1,b1c29,77.0,11.179656666666657
1,b1c29,78.0,11.179208333333372
1,b1c29,79.0,11.096311666666589
1,b1c29,80.0,11.179499999999825
1,b1c29,81.0,11.096031666666386
1,b1c29,82.0,11.179656666666657
1,b1c29,83.0,11.179458333333605
1,b1c29,84.0,11.179444999999639
1,b1c29,85.0,11.179979999999826
1,b1c29,86.0,11.179736666666576
1,b1c29,87.0,11.17953666666678
1,b1c29,88.0,11.096644999999747
1,b1c29,89.0,11.181148333333356
1,b1c29,90.0,11.179694999999871
1,b1c29,91.0,11.179805000000245
1,b1c29,92.0,11.179638333333424
1,b1c29,93.0,11.179869999999452
1,b1c29,94.0,11.179321666667239
1,b1c29,95.0,11.09571499999923
1,b1c29,96.0,11.096511666666872
1,b1c29,97.0,11.179686666667113
1,b1c29,98.0,11.179371666666702
1,b1c29,99.0,11.180126666666668
1,b1c29,100.0,11.179210000000118
1,b1c30,10.0,10.180158333333262
1,b1c30,11.0,10.179656666666657
1,b1c30,12.0,10.096635
1,b1c30,13.0,10.180006666666667
1,b1c30,14.0,10.096656666666725
1,b1c30,15.0,10.179910000000017
1,b1c30,16.0,10.179884999999922
1,b1c30,17.0,10.179736666666697
1,b1c30,18.0,10.096720000000035
1,b1c30,19.0,10.09656166666658
1,b1c30,20.0,10.096654999999979
1,b1c30,21.0,10.096723333333406
1,b1c30,22.0,10.096860000000015
1,b1c30,23.0,10.0966816666667
1,b1c30,24.0,10.096751666666629
1,b1c30,25.0,10.179906666666648
1,b1c30,26.0,10.180064999999983
1,b1c30,27.0,10.180215000000073
1,b1c30,28.0,10.096643333333244
1,b1c30,29.0,10.096986666666877
1,b1c30,30.0,10.180203333333338
1,b1c30,31.0,10.18068000000009
1,b1c30,32.0,10.180736666666538
1,b1c30,33.0,10.179903333333398
1,b1c30,34.0,10.179948333333353
1,b1c30,35.0,10.096560000000075
1,b1c30,36.0,10.17993499999987
1,b1c30,37.0,10.180248333333292
1,b1c30,38.0,10.096771666666852
1,b1c30,39.0,10.096628333333259
1,b1c30,40.0,10.096551666666588
1,b1c30,41.0,10.096745000000132
1,b1c30,42.0,10.096736666666402
1,b1c30,43.0,10.096765000000111
1,b1c30,44.0,10.096709999999923
1,b1c30,45.0,10.180983333333279
1,b1c30,46.0,10.180258333333283
1,b1c30,47.0,10.09668500000019
1,b1c30,48.0,10.096818333333552
1,b1c30,49.0,10.096926666666695
1,b1c30,50.0,10.096966666666654
1,b1c30,51.0,10.096468333333421
1,b1c30,52.0,10.180098333333444
1,b1c30,53.0,10.09656833333332
1,b1c30,54.0,10.096759999999874
1,b1c30,55.0,10.179898333333162
1,b1c30,56.0,10.096633333333497
1,b1c30,57.0,10.096630000000005
1,b1c30,58.0,10.096908333333461
1,b1c30,59.0,10.096723333332921
1,b1c30,60.0,10.09665166666673
1,b1c30,61.0,10.096551666666347
1,b1c30,62.0,10.096603333333041
1,b1c30,63.0,10.096574999999818
1,b1c30,64.0,10.096533333333111
1,b1c30,65.0,10.179873333333429
1,b1c30,66.0,10.180231666666804
1,b1c30,67.0,10.096583333333546
1,b1c30,68.0,10.09694833333342
1,b1c30,69.0,10.096786666666837
1,b1c30,70.0,10.180218333333809
1,b1c30,71.0,10.180235000000296
1,b1c30,72.0,10.09665833333323
1,b1c30,73.0,10.096963333333163
1,b1c30,74.0,10.096456666666684
1,b1c30,75.0,10.096808333333078
1,b1c30,76.0,10.097148333333704
1,b1c30,77.0,10.096656666666968
1,b1c30,78.0,10.18024166666631
1,b1c30,79.0,10.179913333333388
1,b1c30,80.0,10.096796666666826
1,b1c30,81.0,10.09653833333335
1,b1c30,82.0,10.097030000000085
1,b1c30,83.0,10.096628333333259
1,b1c30,84.0,10.096696666666928
1,b1c30,85.0,10.0969066666672
1,b1c30,86.0,10.096535000000342
1,b1c30,87.0,10.096483333333163
1,b1c30,88.0,10.096685000000678
1,b1c30,89.0,10.180126666666668
1,b1c30,90.0,10.096896666666726
1,b1c30,91.0,10.180218333333809
1,b1c30,92.0,10.096789999999844
1,b1c30,93.0,10.096563333333082
1,b1c30,94.0,10.096923333333688
1,b1c30,95.0,10.09673166666665
1,b1c30,96.0,10.09663166666675
1,b1c30,97.0,10.097031666666346
1,b1c30,98.0,10.096698333333674
1,b1c30,99.0,10.180113333332702
1,b1c30,100.0,10.180128333333414
1,b1c31,10.0,10.179823333333237
1,b1c31,11.0,10.096923333333326
1,b1c31,12.0,10.09670833333342
1,b1c31,13.0,10.0966816666667
1,b1c31,14.0,10.096896666666726
1,b1c31,15.0,10.09664166666674
1,b1c31,16.0,10.179976666666699
1,b1c31,17.0,10.179906666666769
1,b1c31,18.0,10.09653499999998
1,b1c31,19.0,10.179981666666693
1,b1c31,20.0,10.17992333333338
1,b1c31,21.0,10.096591666666548
1,b1c31,22.0,10.096600000000034
1,b1c31,23.0,10.179911666666642
1,b1c31,24.0,10.179991666666805
1,b1c31,25.0,10.180084999999963
1,b1c31,26.0,10.096716666666664
1,b1c31,27.0,10.096551666666588
1,b1c31,28.0,10.097408333333199
1,b1c31,29.0,10.09658500000005
1,b1c31,30.0,10.09662500000001
1,b1c31,31.0,10.096733333333395
1,b1c31,32.0,10.096613333333273
1,b1c31,33.0,10.096814999999818
1,b1c31,34.0,10.096735000000141
1,b1c31,35.0,10.180154999999893
1,b1c31,36.0,10.096454999999938
1,b1c31,37.0,10.096496666666644
1,b1c31,38.0,10.096571666666568
1,b1c31,39.0,10.09669166666669
1,b1c31,40.0,10.179871666666683
1,b1c31,41.0,10.179963333333339
1,b1c31,42.0,10.180089999999716
1,b1c31,43.0,10.179716666666597
1,b1c31,44.0,10.096748333333137
1,b1c31,45.0,10.096586666666553
1,b1c31,46.0,10.180068333333475
1,b1c31,47.0,10.096581666666316
1,b1c31,48.0,10.096841666666538
1,b1c31,49.0,10.096710000000408
1,b1c31,50.0,10.096343333333788
1,b1c31,51.0,10.096928333333441
1,b1c31,52.0,10.096788333333583
1,b1c31,53.0,10.096853333333275
1,b1c31,54.0,10.096471666666426
1,b1c31,55.0,10.096411666666487
1,b1c31,56.0,10.096504999999889
1,b1c31,57.0,10.179705000000347
1,b1c31,58.0,10.096643333333486
1,b1c31,59.0,10.096525000000353
1,b1c31,60.0,10.09675500000012
1,b1c31,61.0,10.09664166666674
1,b1c31,62.0,10.179868333333191
1,b1c31,63.0,10.179988333333556
1,b1c31,64.0,10.180084999999963
1,b1c31,65.0,10.09668333333296
1,b1c31,66.0,10.096598333333288
1,b1c31,67.0,10.179831666666724
1,b1c31,68.0,10.179513333333308
1,b1c31,69.0,10.096243333333405
1,b1c31,70.0,10.179818333333241
1,b1c31,71.0,10.179888333333656
1,b1c31,72.0,10.180048333333495
1,b1c31,73.0,10.179839999999967
1,b1c31,74.0,10.180156666666639
1,b1c31,75.0,10.096349999999802
1,b1c31,76.0,10.096454999999938
1,b1c31,77.0,10.18021333333357
1,b1c31,78.0,10.097048333333321
1,b1c31,79.0,10.180204999999841
1,b1c31,80.0,10.09650833333338
1,b1c31,81.0,10.096858333333511
1,b1c31,82.0,10.096668333333218
1,b1c31,83.0,10.096788333333098
1,b1c31,84.0,10.180036666666274
1,b1c31,85.0,10.179831666666239
1,b1c31,86.0,10.096241666666659
1,b1c31,87.0,10.096898333333472
1,b1c31,88.0,10.09652833333336
1,b1c31,89.0,10.09692666666621
1,b1c31,90.0,10.096563333333082
1,b1c31,91.0,10.17983499999973
1,b1c31,92.0,10.096310000000328
1,b1c31,93.0,10.179945000000105
1,b1c31,94.0,10.096561666667306
1,b1c31,95.0,10.179925000000123
1,b1c31,96.0,10.096801666667064
1,b1c31,97.0,10.096601666666295
1,b1c31,98.0,10.180074999999487
1,b1c31,99.0,10.09644499999995
1,b1c31,100.0,10.096654999999252
1,b1c32,10.0,10.179336666666616
1,b1c32,11.0,10.096111666666669
1,b1c32,12.0,10.096164999999989
1,b1c32,13.0,10.179273333333306
1,b1c32,14.0,10.095454999999978
1,b1c32,15.0,10.095908333333378
1,b1c32,16.0,10.179175000000033
1,b1c32,17.0,10.096510000000004
1,b1c32,18.0,10.179943333333359
1,b1c32,19.0,10.179686666666628
1,b1c32,20.0,10.09613500000002
1,b1c32,21.0,10.09613500000002
1,b1c32,22.0,10.179899999999908
1,b1c32,23.0,10.179521666666794
1,b1c32,24.0,10.09631166666683
1,b1c32,25.0,10.096090000000064
1,b1c32,26.0,10.096110000000044
1,b1c32,27.0,10.179413333333407
1,b1c32,28.0,10.179364999999962
1,b1c32,29.0,10.096523333333364
1,b1c32,30.0,10.179711666666602
1,b1c32,31.0,10.096439999999953
1,b1c32,32.0,10.096216666666685
1,b1c32,33.0,10.179941666666613
1,b1c32,34.0,10.179271666666803
1,b1c32,35.0,10.096296666666603
1,b1c32,36.0,10.09622833333342
1,b1c32,37.0,10.179736666666576
1,b1c32,38.0,10.095973333333434
1,b1c32,39.0,10.0962016666667
1,b1c32,40.0,10.179816666666495
1,b1c32,41.0,10.17917333333365
1,b1c32,42.0,10.179921666666633
1,b1c32,43.0,10.180015000000033
1,b1c32,44.0,10.096391666666992
1,b1c32,45.0,10.179694999999871
1,b1c32,46.0,10.09629666666636
1,b1c32,47.0,10.179045000000041
1,b1c32,48.0,10.096410000000226
1,b1c32,49.0,10.179178333333402
1,b1c32,50.0,10.179501666666571
1,b1c32,51.0,10.179266666666566
1,b1c32,52.0,10.096178333333228
1,b1c32,53.0,10.096136666666522
1,b1c32,54.0,10.096483333333163
1,b1c32,55.0,10.095803333333363
1,b1c32,56.0,10.096106666666552
1,b1c32,57.0,10.095563333333121
1,b1c32,58.0,10.179731666666823
1,b1c32,59.0,10.096446666666695
1,b1c32,60.0,10.179991666666561
1,b1c32,61.0,10.096483333333163
1,b1c32,62.0,10.096165000000232
1,b1c32,63.0,10.179316666667
1,b1c32,64.0,10.096168333333237
1,b1c32,65.0,10.096545000000333
1,b1c32,66.0,10.179218333333361
1,b1c32,67.0,10.09619333333297
1,b1c32,68.0,10.096298333333591
1,b1c32,69.0,10.179604999999961
1,b1c32,70.0,10.096598333333775
1,b1c32,71.0,10.096031666666871
1,b1c32,72.0,10.096110000000044
1,b1c32,73.0,10.096171666666729
1,b1c32,74.0,10.096014999999898
1,b1c32,75.0,10.179565000000002
1,b1c32,76.0,10.179481666666591
1,b1c32,77.0,10.179881666666672
1,b1c32,78.0,10.096203333333445
1,b1c32,79.0,10.17959000000022
1,b1c32,80.0,10.179496666666818
1,b1c32,81.0,10.17946666666685
1,b1c32,82.0,10.096360000000278
1,b1c32,83.0,10.179913333333388
1,b1c32,84.0,10.17972333333358
1,b1c32,85.0,10.179684999999397
1,b1c32,86.0,10.096125000000272
1,b1c32,87.0,10.096148333332772
1,b1c32,88.0,10.09643666666719
1,b1c32,89.0,10.096060000000096
1,b1c32,90.0,10.096361666667509
1,b1c32,91.0,10.096778333333592
1,b1c32,92.0,10.0962016666667
1,b1c32,93.0,10.096220000000903
1,b1c32,94.0,10.179748333332828
1,b1c32,95.0,10.179545000000507
1,b1c32,96.0,10.096138333333268
1,b1c32,97.0,10.096390000000246
1,b1c32,98.0,10.09628500000011
1,b1c32,99.0,10.09612166666678
1,b1c32,100.0,10.096371666666043
1,b1c33,10.0,10.096583333333305
1,b1c33,11.0,10.179698333333363
1,b1c33,12.0,10.179761666666673
1,b1c33,13.0,10.09607166666671
1,b1c33,14.0,10.095576666666602
1,b1c33,15.0,10.179533333333287
1,b1c33,16.0,10.179839999999967
1,b1c33,17.0,10.179440000000007
1,b1c33,18.0,10.096826666666676
1,b1c33,19.0,10.17953499999991
1,b1c33,20.0,10.096148333333257
1,b1c33,21.0,10.096083333333324
1,b1c33,22.0,10.09617499999998
1,b1c33,23.0,10.096096666666805
1,b1c33,24.0,10.096283333333364
1,b1c33,25.0,10.096184999999968
1,b1c33,26.0,10.096164999999989
1,b1c33,27.0,10.096399999999994
1,b1c33,28.0,10.096398333333491
1,b1c33,29.0,10.096296666666603
1,b1c33,30.0,10.09636833333328
1,b1c33,31.0,10.096770000000106
1,b1c33,32.0,10.096496666666644
1,b1c33,33.0,10.096083333333324
1,b1c33,34.0,10.096186666666714
1,b1c33,35.0,10.096276666666624
1,b1c33,36.0,10.179788333333272
1,b1c33,37.0,10.09647166666667
1,b1c33,38.0,10.095949999999963
1,b1c33,39.0,10.179763333333296
1,b1c33,40.0,10.09643166666671
1,b1c33,41.0,10.17923166666636
1,b1c33,42.0,10.17957000000024
1,b1c33,43.0,10.180411666666624
1,b1c33,44.0,10.096829999999803
1,b1c33,45.0,10.179399999999927
1,b1c33,46.0,10.179308333333271
1,b1c33,47.0,10.179446666666385
1,b1c33,48.0,10.096246666666897
1,b1c33,49.0,10.096299999999852
1,b1c33,50.0,10.096126666666532
1,b1c33,51.0,10.096655000000222
1,b1c33,52.0,10.096846666666776
1,b1c33,53.0,10.180136666666659
1,b1c33,54.0,10.096918333333452
1,b1c33,55.0,10.180468333333556
1,b1c33,56.0,10.096308333333097
1,b1c33,57.0,10.178773333333568
1,b1c33,58.0,10.096348333333541
1,b1c33,59.0,10.17950000000031
1,b1c33,60.0,10.096308333333582
1,b1c33,61.0,10.096281666666618
1,b1c33,62.0,10.179838333333707
1,b1c33,63.0,10.179593333333711
1,b1c33,64.0,10.096353333333294
1,b1c33,65.0,10.096273333333375
1,b1c33,66.0,10.179168333333413
1,b1c33,67.0,10.179698333333363
1,b1c33,68.0,10.096309999999843
1,b1c33,69.0,10.179216666666616
1,b1c33,70.0,10.096611666666771
1,b1c33,71.0,10.179898333333162
1,b1c33,72.0,10.096241666666659
1,b1c33,73.0,10.096030000000125
1,b1c33,74.0,10.096263333333384
1,b1c33,75.0,10.096500000000136
1,b1c33,76.0,10.09625166666665
1,b1c33,77.0,10.096313333333335
1,b1c33,78.0,10.179503333333317
1,b1c33,79.0,10.179841666666713
1,b1c33,80.0,10.179366666666464
1,b1c33,81.0,10.179933333333368
1,b1c33,82.0,10.179666666666646
1,b1c33,83.0,10.096331666666568
1,b1c33,84.0,10.096391666666992
1,b1c33,85.0,10.096295000000586
1,b1c33,86.0,10.179256666667062
1,b1c33,87.0,10.179435000000133
1,b1c33,88.0,10.096310000000328
1,b1c33,89.0,10.096283333333364
1,b1c33,90.0,10.096363333333283
1,b1c33,91.0,10.096406666666734
1,b1c33,92.0,10.179898333333162
1,b1c33,93.0,10.179338333333726
1,b1c33,94.0,10.17950833333307
1,b1c33,95.0,10.17984666666598
1,b1c33,96.0,10.096083333333565
1,b1c33,97.0,10.179654999999912
1,b1c33,98.0,10.096329999999337
1,b1c33,99.0,10.096431666666952
1,b1c33,100.0,10.179843333333459
1,b1c34,10.0,11.00104333333329
1,b1c34,11.0,11.084603333333385
1,b1c34,12.0,11.001153333333301
1,b1c34,13.0,11.001244999999956
1,b1c34,14.0,11.001136666666692
1,b1c34,15.0,11.08431500000006
1,b1c34,16.0,11.000801666666666
1,b1c34,17.0,11.001088333333367
1,b1c34,18.0,11.000703333333393
1,b1c34,19.0,11.001090000000113
1,b1c34,20.0,11.084366666666513
1,b1c34,21.0,11.000881666666585
1,b1c34,22.0,11.000861666666605
1,b1c34,23.0,11.001298333333398
1,b1c34,24.0,11.001253333333443
1,b1c34,25.0,11.001170000000032
1,b1c34,26.0,11.001406666666783
1,b1c34,27.0,11.084169999999965
1,b1c34,28.0,11.001253333333443
1,b1c34,29.0,11.08399833333339
1,b1c34,30.0,11.001014999999946
1,b1c34,31.0,11.001246666666702
1,b1c34,32.0,11.001033333333423
1,b1c34,33.0,11.00165833333352
1,b1c34,34.0,11.001284999999916
1,b1c34,35.0,10.995244999999947
1,b1c34,36.0,11.084196666666442
1,b1c34,37.0,11.00169833333348
1,b1c34,38.0,11.000898333333316
1,b1c34,39.0,11.000769999999951
1,b1c34,40.0,11.001900000000024
1,b1c34,41.0,11.084486666666635
1,b1c34,42.0,11.084151666666731
1,b1c34,43.0,11.001041666666667
1,b1c34,44.0,11.00105666666641
1,b1c34,45.0,11.001071666666636
1,b1c34,46.0,11.00073166666698
1,b1c34,47.0,11.001236666666712
1,b1c34,48.0,11.084603333333023
1,b1c34,49.0,11.000886666666581
1,b1c34,50.0,11.000940000000021
1,b1c34,51.0,11.084311666666569
1,b1c34,52.0,11.08455833333331
1,b1c34,53.0,11.001256666666693
1,b1c34,54.0,11.000940000000021
1,b1c34,55.0,11.00080666666666
1,b1c34,56.0,11.084346666666777
1,b1c34,57.0,11.084634999999738
1,b1c34,58.0,11.000716666666753
1,b1c34,59.0,11.000881666666343
1,b1c34,60.0,11.084279999999854
1,b1c34,61.0,11.000956666666509
1,b1c34,62.0,11.00100666666646
1,b1c34,63.0,11.001344999999855
1,b1c34,64.0,11.00085666666661
1,b1c34,65.0,11.084275000000101
1,b1c34,66.0,11.001078333333135
1,b1c34,67.0,11.084123333333022
1,b1c34,68.0,11.00059333333338
1,b1c34,69.0,11.000515000000208
1,b1c34,70.0,11.084369999999762
1,b1c34,71.0,11.083996666666645
1,b1c34,72.0,11.084398333332986
1,b1c34,73.0,11.000769999999708
1,b1c34,74.0,11.001001666666706
1,b1c34,75.0,11.084196666666442
1,b1c34,76.0,11.084676666666443
1,b1c34,77.0,11.084168333333219
1,b1c34,78.0,11.084571666666792
1,b1c34,79.0,11.000978333333235
1,b1c34,80.0,11.001053333333402
1,b1c34,81.0,11.083993333333638
1,b1c34,82.0,11.084326666666795
1,b1c34,83.0,11.001549999999892
1,b1c34,84.0,11.08457000000053
1,b1c34,85.0,11.001058333333155
1,b1c34,86.0,11.00115166666704
1,b1c34,87.0,11.084390000000713
1,b1c34,88.0,11.084158333333713
1,b1c34,89.0,11.000871666666352
1,b1c34,90.0,11.001059999999901
1,b1c34,91.0,11.001190000000255
1,b1c34,92.0,11.08412833333423
1,b1c34,93.0,11.084050000000085
1,b1c34,94.0,11.001236666666227
1,b1c34,95.0,11.084291666666589
1,b1c34,96.0,11.084425000000435
1,b1c34,97.0,11.001101666666607
1,b1c34,98.0,11.084619999999996
1,b1c34,99.0,11.084160000000459
1,b1c34,100.0,11.08426000000036
1,b1c35,10.0,11.001431666666637
1,b1c35,11.0,11.001281666666667
1,b1c35,12.0,11.084619999999996
1,b1c35,13.0,11.001098333333236
1,b1c35,14.0,11.084718333333269
1,b1c35,15.0,11.084529999999965
1,b1c35,16.0,11.001278333333296
1,b1c35,17.0,11.08448833333338
1,b1c35,18.0,11.0843549999999
1,b1c35,19.0,11.000480000000001
1,b1c35,20.0,11.08415499999998
1,b1c35,21.0,11.000831666666636
1,b1c35,22.0,11.084546666666574
1,b1c35,23.0,11.084343333333285
1,b1c35,24.0,11.001133333333321
1,b1c35,25.0,11.000550000000173
1,b1c35,26.0,11.084248333333381
1,b1c35,27.0,11.084454999999918
1,b1c35,28.0,11.000946666666762
1,b1c35,29.0,11.08439166666673
1,b1c35,30.0,11.00104999999991
1,b1c35,31.0,11.084876666666483
1,b1c35,32.0,11.000833333333382
1,b1c35,33.0,11.084410000000208
1,b1c35,34.0,11.000938333333275
1,b1c35,35.0,11.000964999999997
1,b1c35,36.0,11.001138333333317
1,b1c35,37.0,11.08420166666668
1,b1c35,38.0,11.08445166666667
1,b1c35,39.0,11.00095333333326
1,b1c35,40.0,11.000850000000112
1,b1c35,41.0,11.00074166666697
1,b1c35,42.0,11.084886666666716
1,b1c35,43.0,11.084339999999793
1,b1c35,44.0,11.00118833333351
1,b1c35,45.0,11.000680000000283
1,b1c35,46.0,11.084503333333608
1,b1c35,47.0,11.000968333333246
1,b1c35,48.0,11.000978333333235
1,b1c35,49.0,11.001270000000174
1,b1c35,50.0,11.00126333333319
1,b1c35,51.0,11.001054999999663
1,b1c35,52.0,11.00136666666658
1,b1c35,53.0,11.08464666666696
1,b1c35,54.0,11.084434999999939
1,b1c35,55.0,11.001025000000178
1,b1c35,56.0,11.084581666666782
1,b1c35,57.0,11.000750000000213
1,b1c35,58.0,11.001231666666476
1,b1c35,59.0,11.001113333333342
1,b1c35,60.0,11.001471666666719
1,b1c35,61.0,11.00109999999986
1,b1c35,62.0,11.08421166666667
1,b1c35,63.0,11.08463833333323
1,b1c35,64.0,11.083956666666685
1,b1c35,65.0,11.000974999999745
1,b1c35,66.0,11.001153333333301
1,b1c35,67.0,11.084590000000025
1,b1c35,68.0,11.001231666666476
1,b1c35,69.0,11.001143333333312
1,b1c35,70.0,11.001073333333382
1,b1c35,71.0,11.001060000000386
1,b1c35,72.0,11.001143333333312
1,b1c35,73.0,11.084715000000141
1,b1c35,74.0,11.001281666666424
1,b1c35,75.0,11.084400000000217
1,b1c35,76.0,11.000904999999815
1,b1c35,77.0,11.001304999999896
1,b1c35,78.0,11.000968333333246
1,b1c35,79.0,11.001166666666784
1,b1c35,80.0,11.001196666666267
1,b1c35,81.0,11.084483333333628
1,b1c35,82.0,11.001096666666369
1,b1c35,83.0,11.084516666666605
1,b1c35,84.0,11.001150000000296
1,b1c35,85.0,11.0845066666671
1,b1c35,86.0,11.001328333332397
1,b1c35,87.0,11.084676666666443
1,b1c35,88.0,11.00076500000044
1,b1c35,89.0,11.084603333333508
1,b1c35,90.0,11.08435500000002
1,b1c35,91.0,11.084380000000237
1,b1c35,92.0,11.000894999999824
1,b1c35,93.0,11.084265000000595
1,b1c35,94.0,11.000954999999765
1,b1c35,95.0,11.000953333333019
1,b1c35,96.0,11.000911666666314
1,b1c35,97.0,11.00106833333363
1,b1c35,98.0,11.000686666667267
1,b1c35,99.0,11.084408333333947
1,b1c35,100.0,11.0844749999999
1,b1c36,10.0,11.523983333333309
1,b1c36,11.0,11.607381666666576
1,b1c36,12.0,11.524488333333284
1,b1c36,13.0,11.607828333333357
1,b1c36,14.0,11.607518333333307
1,b1c36,15.0,11.607489999999961
1,b1c36,16.0,11.52468333333333
1,b1c36,17.0,11.532349999999981
1,b1c36,18.0,11.524366666666658
1,b1c36,19.0,11.523961666666583
1,b1c36,20.0,11.523498333333313
1,b1c36,21.0,11.524289999999988
1,b1c36,22.0,11.607591666666606
1,b1c36,23.0,11.523889999999907
1,b1c36,24.0,11.607508333333438
1,b1c36,25.0,11.524471666666795
1,b1c36,26.0,11.607573333333372
1,b1c36,27.0,11.607583333333363
1,b1c36,28.0,11.524534999999984
1,b1c36,29.0,11.524466666666559
1,b1c36,30.0,11.52426000000002
1,b1c36,31.0,11.607933333333252
1,b1c36,32.0,11.607884999999806
1,b1c36,33.0,11.607504999999946
1,b1c36,34.0,11.608036666666642
1,b1c36,35.0,11.524498333333273
1,b1c36,36.0,11.524726666666538
1,b1c36,37.0,11.524608333333163
1,b1c36,38.0,11.607488333333215
1,b1c36,39.0,11.607478333333226
1,b1c36,40.0,11.524681666666584
1,b1c36,41.0,11.524591666666675
1,b1c36,42.0,11.607303333333402
1,b1c36,43.0,11.524039999999998
1,b1c36,44.0,11.524284999999994
1,b1c36,45.0,11.52459333333342
1,b1c36,46.0,11.524208333333082
1,b1c36,47.0,11.524269999999767
1,b1c36,48.0,11.524483333333531
1,b1c36,49.0,11.524721666667029
1,b1c36,50.0,11.523846666666698
1,b1c36,51.0,11.524483333333531
1,b1c36,52.0,11.607728333333702
1,b1c36,53.0,11.524098333333678
1,b1c36,54.0,11.52446166666632
1,b1c36,55.0,11.607583333333604
1,b1c36,56.0,11.524494999999781
1,b1c36,57.0,11.607873333333313
1,b1c36,58.0,11.524248333333526
1,b1c36,59.0,11.524205000000075
1,b1c36,60.0,11.524506666666518
1,b1c36,61.0,11.524441666666341
1,b1c36,62.0,11.607875000000059
1,b1c36,63.0,11.524541666666725
1,b1c36,64.0,11.607554999999897
1,b1c36,65.0,11.607325000000127
1,b1c36,66.0,11.607423333333282
1,b1c36,67.0,11.524858333333395
1,b1c36,68.0,11.608178333333248
1,b1c36,69.0,11.525989999999972
1,b1c36,70.0,11.524948333333304
1,b1c36,71.0,11.524396666666629
1,b1c36,72.0,11.524346666666679
1,b1c36,73.0,11.52455499999972
1,b1c36,74.0,11.524161666666624
1,b1c36,75.0,11.607306666666409
1,b1c36,76.0,11.524459999999575
1,b1c36,77.0,11.5238400000002
1,b1c36,78.0,11.607623333333079
1,b1c36,79.0,11.524688333333081
1,b1c36,80.0,11.60788833333354
1,b1c36,81.0,11.607718333333226
1,b1c36,82.0,11.607480000000214
1,b1c36,83.0,11.524399999999636
1,b1c36,84.0,11.607304999999663
1,b1c36,85.0,11.52441833333287
1,b1c36,86.0,11.524033333333016
1,b1c36,87.0,11.524355000000408
1,b1c36,88.0,11.607806666666875
1,b1c36,89.0,11.525076666667397
1,b1c36,90.0,11.608181666667225
1,b1c36,91.0,11.52421833333307
1,b1c36,92.0,11.608050000000125
1,b1c36,93.0,11.607996666667168
1,b1c36,94.0,11.607913333332787
1,b1c36,95.0,11.524524999999752
1,b1c36,96.0,11.524831666667403
1,b1c36,97.0,11.524441666667311
1,b1c36,98.0,11.608198333333712
1,b1c36,99.0,11.524828333333911
1,b1c36,100.0,11.524375000000388
1,b1c37,10.0,11.607113333333352
1,b1c37,11.0,11.607615000000077
1,b1c37,12.0,11.60718333333328
1,b1c37,13.0,11.607640000000053
1,b1c37,14.0,11.523926666666618
1,b1c37,15.0,11.607476666666601
1,b1c37,16.0,11.524278333333253
1,b1c37,17.0,11.524443333333329
1,b1c37,18.0,11.524456666666689
1,b1c37,19.0,11.524431666666594
1,b1c37,20.0,11.52475000000001
1,b1c37,21.0,11.607741666666698
1,b1c37,22.0,11.607821666666617
1,b1c37,23.0,11.524655000000106
1,b1c37,24.0,11.607754999999937
1,b1c37,25.0,11.524171666666613
1,b1c37,26.0,11.52429666666673
1,b1c37,27.0,11.52431333333346
1,b1c37,28.0,11.524248333333283
1,b1c37,29.0,11.607870000000064
1,b1c37,30.0,11.607583333333363
1,b1c37,31.0,11.607461666666739
1,b1c37,32.0,11.524068333333222
1,b1c37,33.0,11.52399000000005
1,b1c37,34.0,11.607650000000042
1,b1c37,35.0,11.607496666666702
1,b1c37,36.0,11.607598333333348
1,b1c37,37.0,11.607438333333508
1,b1c37,38.0,11.607360000000092
1,b1c37,39.0,11.607766666666672
1,b1c37,40.0,11.524609999999909
1,b1c37,41.0,11.524616666666892
1,b1c37,42.0,11.524269999999767
1,b1c37,43.0,11.524579999999938
1,b1c37,44.0,11.524645000000115
1,b1c37,45.0,11.524328333333445
1,b1c37,46.0,11.607719999999972
1,b1c37,47.0,11.524381666666887
1,b1c37,48.0,11.60754333333316
1,b1c37,49.0,11.524391666666876
1,b1c37,50.0,11.60781999999987
1,b1c37,51.0,11.524471666666795
1,b1c37,52.0,11.524615000000146
1,b1c37,53.0,11.524391666666391
1,b1c37,54.0,11.524764999999995
1,b1c37,55.0,11.60760166666684
1,b1c37,56.0,11.608088333333338
1,b1c37,57.0,11.524333333333198
1,b1c37,58.0,11.608059999999629
1,b1c37,59.0,11.607753333332948
1,b1c37,60.0,11.524314999999964
1,b1c37,61.0,11.524393333333137
1,b1c37,62.0,11.524141666666644
1,b1c37,63.0,11.608074999999856
1,b1c37,64.0,11.52411333333342
1,b1c37,65.0,11.5256733333333
1,b1c37,66.0,11.607699999999992
1,b1c37,67.0,11.607755000000179
1,b1c37,68.0,11.524671666666594
1,b1c37,69.0,11.524781666666968
1,b1c37,70.0,11.524621666666643
1,b1c37,71.0,11.607556666666643
1,b1c37,72.0,11.60743999999977
1,b1c37,73.0,11.607711666666727
1,b1c37,74.0,11.524659999999859
1,b1c37,75.0,11.524556666666466
1,b1c37,76.0,11.525186666666801
1,b1c37,77.0,11.524020000000018
1,b1c37,78.0,11.524341666666926
1,b1c37,79.0,11.611393333333156
1,b1c37,80.0,11.608335000000078
1,b1c37,81.0,11.607435000000017
1,b1c37,82.0,11.524833333334149
1,b1c37,83.0,11.524263333333268
1,b1c37,84.0,11.607693333333009
1,b1c37,85.0,11.524478333333779
1,b1c37,86.0,11.524193333333823
1,b1c37,87.0,11.524421666667331
1,b1c37,88.0,11.524230000000292
1,b1c37,89.0,11.607474999999976
1,b1c37,90.0,11.608099999999588
1,b1c37,91.0,11.524363333333167
1,b1c37,92.0,11.524161666666624
1,b1c37,93.0,11.52437000000015
1,b1c37,94.0,11.524181666666603
1,b1c37,95.0,11.523935000000831
1,b1c37,96.0,11.607626666666086
1,b1c37,97.0,11.607681666666759
1,b1c37,98.0,11.524483333333047
1,b1c37,99.0,11.607688333333742
1,b1c37,100.0,11.607541666666899
1,b1c38,10.0,10.27523666666663
1,b1c38,11.0,10.276714999999967
1,b1c38,12.0,10.192416666666638
1,b1c38,13.0,10.192309999999997
1,b1c38,14.0,10.192785000000004
1,b1c38,15.0,10.19359333333341
1,b1c38,16.0,10.27514333333335
1,b1c38,17.0,10.192788333333253
1,b1c38,18.0,10.275499999999981
1,b1c38,19.0,10.192101666666591
1,b1c38,20.0,10.276488333333448
1,b1c38,21.0,10.193056666666719
1,b1c38,22.0,10.276811666666617
1,b1c38,23.0,10.1933633333334
1,b1c38,24.0,10.193114999999914
1,b1c38,25.0,10.275591666666635
1,b1c38,26.0,10.275511666666716
1,b1c38,27.0,10.193421666666593
1,b1c38,28.0,10.276168333333286
1,b1c38,29.0,10.19368333333332
1,b1c38,30.0,10.19345000000006
1,b1c38,31.0,10.27705833333336
1,b1c38,32.0,10.191476666666615
1,b1c38,33.0,10.276781666666647
1,b1c38,34.0,10.192349999999957
1,b1c38,35.0,10.19055833333332
1,b1c38,36.0,10.273665000000134
1,b1c38,37.0,10.191155000000192
1,b1c38,38.0,10.191593333333488
1,b1c38,39.0,10.276331666666616
1,b1c38,40.0,10.275578333333154
1,b1c38,41.0,10.273951666666836
1,b1c38,42.0,10.276128333333569
1,b1c38,43.0,10.276411666666778
1,b1c38,44.0,10.27682333333311
1,b1c38,45.0,10.192741666666794
1,b1c38,46.0,10.277353333333545
1,b1c38,47.0,10.276848333333328
1,b1c38,48.0,10.192139999999684
1,b1c38,49.0,10.276248333333449
1,b1c38,50.0,10.193023333333258
1,b1c38,51.0,10.27739166666676
1,b1c38,52.0,10.276273333333181
1,b1c38,53.0,10.193928333333558
1,b1c38,54.0,10.27588333333309
1,b1c38,55.0,10.191113333333245
1,b1c38,56.0,10.19343333333333
1,b1c38,57.0,10.27597833333372
1,b1c38,58.0,10.19366000000009
1,b1c38,59.0,10.276688333333489
1,b1c38,60.0,10.19283333333345
1,b1c38,61.0,10.274139999999898
1,b1c38,62.0,10.193306666666468
1,b1c38,63.0,10.192033333333287
1,b1c38,64.0,10.192958333333081
1,b1c38,65.0,10.275971666666738
1,b1c38,66.0,10.192431666666623
1,b1c38,67.0,10.192704999999842
1,b1c38,68.0,10.276248333333449
1,b1c38,69.0,10.192198333333362
1,b1c38,70.0,10.192008333333554
1,b1c38,71.0,10.193000000000271
1,b1c38,72.0,10.192766666666527
1,b1c38,73.0,10.193168333332869
1,b1c38,74.0,10.19188833333319
1,b1c38,75.0,10.191261666666833
1,b1c38,76.0,10.192539999999765
1,b1c38,77.0,10.193461666667039
1,b1c38,78.0,10.191828333333737
1,b1c38,79.0,10.275848333333366
1,b1c38,80.0,10.276284999999916
1,b1c38,81.0,10.275794999999926
1,b1c38,82.0,10.192153333333165
1,b1c38,83.0,10.193054999999488
1,b1c38,84.0,10.193206666667054
1,b1c38,85.0,10.27660666666634
1,b1c38,86.0,10.2769650000002
1,b1c38,87.0,10.275431666666798
1,b1c38,88.0,10.27511499999964
1,b1c38,89.0,10.276416666667016
1,b1c38,90.0,10.193663333334067
1,b1c38,91.0,10.275463333333027
1,b1c38,92.0,10.191535000000536
1,b1c38,93.0,10.278330000000036
1,b1c38,94.0,10.193490000000262
1,b1c38,95.0,10.193594999999428
1,b1c38,96.0,10.27566166666705
1,b1c38,97.0,10.275731666666495
1,b1c38,98.0,10.292221666666835
1,b1c38,99.0,10.191955000000114
1,b1c38,100.0,10.275473333333503
1,b1c39,10.0,10.274753333333381
1,b1c39,11.0,10.191129999999976
1,b1c39,12.0,10.274778333333355
1,b1c39,13.0,10.274476666666668
1,b1c39,14.0,10.274955000000045
1,b1c39,15.0,10.191473333333366
1,b1c39,16.0,10.191246666666727
1,b1c39,17.0,10.191410000000056
1,b1c39,18.0,10.191101666666631
1,b1c39,19.0,10.275048333333325
1,b1c39,20.0,10.191206666666647
1,b1c39,21.0,10.191268333333332
1,b1c39,22.0,10.275708333333265
1,b1c39,23.0,10.191758333333322
1,b1c39,24.0,10.27497000000003
1,b1c39,25.0,10.191631666666702
1,b1c39,26.0,10.274731666666533
1,b1c39,27.0,10.274898333333356
1,b1c39,28.0,10.27456333333345
1,b1c39,29.0,10.191206666666647
1,b1c39,30.0,10.191550000000037
1,b1c39,31.0,10.27454999999997
1,b1c39,32.0,10.191353333333245
1,b1c39,33.0,10.274758333333255
1,b1c39,34.0,10.275181666666564
1,b1c39,35.0,10.191520000000066
1,b1c39,36.0,10.191289999999814
1,b1c39,37.0,10.274766666666498
1,b1c39,38.0,10.274609999999909
1,b1c39,39.0,10.19199666666682
1,b1c39,40.0,10.27515666666659
1,b1c39,41.0,10.274821666666442
1,b1c39,42.0,10.27511499999964
1,b1c39,43.0,10.191421666666672
1,b1c39,44.0,10.27514333333335
1,b1c39,45.0,10.191256666666595
1,b1c39,46.0,10.274926666666579
1,b1c39,47.0,10.275015000000227
1,b1c39,48.0,10.191901666666672
1,b1c39,49.0,10.274831666666918
1,b1c39,50.0,10.274764999999995
1,b1c39,51.0,10.27523333333326
1,b1c39,52.0,10.275511666666716
1,b1c39,53.0,10.19170499999988
1,b1c39,54.0,10.27409333333344
1,b1c39,55.0,10.274803333333208
1,b1c39,56.0,10.2749000000001
1,b1c39,57.0,10.27501999999998
1,b1c39,58.0,10.275018333333234
1,b1c39,59.0,10.191484999999618
1,b1c39,60.0,10.191379999999965
1,b1c39,61.0,10.191741666666834
1,b1c39,62.0,10.274956666666549
1,b1c39,63.0,10.27520333333329
1,b1c39,64.0,10.274808333333446
1,b1c39,65.0,10.275046666666459
1,b1c39,66.0,10.275153333333341
1,b1c39,67.0,10.274513333333015
1,b1c39,68.0,10.275374999999864
1,b1c39,69.0,10.27452999999999
1,b1c39,70.0,10.274955000000288
1,b1c39,71.0,10.274731666666533
1,b1c39,72.0,10.274801666666463
1,b1c39,73.0,10.274753333333258
1,b1c39,74.0,10.191591666666985
1,b1c39,75.0,10.274791666666472
1,b1c39,76.0,10.191633333333206
1,b1c39,77.0,10.191766666666565
1,b1c39,78.0,10.191235000000354
1,b1c39,79.0,10.191343333333498
1,b1c39,80.0,10.192078333332999
1,b1c39,81.0,10.274788333333467
1,b1c39,82.0,10.2749000000001
1,b1c39,83.0,10.27497000000003
1,b1c39,84.0,10.191273333334054
1,b1c39,85.0,10.27493666666657
1,b1c39,86.0,10.274524999999752
1,b1c39,87.0,10.191491666667085
1,b1c39,88.0,10.274993333333017
1,b1c39,89.0,10.274616666666892
1,b1c39,90.0,10.274783333332744
1,b1c39,91.0,10.191768333333311
1,b1c39,92.0,10.191208333332906
1,b1c39,93.0,10.190754999999383
1,b1c39,94.0,10.274739999999293
1,b1c39,95.0,10.19107166666654
1,b1c39,96.0,10.19161000000022
1,b1c39,97.0,10.273903333332662
1,b1c39,98.0,10.191386666666949
1,b1c39,99.0,10.191591666666985
1,b1c39,100.0,10.274961666666787
1,b1c40,10.0,12.054343333333357
1,b1c40,11.0,12.137778333333335
1,b1c40,12.0,12.054388333333312
1,b1c40,13.0,12.137685000000056
1,b1c40,14.0,12.13756333333331
1,b1c40,15.0,12.137876666666731
1,b1c40,16.0,12.137805000000055
1,b1c40,17.0,12.13726
1,b1c40,18.0,12.054078333333383
1,b1c40,19.0,12.053894999999951
1,b1c40,20.0,12.13729666666671
1,b1c40,21.0,12.13751666666673
1,b1c40,22.0,12.138113333333362
1,b1c40,23.0,12.054436666666637
1,b1c40,24.0,12.138085000000137
1,b1c40,25.0,12.054166666666667
1,b1c40,26.0,12.13829666666667
1,b1c40,27.0,12.054591666666722
1,b1c40,28.0,12.054503333333317
1,b1c40,29.0,12.054495000000072
1,b1c40,30.0,12.054366666666708
1,b1c40,31.0,12.138341666666868
1,b1c40,32.0,12.054706666666608
1,b1c40,33.0,12.137450000000051
1,b1c40,34.0,12.054233333333347
1,b1c40,35.0,12.054016666666575
1,b1c40,36.0,12.137573333333178
1,b1c40,37.0,12.137623333333371
1,b1c40,38.0,12.137713333333279
1,b1c40,39.0,12.054619999999705
1,b1c40,40.0,12.054698333333363
1,b1c40,41.0,12.137995000000227
1,b1c40,42.0,12.137675000000065
1,b1c40,43.0,12.137611666666634
1,b1c40,44.0,12.054755000000295
1,b1c40,45.0,12.054621666666451
1,b1c40,46.0,12.137981666666747
1,b1c40,47.0,12.053991666666601
1,b1c40,48.0,12.137880000000102
1,b1c40,49.0,12.05475499999981
1,b1c40,50.0,12.054755000000295
1,b1c40,51.0,12.055114999999933
1,b1c40,52.0,12.138111666666616
1,b1c40,53.0,12.138246666666722
1,b1c40,54.0,12.054738333333322
1,b1c40,55.0,12.137690000000294
1,b1c40,56.0,12.054525000000043
1,b1c40,57.0,12.137603333333391
1,b1c40,58.0,12.053598333333017
1,b1c40,59.0,12.054126666666708
1,b1c40,60.0,12.053581666667014
1,b1c40,61.0,12.054114999999971
1,b1c40,62.0,12.054196666666636
1,b1c40,63.0,12.054251666666824
1,b1c40,64.0,12.054538333333523
1,b1c40,65.0,12.054193333333144
1,b1c40,66.0,12.054513333333308
1,b1c40,67.0,12.137598333333154
1,b1c40,68.0,12.054260000000067
1,b1c40,69.0,12.054063333333277
1,b1c40,70.0,12.054724999999841
1,b1c40,71.0,12.054180000000148
1,b1c40,72.0,12.054078333333019
1,b1c40,73.0,12.054065000000021
1,b1c40,74.0,12.054518333333059
1,b1c40,75.0,12.138423333333533
1,b1c40,76.0,12.053781666666813
1,b1c40,77.0,12.137281666666484
1,b1c40,78.0,12.054153333333185
1,b1c40,79.0,12.054669999999653
1,b1c40,80.0,12.054574999999993
1,b1c40,81.0,12.137968333333266
1,b1c40,82.0,12.137911666666817
1,b1c40,83.0,12.054259999999582
1,b1c40,84.0,12.137525000000217
1,b1c40,85.0,12.054168333333413
1,b1c40,86.0,12.054740000000068
1,b1c40,87.0,12.054201666667359
1,b1c40,88.0,12.137868333333365
1,b1c40,89.0,12.054223333333114
1,b1c40,90.0,12.054589999999735
1,b1c40,91.0,12.054231666665874
1,b1c40,92.0,12.05373500000084
1,b1c40,93.0,12.137300000000202
1,b1c40,94.0,12.137879999999617
1,b1c40,95.0,12.054698333333363
1,b1c40,96.0,12.137514999999743
1,b1c40,97.0,12.054478333333584
1,b1c40,98.0,12.054411666666661
1,b1c40,99.0,12.137911666666817
1,b1c40,100.0,12.137911666666817
1,b1c41,10.0,12.053849999999995
1,b1c41,11.0,12.054145000000062
1,b1c41,12.0,12.054513333333428
1,b1c41,13.0,12.137578333333416
1,b1c41,14.0,12.053943333333397
1,b1c41,15.0,12.053916666666556
1,b1c41,16.0,12.054135000000072
1,b1c41,17.0,12.13728666666672
1,b1c41,18.0,12.137461666666665
1,b1c41,19.0,12.053793333333306
1,b1c41,20.0,12.138211666666757
1,b1c41,21.0,12.054256666666818
1,b1c41,22.0,12.054270000000058
1,b1c41,23.0,12.054636666666678
1,b1c41,24.0,12.054510000000057
1,b1c41,25.0,12.054043333333295
1,b1c41,26.0,12.05493499999987
1,b1c41,27.0,12.137940000000041
1,b1c41,28.0,12.137151666666615
1,b1c41,29.0,12.137601666666646
1,b1c41,30.0,12.054463333333358
1,b1c41,31.0,12.137686666666559
1,b1c41,32.0,12.137788333333203
1,b1c41,33.0,12.137369999999889
1,b1c41,34.0,12.137726666666762
1,b1c41,35.0,12.054876666666678
1,b1c41,36.0,12.054236666666839
1,b1c41,37.0,12.053896666666697
1,b1c41,38.0,12.054185000000142
1,b1c41,39.0,12.054323333333498
1,b1c41,40.0,12.137451666666797
1,b1c41,41.0,12.054341666666733
1,b1c41,42.0,12.1375
1,b1c41,43.0,12.054373333332963
1,b1c41,44.0,12.137740000000242
1,b1c41,45.0,12.05396833333313
1,b1c41,46.0,12.13734666666666
1,b1c41,47.0,12.054164999999921
1,b1c41,48.0,12.0543783333332
1,b1c41,49.0,12.13770333333329
1,b1c41,50.0,12.054993333333307
1,b1c41,51.0,12.137623333333371
1,b1c41,52.0,12.137763333333229
1,b1c41,53.0,12.13781333333318
1,b1c41,54.0,12.138670000000275
1,b1c41,55.0,12.138031666666697
1,b1c41,56.0,12.137391666666371
1,b1c41,57.0,12.054526666666789
1,b1c41,58.0,12.137353333333158
1,b1c41,59.0,12.053873333333467
1,b1c41,60.0,12.053976666666859
1,b1c41,61.0,12.137558333333194
1,b1c41,62.0,12.137748333333002
1,b1c41,63.0,12.137236666666771
1,b1c41,64.0,12.053951666666642
1,b1c41,65.0,12.054103333333236
1,b1c41,66.0,12.137099999999919
1,b1c41,67.0,12.054498333333564
1,b1c41,68.0,12.05439000000042
1,b1c41,69.0,12.054046666666787
1,b1c41,70.0,12.13748833333375
1,b1c41,71.0,12.137518333333235
1,b1c41,72.0,12.137321666666443
1,b1c41,73.0,12.054261666666813
1,b1c41,74.0,12.137513333333482
1,b1c41,75.0,12.054248333333332
1,b1c41,76.0,12.137735000000005
1,b1c41,77.0,12.053781666666813
1,b1c41,78.0,12.137395000000348
1,b1c41,79.0,12.137525000000217
1,b1c41,80.0,12.05429333333353
1,b1c41,81.0,12.054111666666964
1,b1c41,82.0,12.137626666666863
1,b1c41,83.0,12.054246666666586
1,b1c41,84.0,12.054056666667263
1,b1c41,85.0,12.054344999999739
1,b1c41,86.0,12.13748833333375
1,b1c41,87.0,12.054633333333186
1,b1c41,88.0,12.054938333333121
1,b1c41,89.0,12.054646666666182
1,b1c41,90.0,12.054033333332821
1,b1c41,91.0,12.137286666667205
1,b1c41,92.0,12.054013333332842
1,b1c41,93.0,12.137463333333532
1,b1c41,94.0,12.1375316666672
1,b1c41,95.0,12.054429999999895
1,b1c41,96.0,12.05397833333409
1,b1c41,97.0,12.054781666665804
1,b1c41,98.0,12.137919999999577
1,b1c41,99.0,12.054560000000249
1,b1c41,100.0,12.136911666666856
1,b1c42,10.0,11.220839999999953
1,b1c42,11.0,11.137961666666646
1,b1c42,12.0,11.137546666666701
1,b1c42,13.0,11.137744999999995
1,b1c42,14.0,11.221104999999929
1,b1c42,15.0,11.221446666666573
1,b1c42,16.0,11.13716666666672
1,b1c42,17.0,11.137355000000024
1,b1c42,18.0,11.13692999999997
1,b1c42,19.0,11.221169999999983
1,b1c42,20.0,11.220488333333197
1,b1c42,21.0,11.22111166666679
1,b1c42,22.0,11.138158333333315
1,b1c42,23.0,11.221030000000125
1,b1c42,24.0,11.138418333333297
1,b1c42,25.0,11.13800666666672
1,b1c42,26.0,11.220871666666547
1,b1c42,27.0,11.221311666666589
1,b1c42,28.0,11.221018333333388
1,b1c42,29.0,11.137513333333482
1,b1c42,30.0,11.137763333333229
1,b1c42,31.0,11.220934999999978
1,b1c42,32.0,11.137816666666671
1,b1c42,33.0,11.221243333333405
1,b1c42,34.0,11.221570000000066
1,b1c42,35.0,11.220768333333156
1,b1c42,36.0,11.137623333333371
1,b1c42,37.0,11.137463333333532
1,b1c42,38.0,11.138541666666667
1,b1c42,39.0,11.137943333333533
1,b1c42,40.0,11.221020000000134
1,b1c42,41.0,11.137330000000171
1,b1c42,42.0,11.13752999999997
1,b1c42,43.0,11.137545000000197
1,b1c42,44.0,11.225931666666778
1,b1c42,45.0,11.220833333333333
1,b1c42,46.0,11.138486666666479
1,b1c42,47.0,11.2210083333334
1,b1c42,48.0,11.137656666666832
1,b1c42,49.0,11.220510000000164
1,b1c42,50.0,11.137473333333523
1,b1c42,51.0,11.22073500000018
1,b1c42,52.0,11.137898333333336
1,b1c42,53.0,11.137853333333624
1,b1c42,54.0,11.138058333333658
1,b1c42,55.0,11.137741666666503
1,b1c42,56.0,11.221290000000348
1,b1c42,57.0,11.220124999999825
1,b1c42,58.0,11.137640000000344
1,b1c42,59.0,11.137863333333614
1,b1c42,60.0,11.22128500000011
1,b1c42,61.0,11.221020000000134
1,b1c42,62.0,11.137588333333163
1,b1c42,63.0,11.2208083333336
1,b1c42,64.0,11.220908333333501
1,b1c42,65.0,11.137291666666473
1,b1c42,66.0,11.22084833333356
1,b1c42,67.0,11.221046666666613
1,b1c42,68.0,11.137410000000092
1,b1c42,69.0,11.220828333333095
1,b1c42,70.0,11.220976666666683
1,b1c42,71.0,11.137566666666922
1,b1c42,72.0,11.22047833333345
1,b1c42,73.0,11.137823333333653
1,b1c42,74.0,11.137891666666837
1,b1c42,75.0,11.221301666666598
1,b1c42,76.0,11.137725000000016
1,b1c42,77.0,11.22104166666686
1,b1c42,78.0,11.221259999999893
1,b1c42,79.0,11.220966666666694
1,b1c42,80.0,11.13757999999992
1,b1c42,81.0,11.221113333333536
1,b1c42,82.0,11.220724999999705
1,b1c42,83.0,11.221558333333814
1,b1c42,84.0,11.220949999999721
1,b1c42,85.0,11.220595000000321
1,b1c42,86.0,11.221066666667078
1,b1c42,87.0,11.221086666666087
1,b1c42,88.0,11.137483333333511
1,b1c42,89.0,11.137616666666387
1,b1c42,90.0,11.137298333333456
1,b1c42,91.0,11.137803333333189
1,b1c42,92.0,11.137313333333198
1,b1c42,93.0,11.138530000000417
1,b1c42,94.0,11.221698333332704
1,b1c42,95.0,11.13766333333333
1,b1c42,96.0,11.220818333333591
1,b1c42,97.0,11.137648333333589
1,b1c42,98.0,11.137755000000471
1,b1c42,99.0,11.136823333334178
1,b1c42,100.0,11.137558333333194
1,b1c43,10.0,11.219888333333317
1,b1c43,11.0,11.220453333333353
1,b1c43,12.0,11.220554999999997
1,b1c43,13.0,11.136798333333354
1,b1c43,14.0,11.136043333333388
1,b1c43,15.0,11.137448333333426
1,b1c43,16.0,11.13715666666673
1,b1c43,17.0,11.136798333333354
1,b1c43,18.0,11.136998333333395
1,b1c43,19.0,11.1374466666668
1,b1c43,20.0,11.13727333333348
1,b1c43,21.0,11.13734333333341
1,b1c43,22.0,11.138009999999971
1,b1c43,23.0,11.22160500000003
1,b1c43,24.0,11.13730333333321
1,b1c43,25.0,11.221056666666845
1,b1c43,26.0,11.138113333333118
1,b1c43,27.0,11.137221666666786
1,b1c43,28.0,11.221529999999863
1,b1c43,29.0,11.221241666666659
1,b1c43,30.0,11.13764333333335
1,b1c43,31.0,11.137334999999924
1,b1c43,32.0,11.220739999999932
1,b1c43,33.0,11.220868333333298
1,b1c43,34.0,11.136915000000105
1,b1c43,35.0,11.22035166666683
1,b1c43,36.0,11.137223333333289
1,b1c43,37.0,11.22067833333349
1,b1c43,38.0,11.13742666666658
1,b1c43,39.0,11.137338333333416
1,b1c43,40.0,11.219956666666743
1,b1c43,41.0,11.220596666666582
1,b1c43,42.0,11.220481666666455
1,b1c43,43.0,11.137196666666812
1,b1c43,44.0,11.221074999999837
1,b1c43,45.0,11.137658333333578
1,b1c43,46.0,11.13757999999992
1,b1c43,47.0,11.137414999999843
1,b1c43,48.0,11.220643333333525
1,b1c43,49.0,11.220993333333658
1,b1c43,50.0,11.137568333333183
1,b1c43,51.0,11.1374066666666
1,b1c43,52.0,11.221248333333158
1,b1c43,53.0,11.22044166666698
1,b1c43,54.0,11.221338333333552
1,b1c43,55.0,11.221159999999994
1,b1c43,56.0,11.221004999999908
1,b1c43,57.0,11.138254999999965
1,b1c43,58.0,11.137300000000202
1,b1c43,59.0,11.220763333332918
1,b1c43,60.0,11.137541666666705
1,b1c43,61.0,11.220966666666694
1,b1c43,62.0,11.1372066666668
1,b1c43,63.0,11.220861666666558
1,b1c43,64.0,11.137243333333268
1,b1c43,65.0,11.137198333333071
1,b1c43,66.0,11.220805000000109
1,b1c43,67.0,11.13771666666677
1,b1c43,68.0,11.13730333333321
1,b1c43,69.0,11.22006166666688
1,b1c43,70.0,11.137608333333628
1,b1c43,71.0,11.13734666666666
1,b1c43,72.0,11.220463333333706
1,b1c43,73.0,11.220661666666759
1,b1c43,74.0,11.137300000000202
1,b1c43,75.0,11.137331666666432
1,b1c43,76.0,11.137293333333218
1,b1c43,77.0,11.221081666666821
1,b1c43,78.0,11.22105833333335
1,b1c43,79.0,11.220618333333308
1,b1c43,80.0,11.137339999999677
1,b1c43,81.0,11.137381666666867
1,b1c43,82.0,11.137111666666653
1,b1c43,83.0,11.220921666666982
1,b1c43,84.0,11.137819999999676
1,b1c43,85.0,11.22050333333318
1,b1c43,86.0,11.220828333333095
1,b1c43,87.0,11.220726666666451
1,b1c43,88.0,11.220776666666886
1,b1c43,89.0,11.220538333332904
1,b1c43,90.0,11.220883333332798
1,b1c43,91.0,11.220740000000417
1,b1c43,92.0,11.220604999999827
1,b1c43,93.0,11.220644999999786
1,b1c43,94.0,11.137298333333456
1,b1c43,95.0,11.137035000000227
1,b1c43,96.0,11.220929999999742
1,b1c43,97.0,11.221241666666659
1,b1c43,98.0,11.137256666666751
1,b1c43,99.0,11.137621666666625
1,b1c43,100.0,11.221074999999837
1,b1c44,10.0,10.30407833333326
1,b1c44,11.0,10.220471666666707
1,b1c44,12.0,10.221033333333374
1,b1c44,13.0,10.304216666666616
1,b1c44,14.0,10.304295000000032
1,b1c44,15.0,10.304325000000002
1,b1c44,16.0,10.304326666666627
1,b1c44,17.0,10.304423333333398
1,b1c44,18.0,10.220793333333374
1,b1c44,19.0,10.304203333333255
1,b1c44,20.0,10.220778333333389
1,b1c44,21.0,10.220608333333319
1,b1c44,22.0,10.220751666666668
1,b1c44,23.0,10.221694999999938
1,b1c44,24.0,10.220881666666779
1,b1c44,25.0,10.304430000000139
1,b1c44,26.0,10.220684999999987
1,b1c44,27.0,10.220918333333248
1,b1c44,28.0,10.304723333333337
1,b1c44,29.0,10.221003333333405
1,b1c44,30.0,10.221446666666695
1,b1c44,31.0,10.304883333333418
1,b1c44,32.0,10.22125833333339
1,b1c44,33.0,10.304683333333378
1,b1c44,34.0,10.304285000000043
1,b1c44,35.0,10.220750000000164
1,b1c44,36.0,10.220723333333444
1,b1c44,37.0,10.303976666666616
1,b1c44,38.0,10.304099999999986
1,b1c44,39.0,10.220893333333272
1,b1c44,40.0,10.2213483333333
1,b1c44,41.0,10.221088333333318
1,b1c44,42.0,10.220673333333496
1,b1c44,43.0,10.220911666666991
1,b1c44,44.0,10.304268333333312
1,b1c44,45.0,10.304531666667026
1,b1c44,46.0,10.22101999999965
1,b1c44,47.0,10.221578333333309
1,b1c44,48.0,10.304300000000028
1,b1c44,49.0,10.303708333333391
1,b1c44,50.0,10.221179999999974
1,b1c44,51.0,10.304233333333105
1,b1c44,52.0,10.221376666666766
1,b1c44,53.0,10.22124500000015
1,b1c44,54.0,10.220853333333313
1,b1c44,55.0,10.304695000000356
1,b1c44,56.0,10.22125500000014
1,b1c44,57.0,10.220606666666573
1,b1c44,58.0,10.304855000000195
1,b1c44,59.0,10.221178333333228
1,b1c44,60.0,10.22140833333348
1,b1c44,61.0,10.220739999999932
1,b1c44,62.0,10.221991666666387
1,b1c44,63.0,10.304604999999961
1,b1c44,64.0,10.304426666666405
1,b1c44,65.0,10.220528333333398
1,b1c44,66.0,10.304445000000124
1,b1c44,67.0,10.221145000000252
1,b1c44,68.0,10.22021666666648
1,b1c44,69.0,10.2202899999999
1,b1c44,70.0,10.304401666666672
1,b1c44,71.0,10.22115333333301
1,b1c44,72.0,10.304486666666829
1,b1c44,73.0,10.304545000000022
1,b1c44,74.0,10.304359999999967
1,b1c44,75.0,10.221044999999867
1,b1c44,76.0,10.22125166666665
1,b1c44,77.0,10.304604999999961
1,b1c44,78.0,10.304168333333413
1,b1c44,79.0,10.303698333332916
1,b1c44,80.0,10.30453666666678
1,b1c44,81.0,10.304341666666733
1,b1c44,82.0,10.30432666666699
1,b1c44,83.0,10.304295000000275
1,b1c44,84.0,10.3039300000004
1,b1c44,85.0,10.221551666666832
1,b1c44,86.0,10.221246666666897
1,b1c44,87.0,10.221080000000075
1,b1c44,88.0,10.220875000000039
1,b1c44,89.0,10.220954999999957
1,b1c44,90.0,10.221088333333803
1,b1c44,91.0,10.304276666666071
1,b1c44,92.0,10.303668333333917
1,b1c44,93.0,10.220713333333455
1,b1c44,94.0,10.22088999999978
1,b1c44,95.0,10.304306666666525
1,b1c44,96.0,10.22121333333295
1,b1c44,97.0,10.221289999999378
1,b1c44,98.0,10.304648333333898
1,b1c44,99.0,10.220939999999246
1,b1c44,100.0,10.22133333333283
1,b1c45,10.0,10.304610000000078
1,b1c45,11.0,10.220613333333313
1,b1c45,12.0,10.220535000000018
1,b1c45,13.0,10.220474999999958
1,b1c45,14.0,10.30382833333327
1,b1c45,15.0,10.220991666666668
1,b1c45,16.0,10.304218333333361
1,b1c45,17.0,10.304488333333332
1,b1c45,18.0,10.220591666666587
1,b1c45,19.0,10.305469999999938
1,b1c45,20.0,10.221203333333202
1,b1c45,21.0,10.221041666666618
1,b1c45,22.0,10.304674999999891
1,b1c45,23.0,10.304735000000074
1,b1c45,24.0,10.221388333333259
1,b1c45,25.0,10.220963333333202
1,b1c45,26.0,10.221591666666791
1,b1c45,27.0,10.220838333333328
1,b1c45,28.0,10.221346666666795
1,b1c45,29.0,10.221069999999843
1,b1c45,30.0,10.221173333333475
1,b1c45,31.0,10.304525000000043
1,b1c45,32.0,10.220446666666733
1,b1c45,33.0,10.221046666666856
1,b1c45,34.0,10.304303333333277
1,b1c45,35.0,10.221224999999928
1,b1c45,36.0,10.304753333333307
1,b1c45,37.0,10.304458333333363
1,b1c45,38.0,10.304256666666818
1,b1c45,39.0,10.221549999999842
1,b1c45,40.0,10.304065000000021
1,b1c45,41.0,10.221236666666421
1,b1c45,42.0,10.304201666666874
1,b1c45,43.0,10.304353333333468
1,b1c45,44.0,10.303953333333387
1,b1c45,45.0,10.221244999999666
1,b1c45,46.0,10.220961666666456
1,b1c45,47.0,10.304469999999856
1,b1c45,48.0,10.220978333333429
1,b1c45,49.0,10.221936666666686
1,b1c45,50.0,10.305015000000033
1,b1c45,51.0,10.305011666666541
1,b1c45,52.0,10.30441833333316
1,b1c45,53.0,10.220608333333319
1,b1c45,54.0,10.304723333333095
1,b1c45,55.0,10.221843333333284
1,b1c45,56.0,10.221113333333536
1,b1c45,57.0,10.303994999999608
1,b1c45,58.0,10.30497666666682
1,b1c45,59.0,10.220914999999998
1,b1c45,60.0,10.30432833333325
1,b1c45,61.0,10.22088500000003
1,b1c45,62.0,10.304356666666475
1,b1c45,63.0,10.304391666666682
1,b1c45,64.0,10.22090999999976
1,b1c45,65.0,10.30463166666644
1,b1c45,66.0,10.220951666666952
1,b1c45,67.0,10.304483333333337
1,b1c45,68.0,10.304529999999795
1,b1c45,69.0,10.220610000000063
1,b1c45,70.0,10.220890000000265
1,b1c45,71.0,10.304401666666672
1,b1c45,72.0,10.22118166666672
1,b1c45,73.0,10.30425833333332
1,b1c45,74.0,10.304535000000033
1,b1c45,75.0,10.304556666666759
1,b1c45,76.0,10.220848333333075
1,b1c45,77.0,10.220741666666678
1,b1c45,78.0,10.303989999999855
1,b1c45,79.0,10.221116666666543
1,b1c45,80.0,10.220608333333319
1,b1c45,81.0,10.220656666667006
1,b1c45,82.0,10.304023333333316
1,b1c45,83.0,10.221239999999913
1,b1c45,84.0,10.220833333333333
1,b1c45,85.0,10.221898333333472
1,b1c45,86.0,10.221844999999545
1,b1c45,87.0,10.22080666666637
1,b1c45,88.0,10.22076666666641
1,b1c45,89.0,10.30410166666746
1,b1c45,90.0,10.304243333334064
1,b1c45,91.0,10.220963333332717
1,b1c45,92.0,10.304409999999915
1,b1c45,93.0,10.303963333333376
1,b1c45,94.0,10.221111666666305
1,b1c45,95.0,10.304836666666477
1,b1c45,96.0,10.22124499999918
1,b1c45,97.0,10.220588333333337
1,b1c45,98.0,10.304335000000235
1,b1c45,99.0,10.221196666666462
1,b1c45,100.0,10.221515000000363
2,b2c0,10.0,10.172471666666631
2,b2c0,11.0,10.172286666666817
2,b2c0,12.0,10.172946666666636
2,b2c0,13.0,10.172465000000376
2,b2c0,14.0,10.17135500000004
2,b2c0,15.0,10.172166666666937
2,b2c0,16.0,10.174505000000257
2,b2c0,17.0,10.172378333333473
2,b2c0,18.0,10.17191666666622
2,b2c0,19.0,10.173154999999678
2,b2c0,20.0,10.172638333333209
2,b2c0,21.0,10.172123333333001
2,b2c0,22.0,10.175530000000435
2,b2c0,23.0,10.171876666666746
2,b2c0,24.0,10.17238499999997
2,b2c0,25.0,10.173773333333278
2,b2c0,26.0,10.172376666666242
2,b2c0,27.0,10.172798333333533
2,b2c0,28.0,10.173245000000072
2,b2c0,29.0,10.172246666666373
2,b2c0,30.0,10.173061666666763
2,b2c0,31.0,10.173795000000004
2,b2c0,32.0,10.174321666666946
2,b2c0,33.0,10.172323333333285
2,b2c0,34.0,10.17477666666673
2,b2c0,35.0,10.173673333333378
2,b2c0,36.0,10.173988333333304
2,b2c0,37.0,10.174261666666522
2,b2c0,38.0,10.173195000000124
2,b2c0,39.0,10.17246333333363
2,b2c0,40.0,10.172779999999815
2,b2c0,41.0,10.17123166666667
2,b2c0,42.0,10.172973333333115
2,b2c0,43.0,10.174506666666518
2,b2c0,44.0,10.173914999999882
2,b2c0,45.0,10.174851666666411
2,b2c0,46.0,10.173595000000205
2,b2c0,47.0,10.175723333333735
2,b2c0,48.0,10.174103333333429
2,b2c0,49.0,10.173578333332747
2,b2c0,50.0,10.174228333333547
2,b2c0,51.0,10.171886666668192
2,b2c0,52.0,10.173638333333656
2,b2c0,53.0,10.173670000000858
2,b2c0,54.0,10.173828333334919
2,b2c0,55.0,10.172786666668253
2,b2c0,56.0,10.172840000000239
2,b2c0,57.0,10.174161666666624
2,b2c0,58.0,10.173999999999069
2,b2c0,59.0,10.172714999999153
2,b2c0,60.0,10.173288333334494
2,b2c0,61.0,10.172821666667005
2,b2c0,62.0,10.173800000001211
2,b2c0,63.0,10.173516666668002
2,b2c0,64.0,10.172560000000521
2,b2c0,65.0,10.172236666667352
2,b2c0,66.0,10.173174999999658
2,b2c0,67.0,10.172625000000698
2,b2c0,68.0,10.172638333332724
2,b2c0,69.0,10.17307499999879
2,b2c0,70.0,10.174178333332142
2,b2c0,71.0,10.172746666666352
2,b2c0,72.0,10.172821666667005
2,b2c0,73.0,10.173786666667244
2,b2c0,74.0,10.173716666667799
2,b2c0,75.0,10.172733333334326
2,b2c0,76.0,10.172251666667096
2,b2c0,77.0,10.17354499999977
2,b2c0,78.0,10.172409999999218
2,b2c0,79.0,10.17278833333403
2,b2c0,80.0,10.173854999998973
2,b2c0,81.0,10.172866666668172
2,b2c0,82.0,10.173103333332499
2,b2c0,83.0,10.172116666667474
2,b2c0,84.0,10.174261666665553
2,b2c0,85.0,10.171983333333628
2,b2c0,86.0,10.173081666665773
2,b2c0,87.0,10.17364500000064
2,b2c0,88.0,10.17329833333303
2,b2c0,89.0,10.173973333333075
2,b2c0,90.0,10.174311666667927
2,b2c0,91.0,10.173018333333312
2,b2c0,92.0,10.173188333333625
2,b2c0,93.0,10.173723333332843
2,b2c0,94.0,10.173773333333278
2,b2c0,95.0,10.173134999999698
2,b2c0,96.0,10.173586666667445
2,b2c0,97.0,10.174040000000968
2,b2c0,98.0,10.17385166666742
2,b2c0,99.0,10.17319833333216
2,b2c0,100.0,10.17378000000026
2,b2c1,10.0,10.177893333333243
2,b2c1,11.0,10.178719999999885
2,b2c1,12.0,10.257094999999875
2,b2c1,13.0,10.180498333333283
2,b2c1,14.0,10.174128333333162
2,b2c1,15.0,10.173583333332983
2,b2c1,16.0,10.17686166666681
2,b2c1,17.0,10.176078333333134
2,b2c1,18.0,10.254653333333652
2,b2c1,19.0,10.254048333333534
2,b2c1,20.0,10.254193333333145
2,b2c1,21.0,10.251561666667111
2,b2c1,22.0,10.255401666666634
2,b2c1,23.0,10.176856666666572
2,b2c1,24.0,10.174736666666286
2,b2c1,25.0,10.175380000000102
2,b2c1,26.0,10.256845000000128
2,b2c1,27.0,10.180566666666225
2,b2c1,28.0,10.175251666666979
2,b2c1,29.0,10.176251666666454
2,b2c1,30.0,10.176448333333731
2,b2c1,31.0,10.175278333332972
2,b2c1,32.0,10.172703333333386
2,b2c1,33.0,10.177039999999883
2,b2c1,34.0,10.176491666666697
2,b2c1,35.0,10.174226666666316
2,b2c1,36.0,10.175838333333378
2,b2c1,37.0,10.17633666666661
2,b2c1,38.0,10.173716666666829
2,b2c1,39.0,10.174443333333086
2,b2c1,40.0,10.178046666666827
2,b2c1,41.0,10.176983333332949
2,b2c1,42.0,10.186226666666334
2,b2c1,43.0,10.173748333333545
2,b2c1,44.0,10.25482333333348
2,b2c1,45.0,10.175694999999541
2,b2c1,46.0,10.174284999999994
2,b2c1,47.0,10.175516666666955
2,b2c1,48.0,10.25625
2,b2c1,49.0,10.17416333333337
2,b2c1,50.0,10.251453333333483
2,b2c1,51.0,10.178321666667276
2,b2c1,52.0,10.175421666666322
2,b2c1,53.0,10.17813333333373
2,b2c1,54.0,10.181538333333446
2,b2c1,55.0,10.255278333332777
2,b2c1,56.0,10.17388333333268
2,b2c1,57.0,10.256999999998758
2,b2c1,58.0,10.176748333331973
2,b2c1,59.0,10.17402333333351
2,b2c1,60.0,10.173843333332721
2,b2c1,61.0,10.172758333332604
2,b2c1,62.0,10.175854999998895
2,b2c1,63.0,10.176241666666465
2,b2c1,64.0,10.255340000001404
2,b2c1,65.0,10.178465000000626
2,b2c1,66.0,10.174433333333582
2,b2c1,67.0,10.179880000000898
2,b2c1,68.0,10.176594999999118
2,b2c1,69.0,10.256226666665558
2,b2c1,70.0,10.256808333331719
2,b2c1,71.0,10.173376666667172
2,b2c1,72.0,10.178049999999349
2,b2c1,73.0,10.25535333333343
2,b2c1,74.0,10.17997833333211
2,b2c1,75.0,10.25643333333234
2,b2c1,76.0,10.174966666665084
2,b2c1,77.0,10.178336666666048
2,b2c1,78.0,10.256051666665977
2,b2c1,79.0,10.253908333333674
2,b2c1,80.0,10.175403333333088
2,b2c1,81.0,10.175580000000386
2,b2c1,82.0,10.173283333333286
2,b2c1,83.0,10.17284333333373
2,b2c1,84.0,10.17526666666769
2,b2c1,85.0,10.175206666666782
2,b2c1,86.0,10.177086666666826
2,b2c1,87.0,10.255908333333597
2,b2c1,88.0,10.25528499999976
2,b2c1,89.0,10.175410000000072
2,b2c1,90.0,10.178151666665993
2,b2c1,91.0,10.25405000000028
2,b2c1,92.0,10.174413333334572
2,b2c1,93.0,10.25412999999826
2,b2c1,94.0,10.177584999999574
2,b2c1,95.0,10.176266666666683
2,b2c1,96.0,10.175186666665832
2,b2c1,97.0,10.175624999999611
2,b2c1,98.0,10.173836666667679
2,b2c1,99.0,10.255126666667639
2,b2c1,100.0,10.171570000000065
2,b2c2,10.0,10.17450666666676
2,b2c2,11.0,10.1747066666668
2,b2c2,12.0,10.17548333333325
2,b2c2,13.0,10.17444000000008
2,b2c2,14.0,10.17483833333293
2,b2c2,15.0,10.177569999999832
2,b2c2,16.0,10.173665000000135
2,b2c2,17.0,10.17402333333351
2,b2c2,18.0,10.174665000000095
2,b2c2,19.0,10.175228333333022
2,b2c2,20.0,10.174830000000172
2,b2c2,21.0,10.17512999999987
2,b2c2,22.0,10.174280000000241
2,b2c2,23.0,10.175680000000284
2,b2c2,24.0,10.17452
2,b2c2,25.0,10.174301666666482
2,b2c2,26.0,10.17470499999957
2,b2c2,27.0,10.173333333333236
2,b2c2,28.0,10.174503333333027
2,b2c2,29.0,10.174579999999938
2,b2c2,30.0,10.173998333333293
2,b2c2,31.0,10.174364999999913
2,b2c2,32.0,10.1751933333333
2,b2c2,33.0,10.175168333333568
2,b2c2,34.0,10.17609999999986
2,b2c2,35.0,10.175298333333437
2,b2c2,36.0,10.174795000000449
2,b2c2,37.0,10.174681666666583
2,b2c2,38.0,10.17540500000032
2,b2c2,39.0,10.173935000000347
2,b2c2,40.0,10.175081666666665
2,b2c2,41.0,10.174774999999984
2,b2c2,42.0,10.173853333333197
2,b2c2,43.0,10.175128333333124
2,b2c2,44.0,10.17380000000024
2,b2c2,45.0,10.174891666667342
2,b2c2,46.0,10.175206666666782
2,b2c2,47.0,10.176138333333075
2,b2c2,48.0,10.176224999999977
2,b2c2,49.0,10.175531666666696
2,b2c2,50.0,10.175390000001062
2,b2c2,51.0,10.17549833333469
2,b2c2,52.0,10.175078333332204
2,b2c2,53.0,10.176259999999699
2,b2c2,54.0,10.1747450000005
2,b2c2,55.0,10.175050000000434
2,b2c2,56.0,10.17547500000025
2,b2c2,57.0,10.17443833333285
2,b2c2,58.0,10.174608333333163
2,b2c2,59.0,10.175218333333031
2,b2c2,60.0,10.175741666667939
2,b2c2,61.0,10.174094999998731
2,b2c2,62.0,10.174110000000413
2,b2c2,63.0,10.174284999999994
2,b2c2,64.0,10.17507166666716
2,b2c2,65.0,10.174679999998382
2,b2c2,66.0,10.174423333333106
2,b2c2,67.0,10.175728333332033
2,b2c2,68.0,10.177025000000139
2,b2c2,69.0,10.175985000001189
2,b2c2,70.0,10.174866666668095
2,b2c2,71.0,10.175308333333426
2,b2c2,72.0,10.176499999999457
2,b2c2,73.0,10.174783333334684
2,b2c2,74.0,10.174893333334088
2,b2c2,75.0,10.176213333332756
2,b2c2,76.0,10.174363333332197
2,b2c2,77.0,10.17643500000122
2,b2c2,78.0,10.17466499999864
2,b2c2,79.0,10.175281666667434
2,b2c2,80.0,10.175941666665798
2,b2c2,81.0,10.175691666667506
2,b2c2,82.0,10.17400333333256
2,b2c2,83.0,10.174718333332567
2,b2c2,84.0,10.174585000000661
2,b2c2,85.0,10.176023333333433
2,b2c2,86.0,10.174099999999937
2,b2c2,87.0,10.174950000001505
2,b2c2,88.0,10.175439999999556
2,b2c2,89.0,10.17566166666608
2,b2c2,90.0,10.174828333333911
2,b2c2,91.0,10.174076666665496
2,b2c2,92.0,10.175136666667337
2,b2c2,93.0,10.17449333333449
2,b2c2,94.0,10.174461666667291
2,b2c2,95.0,10.174918333334306
2,b2c2,96.0,10.175076666666428
2,b2c2,97.0,10.174881666667837
2,b2c2,98.0,10.174419999999616
2,b2c2,99.0,10.176846666667068
2,b2c2,100.0,10.174986666666033
2,b2c3,10.0,10.17329333333352
2,b2c3,11.0,10.173203333333367
2,b2c3,12.0,10.17254166666656
2,b2c3,13.0,10.17280166666654
2,b2c3,14.0,10.172448333333401
2,b2c3,15.0,10.17467333333334
2,b2c3,16.0,10.172483333333124
2,b2c3,17.0,10.172388333333462
2,b2c3,18.0,10.17291333333366
2,b2c3,19.0,10.172466666666635
2,b2c3,20.0,10.172960000000119
2,b2c3,21.0,10.172651666666692
2,b2c3,22.0,10.172513333333093
2,b2c3,23.0,10.172581666666762
2,b2c3,24.0,10.173140000000421
2,b2c3,25.0,10.172933333333155
2,b2c3,26.0,10.173883333333167
2,b2c3,27.0,10.173031666666793
2,b2c3,28.0,10.172879999999713
2,b2c3,29.0,10.171971666666893
2,b2c3,30.0,10.172633333333458
2,b2c3,31.0,10.172451666666408
2,b2c3,32.0,10.173218333333109
2,b2c3,33.0,10.173123333333448
2,b2c3,34.0,10.173520000000037
2,b2c3,35.0,10.173155000000163
2,b2c3,36.0,10.173173333333398
2,b2c3,37.0,10.172550000000047
2,b2c3,38.0,10.172963333333124
2,b2c3,39.0,10.172278333333088
2,b2c3,40.0,10.17337166666645
2,b2c3,41.0,10.172438333333412
2,b2c3,42.0,10.173713333333337
2,b2c3,43.0,10.172446666666655
2,b2c3,44.0,10.172913333333176
2,b2c3,45.0,10.172965000000355
2,b2c3,46.0,10.172823333332781
2,b2c3,47.0,10.17351333333354
2,b2c3,48.0,10.173253333333802
2,b2c3,49.0,10.173023333332578
2,b2c3,50.0,10.173038333334262
2,b2c3,51.0,10.174176666666366
2,b2c3,52.0,10.173488333334292
2,b2c3,53.0,10.172985000000335
2,b2c3,54.0,10.172131666667216
2,b2c3,55.0,10.173016666665596
2,b2c3,56.0,10.174205000000075
2,b2c3,57.0,10.172696666665919
2,b2c3,58.0,10.173611666665723
2,b2c3,59.0,10.173601666667189
2,b2c3,60.0,10.17303500000077
2,b2c3,61.0,10.173028333333786
2,b2c3,62.0,10.172653333334408
2,b2c3,63.0,10.173315000000487
2,b2c3,64.0,10.173733333333319
2,b2c3,65.0,10.174048333333728
2,b2c3,66.0,10.17309833333323
2,b2c3,67.0,10.174024999999286
2,b2c3,68.0,10.173396666666182
2,b2c3,69.0,10.172865000000456
2,b2c3,70.0,10.173751666666552
2,b2c3,71.0,10.173556666667961
2,b2c3,72.0,10.173201666665651
2,b2c3,73.0,10.173778333334486
2,b2c3,74.0,10.173205000001083
2,b2c3,75.0,10.17309833333323
2,b2c3,76.0,10.172328333333523
2,b2c3,77.0,10.173546666665546
2,b2c3,78.0,10.173716666667799
2,b2c3,79.0,10.172441666666419
2,b2c3,80.0,10.173110000001422
2,b2c3,81.0,10.172825000000497
2,b2c3,82.0,10.173029999999562
2,b2c3,83.0,10.173414999999416
2,b2c3,84.0,10.173004999999344
2,b2c3,85.0,10.173673333332408
2,b2c3,86.0,10.172789999999804
2,b2c3,87.0,10.174026666667002
2,b2c3,88.0,10.173148333333666
2,b2c3,89.0,10.173414999999416
2,b2c3,90.0,10.1731750000016
2,b2c3,91.0,10.172899999999208
2,b2c3,92.0,10.173501666666318
2,b2c3,93.0,10.173191666667117
2,b2c3,94.0,10.173363333333207
2,b2c3,95.0,10.173498333332827
2,b2c3,96.0,10.174556666666952
2,b2c3,97.0,10.173128333332716
2,b2c3,98.0,10.173174999999658
2,b2c3,99.0,10.17441000000108
2,b2c3,100.0,10.173715000000083
2,b2c4,10.0,10.220871666666547
2,b2c4,11.0,10.217293333333267
2,b2c4,12.0,10.219773333333432
2,b2c4,13.0,10.217393333333408
2,b2c4,14.0,10.219628333333336
2,b2c4,15.0,10.212914999999823
2,b2c4,16.0,10.217241666666329
2,b2c4,17.0,10.217959999999827
2,b2c4,18.0,10.217611666666926
2,b2c4,19.0,10.219660000000053
2,b2c4,20.0,10.217341666666714
2,b2c4,21.0,10.219271666666707
2,b2c4,22.0,10.22027833333365
2,b2c4,23.0,10.220094999999855
2,b2c4,24.0,10.223583333333469
2,b2c4,25.0,10.222956666666626
2,b2c4,26.0,10.223451666666854
2,b2c4,27.0,10.220683333333485
2,b2c4,28.0,10.226676666666268
2,b2c4,29.0,10.220104999999846
2,b2c4,30.0,10.219263333332977
2,b2c4,31.0,10.229045000000042
2,b2c4,32.0,10.220191666666748
2,b2c4,33.0,10.2235149999998
2,b2c4,34.0,10.230573333333208
2,b2c4,35.0,10.222236666666868
2,b2c4,36.0,10.22208833333328
2,b2c4,37.0,10.222483333333123
2,b2c4,38.0,10.221416666666725
2,b2c4,39.0,10.220108333333338
2,b2c4,40.0,10.221981666666398
2,b2c4,41.0,10.22246499999989
2,b2c4,42.0,10.223836666666708
2,b2c4,43.0,10.2230349999998
2,b2c4,44.0,10.220561666666375
2,b2c4,45.0,10.224913333333097
2,b2c4,46.0,10.228079999999803
2,b2c4,47.0,10.22825999999962
2,b2c4,48.0,10.229150000000178
2,b2c4,49.0,10.260943333334096
2,b2c4,50.0,10.241949999999877
2,b2c4,51.0,10.247303333333305
2,b2c4,52.0,10.245343333333343
2,b2c4,53.0,10.24423999999999
2,b2c4,54.0,10.246206666666938
2,b2c4,55.0,10.236524999999286
2,b2c4,56.0,10.242691666665875
2,b2c4,57.0,10.243451666665107
2,b2c4,58.0,10.24772833333312
2,b2c4,59.0,10.24949333333255
2,b2c4,60.0,10.248026666666071
2,b2c4,61.0,10.242191666667349
2,b2c4,62.0,10.230669999999614
2,b2c4,63.0,10.243545000000934
2,b2c4,64.0,10.240091666666558
2,b2c4,65.0,10.149520000000484
2,b2c4,66.0,10.235238333333594
2,b2c4,67.0,10.22860666666723
2,b2c4,68.0,10.229923333332408
2,b2c4,69.0,10.23264499999932
2,b2c4,70.0,10.241008333334078
2,b2c4,71.0,10.235916666667132
2,b2c4,72.0,10.235763333334278
2,b2c4,73.0,10.245234999999715
2,b2c4,74.0,10.241771666666803
2,b2c4,75.0,10.243428333332607
2,b2c4,76.0,10.233104999999826
2,b2c4,77.0,10.23364999999952
2,b2c4,78.0,10.238391666667303
2,b2c4,79.0,10.235098333332765
2,b2c4,80.0,10.232471666665514
2,b2c4,81.0,10.235888333333424
2,b2c4,82.0,10.235373333333216
2,b2c4,83.0,10.23932166666491
2,b2c4,84.0,10.236211666666593
2,b2c4,85.0,10.240243333333638
2,b2c4,86.0,10.239185000001452
2,b2c4,87.0,10.24398500000049
2,b2c4,88.0,10.247526666667545
2,b2c4,89.0,10.247003333334579
2,b2c4,90.0,10.24819000000134
2,b2c4,91.0,10.245285000000148
2,b2c4,92.0,10.255214999998376
2,b2c4,93.0,10.266264999999354
2,b2c4,94.0,10.266829999999997
2,b2c4,95.0,10.266951666667591
2,b2c4,96.0,10.253860000000957
2,b2c4,97.0,10.187634999999622
2,b2c4,98.0,10.262816666666186
2,b2c4,99.0,10.255604999999438
2,b2c4,100.0,10.272591666665782
2,b2c5,10.0,10.178833333333507
2,b2c5,11.0,10.178479999999885
2,b2c5,12.0,10.17971666666684
2,b2c5,13.0,10.180558333333465
2,b2c5,14.0,10.179411666666661
2,b2c5,15.0,10.179658333332918
2,b2c5,16.0,10.181223333333522
2,b2c5,17.0,10.181448333333538
2,b2c5,18.0,10.181828333333154
2,b2c5,19.0,10.181501666666978
2,b2c5,20.0,10.182258333333206
2,b2c5,21.0,10.181636666667085
2,b2c5,22.0,10.181390000000343
2,b2c5,23.0,10.183363333333789
2,b2c5,24.0,10.18235999999985
2,b2c5,25.0,10.184398333332986
2,b2c5,26.0,10.185253333333337
2,b2c5,27.0,10.184430000000187
2,b2c5,28.0,10.183994999999898
2,b2c5,29.0,10.185331666666995
2,b2c5,30.0,10.184929999999683
2,b2c5,31.0,10.187211666666553
2,b2c5,32.0,10.187466666667024
2,b2c5,33.0,10.187458333333295
2,b2c5,34.0,10.188048333333183
2,b2c5,35.0,10.187806666666681
2,b2c5,36.0,10.186883333333633
2,b2c5,37.0,10.190350000000034
2,b2c5,38.0,10.188924999999776
2,b2c5,39.0,10.188993333332958
2,b2c5,40.0,10.189340000000083
2,b2c5,41.0,10.189410000000013
2,b2c5,42.0,10.192869999999917
2,b2c5,43.0,10.191005000000102
2,b2c5,44.0,10.192638333333404
2,b2c5,45.0,10.192055000000012
2,b2c5,46.0,10.192145000000407
2,b2c5,47.0,10.192843333332954
2,b2c5,48.0,10.193676666667065
2,b2c5,49.0,10.22050000000066
2,b2c5,50.0,10.207594999999856
2,b2c5,51.0,10.203160000000691
2,b2c5,52.0,10.202078333334066
2,b2c5,53.0,10.203366666667474
2,b2c5,54.0,10.202233333332696
2,b2c5,55.0,10.204534999999062
2,b2c5,56.0,10.202508333333148
2,b2c5,57.0,10.20171833333443
2,b2c5,58.0,10.201053333332917
2,b2c5,59.0,10.20158666666636
2,b2c5,60.0,10.201266666666681
2,b2c5,61.0,10.202746666665188
2,b2c5,62.0,10.204971666667067
2,b2c5,63.0,10.203046666665857
2,b2c5,64.0,10.204071666667005
2,b2c5,65.0,10.204400000001382
2,b2c5,66.0,10.204423333333883
2,b2c5,67.0,10.201170000001245
2,b2c5,68.0,10.201064999999168
2,b2c5,69.0,10.20247500000017
2,b2c5,70.0,10.201230000000214
2,b2c5,71.0,10.20127999999871
2,b2c5,72.0,10.20086500000131
2,b2c5,73.0,10.202864999999292
2,b2c5,74.0,10.202223333334162
2,b2c5,75.0,10.205643333333622
2,b2c5,76.0,10.204791666666278
2,b2c5,77.0,10.207056666668116
2,b2c5,78.0,10.20771666666648
2,b2c5,79.0,10.214938333331762
2,b2c5,80.0,10.207105000000835
2,b2c5,81.0,10.208648333333743
2,b2c5,82.0,10.210175000001133
2,b2c5,83.0,10.211893333331682
2,b2c5,84.0,10.218908333332122
2,b2c5,85.0,10.218266666666993
2,b2c5,86.0,10.217735000001266
2,b2c5,87.0,10.214478333335137
2,b2c5,88.0,10.217261666666793
2,b2c5,89.0,10.218869999999878
2,b2c5,90.0,10.218961666666049
2,b2c5,91.0,10.221990000000611
2,b2c5,92.0,10.2245450000007
2,b2c5,93.0,10.224936666667539
2,b2c5,94.0,10.22844000000041
2,b2c5,95.0,10.230736666665567
2,b2c5,96.0,10.233561666664901
2,b2c5,97.0,10.233034999998441
2,b2c5,98.0,10.235258333332604
2,b2c5,99.0,10.242031666665572
2,b2c5,100.0,10.23735666666568
2,b2c6,10.0,10.178313333333305
2,b2c6,11.0,10.180553333333227
2,b2c6,12.0,10.181043333333218
2,b2c6,13.0,10.180396666666882
2,b2c6,14.0,10.179826666666486
2,b2c6,15.0,10.176613333333323
2,b2c6,16.0,10.18011000000018
2,b2c6,17.0,10.180178333333364
2,b2c6,18.0,10.17760833333353
2,b2c6,19.0,10.18042666666685
2,b2c6,20.0,10.180698333333323
2,b2c6,21.0,10.18035333333343
2,b2c6,22.0,10.177776666666613
2,b2c6,23.0,10.177870000000015
2,b2c6,24.0,10.177840000000044
2,b2c6,25.0,10.181221666666776
2,b2c6,26.0,10.179816666666495
2,b2c6,27.0,10.179823333333479
2,b2c6,28.0,10.179999999999806
2,b2c6,29.0,10.1796716666664
2,b2c6,30.0,10.180225000000307
2,b2c6,31.0,10.180324999999721
2,b2c6,32.0,10.17995666666684
2,b2c6,33.0,10.179944999999618
2,b2c6,34.0,10.179931666666622
2,b2c6,35.0,10.179673333333145
2,b2c6,36.0,10.1799900000003
2,b2c6,37.0,10.180701666666815
2,b2c6,38.0,10.17694500000022
2,b2c6,39.0,10.180405000000125
2,b2c6,40.0,10.18043333333335
2,b2c6,41.0,10.179958333333586
2,b2c6,42.0,10.180661666666856
2,b2c6,43.0,10.181013333333249
2,b2c6,44.0,10.178740000000108
2,b2c6,45.0,10.180011666667026
2,b2c6,46.0,10.178870000000462
2,b2c6,47.0,10.178391666666721
2,b2c6,48.0,10.179641666666916
2,b2c6,49.0,10.17819666666716
2,b2c6,50.0,10.179271666666803
2,b2c6,51.0,10.179456666666859
2,b2c6,52.0,10.178478333334594
2,b2c6,53.0,10.178164999999959
2,b2c6,54.0,10.180866666665922
2,b2c6,55.0,10.177063333332383
2,b2c6,56.0,10.180590000001636
2,b2c6,57.0,10.177805000000323
2,b2c6,58.0,10.1812816666672
2,b2c6,59.0,10.178306666666565
2,b2c6,60.0,10.178246666667595
2,b2c6,61.0,10.177820000000064
2,b2c6,62.0,10.180583333334653
2,b2c6,63.0,10.18075166666531
2,b2c6,64.0,10.178005000000121
2,b2c6,65.0,10.180766666666992
2,b2c6,66.0,10.178221666665438
2,b2c6,67.0,10.178525000001537
2,b2c6,68.0,10.179489999999836
2,b2c6,69.0,10.179718333333343
2,b2c6,70.0,10.180168333333373
2,b2c6,71.0,10.180534999999994
2,b2c6,72.0,10.179056666667263
2,b2c6,73.0,10.179401666667157
2,b2c6,74.0,10.177836666667524
2,b2c6,75.0,10.176524999999675
2,b2c6,76.0,10.180758333334234
2,b2c6,77.0,10.177464999999696
2,b2c6,78.0,10.177753333334113
2,b2c6,79.0,10.180315000001185
2,b2c6,80.0,10.180573333332237
2,b2c6,81.0,10.178458333333644
2,b2c6,82.0,10.180341666665239
2,b2c6,83.0,10.1776066666663
2,b2c6,84.0,10.178083333332324
2,b2c6,85.0,10.17806499999909
2,b2c6,86.0,10.179551666666521
2,b2c6,87.0,10.1786750000009
2,b2c6,88.0,10.179139999998734
2,b2c6,89.0,10.178786666668021
2,b2c6,90.0,10.178945000000143
2,b2c6,91.0,10.179148333333433
2,b2c6,92.0,10.179168333334383
2,b2c6,93.0,10.178934999999667
2,b2c6,94.0,10.178959999999885
2,b2c6,95.0,10.17909333333373
2,b2c6,96.0,10.179174999999425
2,b2c6,97.0,10.179056666667263
2,b2c6,98.0,10.17925333333357
2,b2c6,99.0,10.179308333333271
2,b2c6,100.0,10.179319999999523
2,b2c7,10.0,10.036118333333434
2,b2c7,11.0,10.03553166666655
2,b2c7,12.0,10.036006666666557
2,b2c7,13.0,10.036471666666573
2,b2c7,14.0,10.034320000000056
2,b2c7,15.0,10.03612000000018
2,b2c7,16.0,10.036609999999929
2,b2c7,17.0,10.035083333333265
2,b2c7,18.0,10.035779999999795
2,b2c7,19.0,10.03542166666642
2,b2c7,20.0,10.035136666666464
2,b2c7,21.0,10.034831666666529
2,b2c7,22.0,10.034956666666647
2,b2c7,23.0,10.034674999999698
2,b2c7,24.0,10.035123333333468
2,b2c7,25.0,10.0354349999999
2,b2c7,26.0,10.03498499999987
2,b2c7,27.0,10.034940000000157
2,b2c7,28.0,10.035236666666849
2,b2c7,29.0,10.034823333333286
2,b2c7,30.0,10.038906666666541
2,b2c7,31.0,10.035336666666748
2,b2c7,32.0,10.035186666666414
2,b2c7,33.0,10.035866666666697
2,b2c7,34.0,10.03585166666647
2,b2c7,35.0,10.035091666666752
2,b2c7,36.0,10.035486666666596
2,b2c7,37.0,10.03639000000015
2,b2c7,38.0,10.035343333333246
2,b2c7,39.0,10.035000000000098
2,b2c7,40.0,10.034980000000116
2,b2c7,41.0,10.035246666666353
2,b2c7,42.0,10.035185000000153
2,b2c7,43.0,10.034826666666778
2,b2c7,44.0,10.035101666666257
2,b2c7,45.0,10.036495000000286
2,b2c7,46.0,10.035295000000042
2,b2c7,47.0,10.037159999999858
2,b2c7,48.0,10.035168333333665
2,b2c7,49.0,10.035749999999826
2,b2c7,50.0,10.03444666666619
2,b2c7,51.0,10.035129999999965
2,b2c7,52.0,10.034746666666372
2,b2c7,53.0,10.035926666666636
2,b2c7,54.0,10.035186666666414
2,b2c7,55.0,10.036761666666523
2,b2c7,56.0,10.0369200000001
2,b2c7,57.0,10.034480000000137
2,b2c7,58.0,10.035776666666788
2,b2c7,59.0,10.036288333333506
2,b2c7,60.0,10.03621833333309
2,b2c7,61.0,10.036148333333161
2,b2c7,62.0,10.034476666666645
2,b2c7,63.0,10.034633333333478
2,b2c7,64.0,10.035854999999962
2,b2c7,65.0,10.035814999999518
2,b2c7,66.0,10.037276666666731
2,b2c7,67.0,10.035521666666803
2,b2c7,68.0,10.036116666666931
2,b2c7,69.0,10.036249999999805
2,b2c7,70.0,10.035778333333049
2,b2c7,71.0,10.035866666666697
2,b2c7,72.0,10.03611333333247
2,b2c7,73.0,10.03407999999957
2,b2c7,74.0,10.037851666666878
2,b2c7,75.0,10.037483333334482
2,b2c7,76.0,10.036501666666785
2,b2c7,77.0,10.03654666666601
2,b2c7,78.0,10.035361666666965
2,b2c7,79.0,10.035609999999481
2,b2c7,80.0,10.035153333334408
2,b2c7,81.0,10.035380000000199
2,b2c7,82.0,10.035656666666425
2,b2c7,83.0,10.034860000000723
2,b2c7,84.0,10.035201666667126
2,b2c7,85.0,10.035776666668244
2,b2c7,86.0,10.035701666665652
2,b2c7,87.0,10.034153333333476
2,b2c7,88.0,10.034198333332704
2,b2c7,89.0,10.035599999999006
2,b2c7,90.0,10.035235000000103
2,b2c7,91.0,10.036033333333519
2,b2c7,92.0,10.036266666666295
2,b2c7,93.0,10.035348333332998
2,b2c7,94.0,10.035389999998733
2,b2c7,95.0,10.036450000000574
2,b2c7,96.0,10.040678333333926
2,b2c7,97.0,10.034825000000032
2,b2c7,98.0,10.035295000001012
2,b2c7,99.0,10.035793333333762
2,b2c7,100.0,10.036468333333808
2,b2c8,10.0,10.040836666666534
2,b2c8,11.0,10.040496666666634
2,b2c8,12.0,10.040446666666686
2,b2c8,13.0,10.039253333333424
2,b2c8,14.0,10.044600000000113
2,b2c8,15.0,10.039306666666622
2,b2c8,16.0,10.039756666666653
2,b2c8,17.0,10.040354999999787
2,b2c8,18.0,10.039190000000236
2,b2c8,19.0,10.039244999999937
2,b2c8,20.0,10.040570000000297
2,b2c8,21.0,10.038831666666859
2,b2c8,22.0,10.039378333333298
2,b2c8,23.0,10.039418333333257
2,b2c8,24.0,10.041091666666519
2,b2c8,25.0,10.040103333333294
2,b2c8,26.0,10.038630000000316
2,b2c8,27.0,10.039184999999998
2,b2c8,28.0,10.040674999999949
2,b2c8,29.0,10.038519999999941
2,b2c8,30.0,10.039171666666515
2,b2c8,31.0,10.039016666666916
2,b2c8,32.0,10.041120000000229
2,b2c8,33.0,10.039296666666633
2,b2c8,34.0,10.04080833333331
2,b2c8,35.0,10.040681666666933
2,b2c8,36.0,10.039519999999902
2,b2c8,37.0,10.039471666666698
2,b2c8,38.0,10.039631666666537
2,b2c8,39.0,10.038946666666986
2,b2c8,40.0,10.039836666666572
2,b2c8,41.0,10.040131666666518
2,b2c8,42.0,10.03941500000025
2,b2c8,43.0,10.039623333333292
2,b2c8,44.0,10.040141666666507
2,b2c8,45.0,10.039794999999867
2,b2c8,46.0,10.039850000000055
2,b2c8,47.0,10.039703333333698
2,b2c8,48.0,10.03795666666653
2,b2c8,49.0,10.039433333333
2,b2c8,50.0,10.039703333333213
2,b2c8,51.0,10.039906666666987
2,b2c8,52.0,10.042325000000226
2,b2c8,53.0,10.039620000000287
2,b2c8,54.0,10.040419999999964
2,b2c8,55.0,10.038813333333625
2,b2c8,56.0,10.039643333333272
2,b2c8,57.0,10.039106666666823
2,b2c8,58.0,10.040243333333638
2,b2c8,59.0,10.040263333333618
2,b2c8,60.0,10.040143333333738
2,b2c8,61.0,10.039198333333479
2,b2c8,62.0,10.039846666666563
2,b2c8,63.0,10.040093333333305
2,b2c8,64.0,10.040951666666661
2,b2c8,65.0,10.04124666666612
2,b2c8,66.0,10.04003166666759
2,b2c8,67.0,10.040061666666103
2,b2c8,68.0,10.039853333333546
2,b2c8,69.0,10.040508333333612
2,b2c8,70.0,10.040360000000025
2,b2c8,71.0,10.039850000000055
2,b2c8,72.0,10.041223333333619
2,b2c8,73.0,10.040436666666453
2,b2c8,74.0,10.04014666666626
2,b2c8,75.0,10.040016666665906
2,b2c8,76.0,10.039828333334299
2,b2c8,77.0,10.039603333332343
2,b2c8,78.0,10.039314999999867
2,b2c8,79.0,10.03992000000047
2,b2c8,80.0,10.03972833333343
2,b2c8,81.0,10.039879999998568
2,b2c8,82.0,10.03954499999915
2,b2c8,83.0,10.03972000000067
2,b2c8,84.0,10.038770000000174
2,b2c8,85.0,10.039220000000205
2,b2c8,86.0,10.039459999999963
2,b2c8,87.0,10.039996666666896
2,b2c8,88.0,10.040213333332213
2,b2c8,89.0,10.039218333334428
2,b2c8,90.0,10.039478333333197
2,b2c8,91.0,10.04067333333466
2,b2c8,92.0,10.040374999999766
2,b2c8,93.0,10.039474999999705
2,b2c8,94.0,10.039478333333197
2,b2c8,95.0,10.038858333332852
2,b2c8,96.0,10.038988333333206
2,b2c8,97.0,10.039024999999674
2,b2c8,98.0,10.03998333333293
2,b2c8,99.0,10.040488333332663
2,b2c8,100.0,10.03871166666698
2,b2c9,10.0,10.040009999999892
2,b2c9,11.0,10.040428333333208
2,b2c9,12.0,10.04031833333332
2,b2c9,13.0,10.04053500000009
2,b2c9,14.0,10.039786666666865
2,b2c9,15.0,10.040233333333406
2,b2c9,16.0,10.04021500000017
2,b2c9,17.0,10.04052833333335
2,b2c9,18.0,10.039798333333358
2,b2c9,19.0,10.040751666666862
2,b2c9,20.0,10.040695000000415
2,b2c9,21.0,10.039866666666542
2,b2c9,22.0,10.041198333333401
2,b2c9,23.0,10.04038166666675
2,b2c9,24.0,10.039723333333193
2,b2c9,25.0,10.040428333333208
2,b2c9,26.0,10.040371666666761
2,b2c9,27.0,10.040673333333205
2,b2c9,28.0,10.039909999999994
2,b2c9,29.0,10.023765000000033
2,b2c9,30.0,10.040203333333677
2,b2c9,31.0,10.040873333333487
2,b2c9,32.0,10.040643333333719
2,b2c9,33.0,10.040133333333264
2,b2c9,34.0,10.040250000000135
2,b2c9,35.0,10.040513333333365
2,b2c9,36.0,10.040520000000349
2,b2c9,37.0,10.039451666666718
2,b2c9,38.0,10.040508333333127
2,b2c9,39.0,10.040153333333244
2,b2c9,40.0,10.0405250000001
2,b2c9,41.0,10.040901666666711
2,b2c9,42.0,10.040008333333633
2,b2c9,43.0,10.040699999999681
2,b2c9,44.0,10.041133333333224
2,b2c9,45.0,10.039856666667038
2,b2c9,46.0,10.039563333333353
2,b2c9,47.0,10.039878333333279
2,b2c9,48.0,10.03989166666676
2,b2c9,49.0,10.0398516666668
2,b2c9,50.0,10.040366666666523
2,b2c9,51.0,10.040129999999772
2,b2c9,52.0,10.040801666666328
2,b2c9,53.0,10.04047166666666
2,b2c9,54.0,10.039744999999918
2,b2c9,55.0,10.040434999999707
2,b2c9,56.0,10.040091666666559
2,b2c9,57.0,10.039734999999927
2,b2c9,58.0,10.040048333333592
2,b2c9,59.0,10.040071666666579
2,b2c9,60.0,10.038910000000033
2,b2c9,61.0,10.039324999999856
2,b2c9,62.0,10.04007666666633
2,b2c9,63.0,10.039918333333723
2,b2c9,64.0,10.040744999999879
2,b2c9,65.0,10.041631666666945
2,b2c9,66.0,10.040368333333754
2,b2c9,67.0,10.039623333333292
2,b2c9,68.0,10.040108333333047
2,b2c9,69.0,10.040360000000025
2,b2c9,70.0,10.040483333333395
2,b2c9,71.0,10.040044999999616
2,b2c9,72.0,10.040824999999797
2,b2c9,73.0,10.040781666666346
2,b2c9,74.0,10.040981666666145
2,b2c9,75.0,10.040076666666815
2,b2c9,76.0,10.03919000000072
2,b2c9,77.0,10.039736666666188
2,b2c9,78.0,10.040285000001314
2,b2c9,79.0,10.040044999999616
2,b2c9,80.0,10.03999499999918
2,b2c9,81.0,10.040669999999228
2,b2c9,82.0,10.040046666667331
2,b2c9,83.0,10.023490000000068
2,b2c9,84.0,10.040131666668458
2,b2c9,85.0,10.039670000000235
2,b2c9,86.0,10.040046666667331
2,b2c9,87.0,10.040371666666276
2,b2c9,88.0,10.039753333331706
2,b2c9,89.0,10.040253333334112
2,b2c9,90.0,10.039948333332237
2,b2c9,91.0,10.040384999998302
2,b2c9,92.0,10.040818333332815
2,b2c9,93.0,10.040358333332309
2,b2c9,94.0,10.03976000000063
2,b2c9,95.0,10.039594999999585
2,b2c9,96.0,10.040951666666661
2,b2c9,97.0,10.040120000000266
2,b2c9,98.0,10.039376666666552
2,b2c9,99.0,10.039745000000888
2,b2c9,100.0,10.040635000000474
2,b2c10,10.0,10.16921333333327
2,b2c10,11.0,10.170433333333495
2,b2c10,12.0,10.17084500000031
2,b2c10,13.0,10.170893333333273
2,b2c10,14.0,10.169900000000295
2,b2c10,15.0,10.170239999999952
2,b2c10,16.0,10.17055500000036
2,b2c10,17.0,10.171373333333273
2,b2c10,18.0,10.170581666666354
2,b2c10,19.0,10.170841666667062
2,b2c10,20.0,10.17115166666675
2,b2c10,21.0,10.171831666666549
2,b2c10,22.0,10.171698333333673
2,b2c10,23.0,10.171349999999801
2,b2c10,24.0,10.170486666666694
2,b2c10,25.0,10.172320000000278
2,b2c10,26.0,10.173079999999997
2,b2c10,27.0,10.170480000000195
2,b2c10,28.0,10.170503333333182
2,b2c10,29.0,10.170559999999629
2,b2c10,30.0,10.169664999999805
2,b2c10,31.0,10.170303333332898
2,b2c10,32.0,10.171164999999746
2,b2c10,33.0,10.189141666666547
2,b2c10,34.0,10.17396000000008
2,b2c10,35.0,10.171090000000065
2,b2c10,36.0,10.169610000000102
2,b2c10,37.0,10.170160000000033
2,b2c10,38.0,10.171763333333365
2,b2c10,39.0,10.17104999999962
2,b2c10,40.0,10.170395000000038
2,b2c10,41.0,10.172051666666812
2,b2c10,42.0,10.170951666666467
2,b2c10,43.0,10.168129999999655
2,b2c10,44.0,10.17172333333389
2,b2c10,45.0,10.169756666666945
2,b2c10,46.0,10.172238333334098
2,b2c10,47.0,10.172208333332673
2,b2c10,48.0,10.169396666667307
2,b2c10,49.0,10.170041666666899
2,b2c10,50.0,10.16948333333324
2,b2c10,51.0,10.16872999999905
2,b2c10,52.0,10.172728333333119
2,b2c10,53.0,10.171291666666123
2,b2c10,54.0,10.172236666667352
2,b2c10,55.0,10.173873333334146
2,b2c10,56.0,10.169795000000159
2,b2c10,57.0,10.173016666665596
2,b2c10,58.0,10.172658333333676
2,b2c10,59.0,10.173631666666672
2,b2c10,60.0,10.172650000000916
2,b2c10,61.0,10.172203333332437
2,b2c10,62.0,10.172216666666403
2,b2c10,63.0,10.172071666666307
2,b2c10,64.0,10.172423333333183
2,b2c10,65.0,10.173658333332666
2,b2c10,66.0,10.171729999999904
2,b2c10,67.0,10.17268833333316
2,b2c10,68.0,10.170051666665435
2,b2c10,69.0,10.170993333333172
2,b2c10,70.0,10.170106666667076
2,b2c10,71.0,10.169598333331912
2,b2c10,72.0,10.169860000000336
2,b2c10,73.0,10.16890500000057
2,b2c10,74.0,10.169548333333417
2,b2c10,75.0,10.16827166666626
2,b2c10,76.0,10.169589999999152
2,b2c10,77.0,10.17151666666614
2,b2c10,78.0,10.171786666667321
2,b2c10,79.0,10.172148333334674
2,b2c10,80.0,10.172785000000538
2,b2c10,81.0,10.173151666665216
2,b2c10,82.0,10.172024999999364
2,b2c10,83.0,10.173051666668227
2,b2c10,84.0,10.167734999999327
2,b2c10,85.0,10.1689733333323
2,b2c10,86.0,10.172163333332476
2,b2c10,87.0,10.172025000001303
2,b2c10,88.0,10.090738333334835
2,b2c10,89.0,10.169599999999628
2,b2c10,90.0,10.170198333333246
2,b2c10,91.0,10.170070000000608
2,b2c10,92.0,10.169946666667238
2,b2c10,93.0,10.169763333332957
2,b2c10,94.0,10.169813333333392
2,b2c10,95.0,10.170014999998966
2,b2c10,96.0,10.169580000000618
2,b2c10,97.0,10.170309999998427
2,b2c10,98.0,10.169026666666225
2,b2c10,99.0,10.169408333332589
2,b2c10,100.0,10.086493333332085
2,b2c11,10.0,10.174084999999954
2,b2c11,11.0,10.173760000000039
2,b2c11,12.0,10.173770000000028
2,b2c11,13.0,10.174568333333204
2,b2c11,14.0,10.173936666666608
2,b2c11,15.0,10.173753333333298
2,b2c11,16.0,10.174171666666613
2,b2c11,17.0,10.17353499999978
2,b2c11,18.0,10.173460000000098
2,b2c11,19.0,10.17440166666638
2,b2c11,20.0,10.17385000000019
2,b2c11,21.0,10.173563333333004
2,b2c11,22.0,10.1742266666668
2,b2c11,23.0,10.173635000000164
2,b2c11,24.0,10.172596666666504
2,b2c11,25.0,10.172903333333185
2,b2c11,26.0,10.173913333333621
2,b2c11,27.0,10.173649999999906
2,b2c11,28.0,10.17366499999965
2,b2c11,29.0,10.176324999999876
2,b2c11,30.0,10.173576666666971
2,b2c11,31.0,10.173000000000078
2,b2c11,32.0,10.172396666666707
2,b2c11,33.0,10.173045000000275
2,b2c11,34.0,10.173903333333632
2,b2c11,35.0,10.175914999999804
2,b2c11,36.0,10.174658333333111
2,b2c11,37.0,10.173446666667102
2,b2c11,38.0,10.17416666666686
2,b2c11,39.0,10.173011666666813
2,b2c11,40.0,10.17315833333317
2,b2c11,41.0,10.17285166666649
2,b2c11,42.0,10.17423833333305
2,b2c11,43.0,10.17341000000015
2,b2c11,44.0,10.1749000000001
2,b2c11,45.0,10.172820000000259
2,b2c11,46.0,10.17481666666669
2,b2c11,47.0,10.178038333333097
2,b2c11,48.0,10.17410666666692
2,b2c11,49.0,10.173556666666022
2,b2c11,50.0,10.174558333334668
2,b2c11,51.0,10.174436666667074
2,b2c11,52.0,10.173571666667703
2,b2c11,53.0,10.175416666667054
2,b2c11,54.0,10.172695000000143
2,b2c11,55.0,10.173319999999755
2,b2c11,56.0,10.173096666667455
2,b2c11,57.0,10.173633333334388
2,b2c11,58.0,10.174108333334637
2,b2c11,59.0,10.172816666667737
2,b2c11,60.0,10.172454999998445
2,b2c11,61.0,10.17285499999998
2,b2c11,62.0,10.173199999999875
2,b2c11,63.0,10.173163333333408
2,b2c11,64.0,10.172346666666757
2,b2c11,65.0,10.17327833333402
2,b2c11,66.0,10.173156666666424
2,b2c11,67.0,10.174514999999277
2,b2c11,68.0,10.173870000000655
2,b2c11,69.0,10.174584999998721
2,b2c11,70.0,10.175304999999934
2,b2c11,71.0,10.173686666666375
2,b2c11,72.0,10.173856666666689
2,b2c11,73.0,10.173838333333455
2,b2c11,74.0,10.173853333333197
2,b2c11,75.0,10.17420666666585
2,b2c11,76.0,10.173580000000463
2,b2c11,77.0,10.173681666665168
2,b2c11,78.0,10.174219999999817
2,b2c11,79.0,10.173580000000463
2,b2c11,80.0,10.173313333332771
2,b2c11,81.0,10.173090000000473
2,b2c11,82.0,10.173201666667591
2,b2c11,83.0,10.173668333333142
2,b2c11,84.0,10.173076666666505
2,b2c11,85.0,10.174255000000509
2,b2c11,86.0,10.174265000000984
2,b2c11,87.0,10.17441000000108
2,b2c11,88.0,10.173943333333591
2,b2c11,89.0,10.17423833333305
2,b2c11,90.0,10.180184999998891
2,b2c11,91.0,10.173886666666172
2,b2c11,92.0,10.173843333334663
2,b2c11,93.0,10.173444999998901
2,b2c11,94.0,10.173936666666608
2,b2c11,95.0,10.173463333334075
2,b2c11,96.0,10.174566666665488
2,b2c11,97.0,10.174835000000893
2,b2c11,98.0,10.17377999999832
2,b2c11,99.0,10.173874999999923
2,b2c11,100.0,10.174293333332752
2,b2c12,10.0,10.174125000000155
2,b2c12,11.0,10.174346666666679
2,b2c12,12.0,10.174168333333364
2,b2c12,13.0,10.174609999999909
2,b2c12,14.0,10.173628333333665
2,b2c12,15.0,10.174358333333414
2,b2c12,16.0,10.173495000000306
2,b2c12,17.0,10.174048333333728
2,b2c12,18.0,10.173675000000124
2,b2c12,19.0,10.17376666666678
2,b2c12,20.0,10.175666666666318
2,b2c12,21.0,10.174301666666482
2,b2c12,22.0,10.175521666666706
2,b2c12,23.0,10.174708333333061
2,b2c12,24.0,10.174611666666655
2,b2c12,25.0,10.174341666666441
2,b2c12,26.0,10.175440000000041
2,b2c12,27.0,10.174141666666644
2,b2c12,28.0,10.174695000000066
2,b2c12,29.0,10.174588333333183
2,b2c12,30.0,10.174918333333334
2,b2c12,31.0,10.173428333333383
2,b2c12,32.0,10.174116666666427
2,b2c12,33.0,10.174848333333406
2,b2c12,34.0,10.175296666666691
2,b2c12,35.0,10.174476666666548
2,b2c12,36.0,10.17401499999978
2,b2c12,37.0,10.174413333333117
2,b2c12,38.0,10.174299999999736
2,b2c12,39.0,10.174609999999909
2,b2c12,40.0,10.174615000000147
2,b2c12,41.0,10.17458999999993
2,b2c12,42.0,10.175318333333417
2,b2c12,43.0,10.175431666666311
2,b2c12,44.0,10.174101666666683
2,b2c12,45.0,10.17457333333344
2,b2c12,46.0,10.176388333333307
2,b2c12,47.0,10.174025000000256
2,b2c12,48.0,10.17350499999981
2,b2c12,49.0,10.175083333333411
2,b2c12,50.0,10.175806666667146
2,b2c12,51.0,10.174763333333734
2,b2c12,52.0,10.176360000000567
2,b2c12,53.0,10.17431833333297
2,b2c12,54.0,10.175911666666313
2,b2c12,55.0,10.174473333333541
2,b2c12,56.0,10.174018333334242
2,b2c12,57.0,10.174689999998858
2,b2c12,58.0,10.174268333332536
2,b2c12,59.0,10.174736666665801
2,b2c12,60.0,10.17470166666705
2,b2c12,61.0,10.175101666666645
2,b2c12,62.0,10.17512333333337
2,b2c12,63.0,10.174363333334137
2,b2c12,64.0,10.174506666668458
2,b2c12,65.0,10.17413500000063
2,b2c12,66.0,10.174981666666765
2,b2c12,67.0,10.17416333333434
2,b2c12,68.0,10.174634999999155
2,b2c12,69.0,10.174918333332364
2,b2c12,70.0,10.17466500000058
2,b2c12,71.0,10.175766666666217
2,b2c12,72.0,10.175198333334022
2,b2c12,73.0,10.175264999999975
2,b2c12,74.0,10.174464999998841
2,b2c12,75.0,10.173713333332367
2,b2c12,76.0,10.175310000001142
2,b2c12,77.0,10.174789999999726
2,b2c12,78.0,10.17532333333317
2,b2c12,79.0,10.174368333333405
2,b2c12,80.0,10.174431666667806
2,b2c12,81.0,10.173943333333591
2,b2c12,82.0,10.174296666666244
2,b2c12,83.0,10.174523333333976
2,b2c12,84.0,10.175851666667343
2,b2c12,85.0,10.174924999999348
2,b2c12,86.0,10.175014999999743
2,b2c12,87.0,10.175886666666095
2,b2c12,88.0,10.173719999999351
2,b2c12,89.0,10.176346666666602
2,b2c12,90.0,10.175496666666975
2,b2c12,91.0,10.175960000000972
2,b2c12,92.0,10.177215000001404
2,b2c12,93.0,10.176074999999644
2,b2c12,94.0,10.17747500000017
2,b2c12,95.0,10.176183333335212
2,b2c12,96.0,10.176515000001139
2,b2c12,97.0,10.17650666666644
2,b2c12,98.0,10.176043333332442
2,b2c12,99.0,10.176188333332538
2,b2c12,100.0,10.176350000000093
2,b2c13,10.0,10.200721666666746
2,b2c13,11.0,10.206248333333496
2,b2c13,12.0,10.20366499999994
2,b2c13,13.0,10.204425000000144
2,b2c13,14.0,10.206701666666778
2,b2c13,15.0,10.198291666666531
2,b2c13,16.0,10.203978333333604
2,b2c13,17.0,10.205583333333198
2,b2c13,18.0,10.204273333333065
2,b2c13,19.0,10.205931666666583
2,b2c13,20.0,10.202593333333304
2,b2c13,21.0,10.205505000000024
2,b2c13,22.0,10.202314999999848
2,b2c13,23.0,10.204274999999809
2,b2c13,24.0,10.208496666666663
2,b2c13,25.0,10.205146666666648
2,b2c13,26.0,10.205926666666347
2,b2c13,27.0,10.201310000000133
2,b2c13,28.0,10.206630000000102
2,b2c13,29.0,10.206848333333134
2,b2c13,30.0,10.203431666666681
2,b2c13,31.0,10.210215000000122
2,b2c13,32.0,10.20893499999996
2,b2c13,33.0,10.207091666666868
2,b2c13,34.0,10.204579999999744
2,b2c13,35.0,10.208095000000322
2,b2c13,36.0,10.210126666666959
2,b2c13,37.0,10.20982000000028
2,b2c13,38.0,10.20929500000008
2,b2c13,39.0,10.20764500000029
2,b2c13,40.0,10.20531499999973
2,b2c13,41.0,10.2116949999996
2,b2c13,42.0,10.206588333333396
2,b2c13,43.0,10.209219999999913
2,b2c13,44.0,10.211045000000256
2,b2c13,45.0,10.21416166666604
2,b2c13,46.0,10.21302999999995
2,b2c13,47.0,10.211759999999776
2,b2c13,48.0,10.212474999999783
2,b2c13,49.0,10.229349999999977
2,b2c13,50.0,10.2184950000005
2,b2c13,51.0,10.2179766666668
2,b2c13,52.0,10.218661666667321
2,b2c13,53.0,10.215244999999413
2,b2c13,54.0,10.217768333332303
2,b2c13,55.0,10.209899999998743
2,b2c13,56.0,10.21622666666711
2,b2c13,57.0,10.21064666666789
2,b2c13,58.0,10.21935999999987
2,b2c13,59.0,10.221328333332591
2,b2c13,60.0,10.218386666666872
2,b2c13,61.0,10.21589999999851
2,b2c13,62.0,10.212633333333846
2,b2c13,63.0,10.21526999999963
2,b2c13,64.0,10.216616666666232
2,b2c13,65.0,10.215364999999291
2,b2c13,66.0,10.216033333334297
2,b2c13,67.0,10.214896666666027
2,b2c13,68.0,10.213594999998653
2,b2c13,69.0,10.21356833333266
2,b2c13,70.0,10.218923333333805
2,b2c13,71.0,10.21647000000036
2,b2c13,72.0,10.218006666666286
2,b2c13,73.0,10.213738333334913
2,b2c13,74.0,10.217688333332383
2,b2c13,75.0,10.219109999999636
2,b2c13,76.0,10.211826666667669
2,b2c13,77.0,10.22260499999975
2,b2c13,78.0,10.219975000000947
2,b2c13,79.0,10.217716666666092
2,b2c13,80.0,10.22043666666723
2,b2c13,81.0,10.22113333333206
2,b2c13,82.0,10.222768333333079
2,b2c13,83.0,10.223163333333408
2,b2c13,84.0,10.222674999999192
2,b2c13,85.0,10.224076666667436
2,b2c13,86.0,10.21960666666661
2,b2c13,87.0,10.225481666667232
2,b2c13,88.0,10.218804999999701
2,b2c13,89.0,10.227205000000929
2,b2c13,90.0,10.229431666666642
2,b2c13,91.0,10.226288333331468
2,b2c13,92.0,10.228919999999926
2,b2c13,93.0,10.225803333332685
2,b2c13,94.0,10.233066666665643
2,b2c13,95.0,10.232598333332378
2,b2c13,96.0,10.22915333333464
2,b2c13,97.0,10.235204999998677
2,b2c13,98.0,10.232306666666409
2,b2c13,99.0,10.230031666667976
2,b2c13,100.0,10.234323333333789
2,b2c14,10.0,10.207044999999926
2,b2c14,11.0,10.201244999999956
2,b2c14,12.0,10.207003333333462
2,b2c14,13.0,10.206385000000106
2,b2c14,14.0,10.204110000000219
2,b2c14,15.0,10.210868333332959
2,b2c14,16.0,10.210625000000194
2,b2c14,17.0,10.212331666666433
2,b2c14,18.0,10.205761666666755
2,b2c14,19.0,10.210233333333356
2,b2c14,20.0,10.210706666666859
2,b2c14,21.0,10.211356666666688
2,b2c14,22.0,10.213308333333407
2,b2c14,23.0,10.21361833333358
2,b2c14,24.0,10.216116666666737
2,b2c14,25.0,10.21758000000021
2,b2c14,26.0,10.215844999999778
2,b2c14,27.0,10.216485000000102
2,b2c14,28.0,10.21556500000006
2,b2c14,29.0,10.221751666666629
2,b2c14,30.0,10.2212016666667
2,b2c14,31.0,10.213256666666712
2,b2c14,32.0,10.224251666667017
2,b2c14,33.0,10.21888333333336
2,b2c14,34.0,10.221760000000359
2,b2c14,35.0,10.224039999999999
2,b2c14,36.0,10.22640333333305
2,b2c14,37.0,10.222778333333554
2,b2c14,38.0,10.223643333332923
2,b2c14,39.0,10.224065000000216
2,b2c14,40.0,10.225555000000167
2,b2c14,41.0,10.229204999999881
2,b2c14,42.0,10.230653333333127
2,b2c14,43.0,10.222551666666792
2,b2c14,44.0,10.230074999999973
2,b2c14,45.0,10.230544999999983
2,b2c14,46.0,10.231726666666024
2,b2c14,47.0,10.236363333333673
2,b2c14,48.0,10.233903333333243
2,b2c14,49.0,10.235883333333186
2,b2c14,50.0,3934.7051666666666
2,b2c14,51.0,10.248629999999928
2,b2c14,52.0,10.24544000000072
2,b2c14,53.0,10.24324333333255
2,b2c14,54.0,10.246633333332527
2,b2c14,55.0,10.245878333332561
2,b2c14,56.0,10.246393333332769
2,b2c14,57.0,10.241060000000289
2,b2c14,58.0,10.24423999999999
2,b2c14,59.0,10.246083333333566
2,b2c14,60.0,10.24380166666621
2,b2c14,61.0,10.245763333331949
2,b2c14,62.0,10.245528333333398
2,b2c14,63.0,10.250293333333683
2,b2c14,64.0,10.251125000000078
2,b2c14,65.0,10.249460000001514
2,b2c14,66.0,10.249376666666164
2,b2c14,67.0,10.248751666668491
2,b2c14,68.0,10.250030000001425
2,b2c14,69.0,10.250700000000263
2,b2c14,70.0,10.25353166666658
2,b2c14,71.0,10.248729999999826
2,b2c14,72.0,10.25104833333365
2,b2c14,73.0,10.258116666666076
2,b2c14,74.0,10.25589166666614
2,b2c14,75.0,10.254475000000093
2,b2c14,76.0,10.254453333333368
2,b2c14,77.0,10.257415000000037
2,b2c14,78.0,10.259296666667797
2,b2c14,79.0,10.26000833333431
2,b2c14,80.0,10.261309999999746
2,b2c14,81.0,10.26248000000099
2,b2c14,82.0,10.254445000000608
2,b2c14,83.0,10.26374333333224
2,b2c14,84.0,10.2705516666659
2,b2c14,85.0,10.264838333332834
2,b2c14,86.0,10.269218333333265
2,b2c14,87.0,10.188053333334391
2,b2c14,88.0,10.27425500000051
2,b2c14,89.0,10.274186666666841
2,b2c14,90.0,10.272563333332073
2,b2c14,91.0,10.2779016666677
2,b2c14,92.0,10.273140000000906
2,b2c14,93.0,10.283336666666825
2,b2c14,94.0,10.282380000001286
2,b2c14,95.0,10.28781500000041
2,b2c14,96.0,10.285840000000706
2,b2c14,97.0,10.286475000000792
2,b2c14,98.0,10.29048500000111
2,b2c14,99.0,10.296956666667635
2,b2c14,100.0,10.292016666665829
2,b2c15,10.0,10.173625000000175
2,b2c15,11.0,10.176203333333252
2,b2c15,12.0,10.175938333333518
2,b2c15,13.0,10.172971666666369
2,b2c15,14.0,10.175286666666215
2,b2c15,15.0,10.17312666666694
2,b2c15,16.0,10.175691666667019
2,b2c15,17.0,10.090539999999843
2,b2c15,18.0,10.173156666666909
2,b2c15,19.0,10.174219999999817
2,b2c15,20.0,10.17330000000026
2,b2c15,21.0,10.173463333333105
2,b2c15,22.0,10.17532333333317
2,b2c15,23.0,10.174189999999847
2,b2c15,24.0,10.174089999999948
2,b2c15,25.0,10.17437666666665
2,b2c15,26.0,10.172940000000137
2,b2c15,27.0,10.174921666666826
2,b2c15,28.0,10.175090000000393
2,b2c15,29.0,10.174951666666797
2,b2c15,30.0,10.17519666666679
2,b2c15,31.0,10.174908333333345
2,b2c15,32.0,10.174698333333072
2,b2c15,33.0,10.174921666666341
2,b2c15,34.0,10.174691666666574
2,b2c15,35.0,10.174735000000025
2,b2c15,36.0,10.092141666666915
2,b2c15,37.0,10.17617166666702
2,b2c15,38.0,10.173734999999578
2,b2c15,39.0,10.173694999999618
2,b2c15,40.0,10.173488333333323
2,b2c15,41.0,10.175448333333286
2,b2c15,42.0,10.17381666666673
2,b2c15,43.0,10.174220000000302
2,b2c15,44.0,10.174088333332717
2,b2c15,45.0,10.174638333332647
2,b2c15,46.0,10.175231666666999
2,b2c15,47.0,10.173683333333853
2,b2c15,48.0,10.187401666666847
2,b2c15,49.0,10.174281666666502
2,b2c15,50.0,10.174869999999647
2,b2c15,51.0,10.174841666665937
2,b2c15,52.0,10.174909999999606
2,b2c15,53.0,10.173241666667552
2,b2c15,54.0,10.174259999999776
2,b2c15,55.0,10.17661833333356
2,b2c15,56.0,10.174576666665962
2,b2c15,57.0,10.17433500000043
2,b2c15,58.0,10.173686666666375
2,b2c15,59.0,10.174228333332575
2,b2c15,60.0,10.176498333333681
2,b2c15,61.0,10.174103333333429
2,b2c15,62.0,10.174363333332197
2,b2c15,63.0,10.17596500000024
2,b2c15,64.0,10.17493666666754
2,b2c15,65.0,10.17515499999863
2,b2c15,66.0,10.174099999999937
2,b2c15,67.0,10.175913333334028
2,b2c15,68.0,10.175841666666868
2,b2c15,69.0,10.17628333333414
2,b2c15,70.0,10.176306666666642
2,b2c15,71.0,10.176018333334165
2,b2c15,72.0,10.17578499999945
2,b2c15,73.0,10.174996666668449
2,b2c15,74.0,10.175108333333629
2,b2c15,75.0,10.175623333333837
2,b2c15,76.0,10.177486666666422
2,b2c15,77.0,10.177885000000241
2,b2c15,78.0,10.093716666667024
2,b2c15,79.0,10.17518333333428
2,b2c15,80.0,10.176328333333368
2,b2c15,81.0,10.176093333332878
2,b2c15,82.0,10.178561666668005
2,b2c15,83.0,10.175830000000618
2,b2c15,84.0,10.177325000000808
2,b2c15,85.0,10.176903333332545
2,b2c15,86.0,10.176625000000543
2,b2c15,87.0,10.176860000001033
2,b2c15,88.0,10.176533333332433
2,b2c15,89.0,10.176150000000295
2,b2c15,90.0,10.177736666666654
2,b2c15,91.0,10.178123333334224
2,b2c15,92.0,10.179286666666545
2,b2c15,93.0,10.179395000000174
2,b2c15,94.0,10.1776700000007
2,b2c15,95.0,10.179708333332867
2,b2c15,96.0,10.179028333333553
2,b2c15,97.0,10.180166666665658
2,b2c15,98.0,10.177868333332784
2,b2c15,99.0,10.179928333333615
2,b2c15,100.0,10.181714999999773
2,b2c16,10.0,10.17148166666666
2,b2c16,11.0,10.171870000000006
2,b2c16,12.0,10.171610000000024
2,b2c16,13.0,10.171806666666331
2,b2c16,14.0,10.172849999999745
2,b2c16,15.0,10.170951666666467
2,b2c16,16.0,10.170504999999928
2,b2c16,17.0,10.17122333333294
2,b2c16,18.0,10.171654999999737
2,b2c16,19.0,10.170759999999913
2,b2c16,20.0,10.17094166666696
2,b2c16,21.0,10.172641666666701
2,b2c16,22.0,10.171386666666756
2,b2c16,23.0,10.171676666666462
2,b2c16,24.0,10.171014999999898
2,b2c16,25.0,10.171311666666588
2,b2c16,26.0,10.170610000000064
2,b2c16,27.0,10.170401666667022
2,b2c16,28.0,10.170983333333181
2,b2c16,29.0,10.170513333333655
2,b2c16,30.0,10.171520000000116
2,b2c16,31.0,10.171546666666593
2,b2c16,32.0,10.170986666666673
2,b2c16,33.0,10.170993333333172
2,b2c16,34.0,10.171053333333111
2,b2c16,35.0,10.170906666666754
2,b2c16,36.0,10.170950000000206
2,b2c16,37.0,10.172110000000005
2,b2c16,38.0,10.171383333333264
2,b2c16,39.0,10.170401666666537
2,b2c16,40.0,10.171206666666937
2,b2c16,41.0,10.17166833333322
2,b2c16,42.0,10.17081833333359
2,b2c16,43.0,10.17279166666655
2,b2c16,44.0,10.172356666667232
2,b2c16,45.0,10.172273333333822
2,b2c16,46.0,10.172721666666137
2,b2c16,47.0,10.172398333332968
2,b2c16,48.0,10.173179999999896
2,b2c16,49.0,10.17106166666684
2,b2c16,50.0,10.174256666666285
2,b2c16,51.0,10.171590000001014
2,b2c16,52.0,10.17198666666518
2,b2c16,53.0,10.170923333331787
2,b2c16,54.0,10.172040000001045
2,b2c16,55.0,10.171633333334466
2,b2c16,56.0,10.171466666665705
2,b2c16,57.0,10.171531666665881
2,b2c16,58.0,10.17127333333483
2,b2c16,59.0,10.170559999998659
2,b2c16,60.0,10.17099833333438
2,b2c16,61.0,10.170616666668018
2,b2c16,62.0,10.169804999998693
2,b2c16,63.0,10.171023333334597
2,b2c16,64.0,10.170963333333686
2,b2c16,65.0,10.172508333334312
2,b2c16,66.0,10.171501666666396
2,b2c16,67.0,10.171718333333652
2,b2c16,68.0,10.172946666668091
2,b2c16,69.0,10.173101666666723
2,b2c16,70.0,10.17170333333391
2,b2c16,71.0,10.17228166666658
2,b2c16,72.0,10.170764999999665
2,b2c16,73.0,10.171893333333234
2,b2c16,74.0,10.171724999998697
2,b2c16,75.0,10.170533333334607
2,b2c16,76.0,10.173781666666036
2,b2c16,77.0,10.17159166666679
2,b2c16,78.0,10.170613333332586
2,b2c16,79.0,10.171198333332237
2,b2c16,80.0,10.171131666666286
2,b2c16,81.0,10.173316666668203
2,b2c16,82.0,10.17150833333338
2,b2c16,83.0,10.171331666668022
2,b2c16,84.0,10.17076333333389
2,b2c16,85.0,10.17098999999968
2,b2c16,86.0,10.172148333332734
2,b2c16,87.0,10.169185000000288
2,b2c16,88.0,10.172568333333281
2,b2c16,89.0,10.171885000000476
2,b2c16,90.0,10.173143333334398
2,b2c16,91.0,10.17233333333279
2,b2c16,92.0,10.171406666666735
2,b2c16,93.0,10.171931666667417
2,b2c16,94.0,10.171568333332349
2,b2c16,95.0,10.172009999999622
2,b2c16,96.0,10.172296666666321
2,b2c16,97.0,10.17177166666758
2,b2c16,98.0,10.173606666666455
2,b2c16,99.0,10.171778333332622
2,b2c16,100.0,10.17161999999856
2,b2c17,10.0,10.176296666666651
2,b2c17,11.0,10.176880000000043
2,b2c17,12.0,10.178178333333442
2,b2c17,13.0,10.177373333333284
2,b2c17,14.0,10.183958333333187
2,b2c17,15.0,10.176791666666395
2,b2c17,16.0,10.182801666666638
2,b2c17,17.0,10.17495666666655
2,b2c17,18.0,10.17990833333315
2,b2c17,19.0,10.176596666666349
2,b2c17,20.0,10.176316666667116
2,b2c17,21.0,10.17410499999969
2,b2c17,22.0,10.176596666666349
2,b2c17,23.0,10.175440000000041
2,b2c17,24.0,10.176646666666299
2,b2c17,25.0,10.183036666666643
2,b2c17,26.0,10.18024000000005
2,b2c17,27.0,10.1767716666669
2,b2c17,28.0,10.178650000000198
2,b2c17,29.0,10.177469999999934
2,b2c17,30.0,10.179231666666844
2,b2c17,31.0,10.178403333333456
2,b2c17,32.0,10.178046666666827
2,b2c17,33.0,10.179859999999946
2,b2c17,34.0,10.175294999999945
2,b2c17,35.0,10.255713333333066
2,b2c17,36.0,10.256080000000171
2,b2c17,37.0,10.177731666666903
2,b2c17,38.0,10.18062666666665
2,b2c17,39.0,10.17779666666708
2,b2c17,40.0,10.175228333333507
2,b2c17,41.0,10.255791666666726
2,b2c17,42.0,10.17764833333349
2,b2c17,43.0,10.182283333333423
2,b2c17,44.0,10.173661666666643
2,b2c17,45.0,10.17710500000006
2,b2c17,46.0,10.17805666666633
2,b2c17,47.0,10.177313333333101
2,b2c17,48.0,10.176121666666585
2,b2c17,49.0,10.177046666666865
2,b2c17,50.0,10.17429833333299
2,b2c17,51.0,10.178654999999951
2,b2c17,52.0,10.176675000000008
2,b2c17,53.0,10.176548333334116
2,b2c17,54.0,10.177988333332662
2,b2c17,55.0,10.179045000000041
2,b2c17,56.0,10.176929999998539
2,b2c17,57.0,10.180135000000398
2,b2c17,58.0,10.17868666666715
2,b2c17,59.0,10.177128333334501
2,b2c17,60.0,10.175430000001022
2,b2c17,61.0,10.180116666667164
2,b2c17,62.0,10.180501666667018
2,b2c17,63.0,10.17985500000068
2,b2c17,64.0,10.176880000000043
2,b2c17,65.0,10.174971666666291
2,b2c17,66.0,10.175901666665839
2,b2c17,67.0,10.174093333332955
2,b2c17,68.0,10.173746666667284
2,b2c17,69.0,10.175201666667514
2,b2c17,70.0,10.18010166666742
2,b2c17,71.0,10.174566666665488
2,b2c17,72.0,10.177543333333839
2,b2c17,73.0,10.17553833333465
2,b2c17,74.0,10.17623166666793
2,b2c17,75.0,10.174293333332752
2,b2c17,76.0,10.174826666668135
2,b2c17,77.0,10.174404999999872
2,b2c17,78.0,10.175313333332694
2,b2c17,79.0,10.178505000000587
2,b2c17,80.0,10.177904999999251
2,b2c17,81.0,10.175450000000032
2,b2c17,82.0,10.175333333331704
2,b2c17,83.0,10.174401666668322
2,b2c17,84.0,10.256279999999485
2,b2c17,85.0,10.175013333333967
2,b2c17,86.0,10.173821666667937
2,b2c17,87.0,10.179788333332787
2,b2c17,88.0,10.256706666667014
2,b2c17,89.0,10.176858333333318
2,b2c17,90.0,10.176000000000931
2,b2c17,91.0,10.178518333332613
2,b2c17,92.0,10.185165000000659
2,b2c17,93.0,10.178648333332967
2,b2c17,94.0,10.177601666667034
2,b2c17,95.0,10.175175000001522
2,b2c17,96.0,10.175014999999743
2,b2c17,97.0,10.17869499999991
2,b2c17,98.0,10.176633333333303
2,b2c17,99.0,10.179433333334357
2,b2c17,100.0,10.177283333333131
2,b2c18,10.0,10.173968333333324
2,b2c18,11.0,10.17484666666666
2,b2c18,12.0,10.174308333333466
2,b2c18,13.0,10.174436666666589
2,b2c18,14.0,10.173980000000059
2,b2c18,15.0,10.1743200000002
2,b2c18,16.0,10.174598333333657
2,b2c18,17.0,10.174268333333506
2,b2c18,18.0,10.173229999999846
2,b2c18,19.0,10.173621666666683
2,b2c18,20.0,10.173091666666732
2,b2c18,21.0,10.175691666666534
2,b2c18,22.0,10.174718333333537
2,b2c18,23.0,10.17416333333337
2,b2c18,24.0,10.173826666666718
2,b2c18,25.0,10.172656666666445
2,b2c18,26.0,10.173693333333357
2,b2c18,27.0,10.173556666666506
2,b2c18,28.0,10.174313333333219
2,b2c18,29.0,10.175379999999617
2,b2c18,30.0,10.175849999999627
2,b2c18,31.0,10.175780000000183
2,b2c18,32.0,10.172815000000021
2,b2c18,33.0,10.173655000000144
2,b2c18,34.0,10.174301666666482
2,b2c18,35.0,10.173615000000185
2,b2c18,36.0,10.174161666666624
2,b2c18,37.0,10.174189999999847
2,b2c18,38.0,10.173465000000336
2,b2c18,39.0,10.173771666666532
2,b2c18,40.0,10.173611666666693
2,b2c18,41.0,10.175394999999844
2,b2c18,42.0,10.173586666666475
2,b2c18,43.0,10.173398333333413
2,b2c18,44.0,10.173173333333398
2,b2c18,45.0,10.174416666666609
2,b2c18,46.0,10.17397000000007
2,b2c18,47.0,10.173849999999705
2,b2c18,48.0,10.17338166666741
2,b2c18,49.0,10.174303333333228
2,b2c18,50.0,10.173856666666689
2,b2c18,51.0,10.173398333332928
2,b2c18,52.0,10.175573333333402
2,b2c18,53.0,10.173439999999633
2,b2c18,54.0,10.174536666666002
2,b2c18,55.0,10.174163333332398
2,b2c18,56.0,10.17567000000078
2,b2c18,57.0,10.174296666666244
2,b2c18,58.0,10.175456666667014
2,b2c18,59.0,10.173858333334405
2,b2c18,60.0,10.172693333332427
2,b2c18,61.0,10.173551666666754
2,b2c18,62.0,10.172775000000062
2,b2c18,63.0,10.173539999998562
2,b2c18,64.0,10.175901666667778
2,b2c18,65.0,10.173170000000392
2,b2c18,66.0,10.173044999999304
2,b2c18,67.0,10.175734999999015
2,b2c18,68.0,10.173400000001614
2,b2c18,69.0,10.173984999999327
2,b2c18,70.0,10.173853333333197
2,b2c18,71.0,10.173633333332448
2,b2c18,72.0,10.175815000000876
2,b2c18,73.0,10.174496666666043
2,b2c18,74.0,10.17352499999882
2,b2c18,75.0,10.174646666667346
2,b2c18,76.0,10.173986666667043
2,b2c18,77.0,10.173773333333278
2,b2c18,78.0,10.173083333333489
2,b2c18,79.0,10.173966666666093
2,b2c18,80.0,10.173948333332858
2,b2c18,81.0,10.174831666667403
2,b2c18,82.0,10.1750316666672
2,b2c18,83.0,10.174339999999695
2,b2c18,84.0,10.175264999999975
2,b2c18,85.0,10.174173333334814
2,b2c18,86.0,10.175741666667939
2,b2c18,87.0,10.17416333333434
2,b2c18,88.0,10.173048333334737
2,b2c18,89.0,10.172650000000916
2,b2c18,90.0,10.173363333333207
2,b2c18,91.0,10.174838333334385
2,b2c18,92.0,10.173978333334283
2,b2c18,93.0,10.174236666667275
2,b2c18,94.0,10.17368833333215
2,b2c18,95.0,10.173305000000012
2,b2c18,96.0,10.173918333333374
2,b2c18,97.0,10.17410666666692
2,b2c18,98.0,10.17467333333334
2,b2c18,99.0,10.174991666665301
2,b2c18,100.0,10.174393333333622
2,b2c19,10.0,10.173619999999937
2,b2c19,11.0,10.1747133333333
2,b2c19,12.0,10.175453333333524
2,b2c19,13.0,10.175089999999908
2,b2c19,14.0,10.17514999999985
2,b2c19,15.0,10.1733600000002
2,b2c19,16.0,10.174691666666574
2,b2c19,17.0,10.174178333333112
2,b2c19,18.0,10.174808333333447
2,b2c19,19.0,10.174630000000374
2,b2c19,20.0,10.17486666666664
2,b2c19,21.0,10.174020000000018
2,b2c19,22.0,10.174371666666412
2,b2c19,23.0,10.174426666666598
2,b2c19,24.0,10.173051666666773
2,b2c19,25.0,10.173826666666718
2,b2c19,26.0,10.174101666666683
2,b2c19,27.0,10.173408333333404
2,b2c19,28.0,10.174000000000039
2,b2c19,29.0,10.173571666666733
2,b2c19,30.0,10.175135000000106
2,b2c19,31.0,10.173759999999795
2,b2c19,32.0,10.174794999999964
2,b2c19,33.0,10.174903333333107
2,b2c19,34.0,10.174293333333237
2,b2c19,35.0,10.173965000000317
2,b2c19,36.0,10.173909999999644
2,b2c19,37.0,10.174425000000337
2,b2c19,38.0,10.17443000000009
2,b2c19,39.0,10.173681666666623
2,b2c19,40.0,10.173628333333665
2,b2c19,41.0,10.174558333333213
2,b2c19,42.0,10.17452
2,b2c19,43.0,10.174656666666367
2,b2c19,44.0,10.174223333333309
2,b2c19,45.0,10.17403166666627
2,b2c19,46.0,10.176198333333014
2,b2c19,47.0,10.174736666666771
2,b2c19,48.0,10.175625000000583
2,b2c19,49.0,10.175856666666611
2,b2c19,50.0,10.175579999999416
2,b2c19,51.0,10.176094999999624
2,b2c19,52.0,10.174718333332567
2,b2c19,53.0,10.175708333333024
2,b2c19,54.0,10.174803333333694
2,b2c19,55.0,10.173351666666955
2,b2c19,56.0,10.174274999999518
2,b2c19,57.0,10.17443833333285
2,b2c19,58.0,10.174289999999262
2,b2c19,59.0,10.174838333334385
2,b2c19,60.0,10.17619166666603
2,b2c19,61.0,10.174036666665536
2,b2c19,62.0,10.173416666667132
2,b2c19,63.0,10.172598333332765
2,b2c19,64.0,10.172833333333255
2,b2c19,65.0,10.174006666666052
2,b2c19,66.0,10.174989999999525
2,b2c19,67.0,10.17515166666708
2,b2c19,68.0,10.174170000001322
2,b2c19,69.0,10.175384999999855
2,b2c19,70.0,10.174328333333445
2,b2c19,71.0,10.175118333332163
2,b2c19,72.0,10.175025000000216
2,b2c19,73.0,10.176346666666602
2,b2c19,74.0,10.175298333334892
2,b2c19,75.0,10.173335000001437
2,b2c19,76.0,10.17492000000008
2,b2c19,77.0,10.172793333333296
2,b2c19,78.0,10.172781666667046
2,b2c19,79.0,10.173595000000205
2,b2c19,80.0,10.176571666666616
2,b2c19,81.0,10.174898333333354
2,b2c19,82.0,10.174523333333976
2,b2c19,83.0,10.173083333333489
2,b2c19,84.0,10.173845000000437
2,b2c19,85.0,10.174528333333244
2,b2c19,86.0,10.176585000000584
2,b2c19,87.0,10.17441833333384
2,b2c19,88.0,10.174749999999767
2,b2c19,89.0,10.173428333333383
2,b2c19,90.0,10.17428666666577
2,b2c19,91.0,10.174818333333436
2,b2c19,92.0,10.176033333333908
2,b2c19,93.0,10.175758333333457
2,b2c19,94.0,10.091778333333787
2,b2c19,95.0,10.174915000000814
2,b2c19,96.0,10.174198333333091
2,b2c19,97.0,10.17550166666818
2,b2c19,98.0,10.175264999999975
2,b2c19,99.0,10.17573333333324
2,b2c19,100.0,10.174098333334163
2,b2c20,10.0,10.172301666666803
2,b2c20,11.0,10.17297166666661
2,b2c20,12.0,10.173033333333297
2,b2c20,13.0,10.17248833333336
2,b2c20,14.0,10.175391666666837
2,b2c20,15.0,10.172639999999955
2,b2c20,16.0,10.171706666666433
2,b2c20,17.0,10.172315000000042
2,b2c20,18.0,10.172940000000137
2,b2c20,19.0,10.17287499999996
2,b2c20,20.0,10.173615000000185
2,b2c20,21.0,10.172826666666758
2,b2c20,22.0,10.172513333333578
2,b2c20,23.0,10.171854999999535
2,b2c20,24.0,10.172901666666924
2,b2c20,25.0,10.172666666666919
2,b2c20,26.0,10.171683333333446
2,b2c20,27.0,10.17188666666625
2,b2c20,28.0,10.17289166666645
2,b2c20,29.0,10.172353333333255
2,b2c20,30.0,10.173343333333227
2,b2c20,31.0,10.171561666666822
2,b2c20,32.0,10.17364833333316
2,b2c20,33.0,10.172368333333482
2,b2c20,34.0,10.173373333333195
2,b2c20,35.0,10.173446666666617
2,b2c20,36.0,10.172386666666231
2,b2c20,37.0,10.174076666666467
2,b2c20,38.0,10.172353333333255
2,b2c20,39.0,10.174193333333339
2,b2c20,40.0,10.17376000000028
2,b2c20,41.0,10.172998333333332
2,b2c20,42.0,10.172265000000092
2,b2c20,43.0,10.173558333333252
2,b2c20,44.0,10.173144999999689
2,b2c20,45.0,10.173480000000078
2,b2c20,46.0,10.173131666667178
2,b2c20,47.0,10.172716666666869
2,b2c20,48.0,10.172265000000092
2,b2c20,49.0,10.172454999999415
2,b2c20,50.0,3932.592796666666
2,b2c20,51.0,10.172954999999881
2,b2c20,52.0,10.171608333333278
2,b2c20,53.0,10.17201833333238
2,b2c20,54.0,10.173500000000542
2,b2c20,55.0,10.173508333333302
2,b2c20,56.0,10.17166833333322
2,b2c20,57.0,10.172743333332862
2,b2c20,58.0,10.173600000001413
2,b2c20,59.0,10.173594999998265
2,b2c20,60.0,10.17330666666773
2,b2c20,61.0,10.173793333334228
2,b2c20,62.0,10.173615000001154
2,b2c20,63.0,10.17391999999915
2,b2c20,64.0,10.173001666667794
2,b2c20,65.0,10.173191666667117
2,b2c20,66.0,10.172514999999354
2,b2c20,67.0,10.172450000001117
2,b2c20,68.0,10.173053333334003
2,b2c20,69.0,10.17340166666739
2,b2c20,70.0,10.17275999999838
2,b2c20,71.0,10.173746666667284
2,b2c20,72.0,10.171875
2,b2c20,73.0,10.17198666666518
2,b2c20,74.0,10.173621666666198
2,b2c20,75.0,10.172788333332088
2,b2c20,76.0,10.17367666666784
2,b2c20,77.0,10.174198333333091
2,b2c20,78.0,10.173174999999658
2,b2c20,79.0,10.17283500000097
2,b2c20,80.0,10.173593333332489
2,b2c20,81.0,10.173376666667172
2,b2c20,82.0,10.17262833333419
2,b2c20,83.0,10.173414999999416
2,b2c20,84.0,10.172451666666893
2,b2c20,85.0,10.173475000000327
2,b2c20,86.0,10.174086666665971
2,b2c20,87.0,10.172526666667546
2,b2c20,88.0,10.172878333334422
2,b2c20,89.0,10.172938333333393
2,b2c20,90.0,10.173903333333632
2,b2c20,91.0,10.171294999999615
2,b2c20,92.0,10.171506666665664
2,b2c20,93.0,10.173671666666632
2,b2c20,94.0,10.171838333333532
2,b2c20,95.0,10.172060000000055
2,b2c20,96.0,10.17472499999955
2,b2c20,97.0,10.17249666666612
2,b2c20,98.0,10.17178333333383
2,b2c20,99.0,10.17472499999955
2,b2c20,100.0,10.174524999999752
2,b2c21,10.0,10.173838333333212
2,b2c21,11.0,10.173811666666492
2,b2c21,12.0,10.172280000000077
2,b2c21,13.0,10.174918333333334
2,b2c21,14.0,10.174996666666509
2,b2c21,15.0,10.17392166666638
2,b2c21,16.0,10.175848333333366
2,b2c21,17.0,10.174461666666321
2,b2c21,18.0,10.173971666666814
2,b2c21,19.0,10.175543333333431
2,b2c21,20.0,10.175491666666737
2,b2c21,21.0,10.17385833333295
2,b2c21,22.0,10.174291666666978
2,b2c21,23.0,10.175338333333396
2,b2c21,24.0,10.174061666666239
2,b2c21,25.0,10.175156666666831
2,b2c21,26.0,10.174280000000241
2,b2c21,27.0,10.17466499999961
2,b2c21,28.0,10.173653333333398
2,b2c21,29.0,10.175518333333214
2,b2c21,30.0,10.174451666666815
2,b2c21,31.0,10.175126666666863
2,b2c21,32.0,10.174936666667055
2,b2c21,33.0,10.174466666666557
2,b2c21,34.0,10.176488333333205
2,b2c21,35.0,10.175324999999914
2,b2c21,36.0,10.174963333333531
2,b2c21,37.0,10.174919999999595
2,b2c21,38.0,10.174868333333386
2,b2c21,39.0,10.174391666666876
2,b2c21,40.0,10.175726666666742
2,b2c21,41.0,10.173645000000155
2,b2c21,42.0,10.175240000000242
2,b2c21,43.0,10.17363499999968
2,b2c21,44.0,10.175280000000203
2,b2c21,45.0,10.175271666666958
2,b2c21,46.0,10.174284999999994
2,b2c21,47.0,10.175075000000652
2,b2c21,48.0,10.173763333333772
2,b2c21,49.0,10.175138333333113
2,b2c21,50.0,10.17462500000062
2,b2c21,51.0,10.174858333333395
2,b2c21,52.0,10.17465333333433
2,b2c21,53.0,10.17381666666673
2,b2c21,54.0,10.17292333333365
2,b2c21,55.0,10.174353333333663
2,b2c21,56.0,10.175309999999202
2,b2c21,57.0,10.17492833333284
2,b2c21,58.0,10.174951666667281
2,b2c21,59.0,10.174531666666734
2,b2c21,60.0,10.173458333332867
2,b2c21,61.0,10.17318666666785
2,b2c21,62.0,10.175651666667545
2,b2c21,63.0,10.173801666666986
2,b2c21,64.0,10.175094999999661
2,b2c21,65.0,10.173195000000609
2,b2c21,66.0,10.174696666665842
2,b2c21,67.0,10.174646666667346
2,b2c21,68.0,10.175664999999572
2,b2c21,69.0,10.175141666666605
2,b2c21,70.0,10.175526666666459
2,b2c21,71.0,10.176288333333408
2,b2c21,72.0,10.174821666666928
2,b2c21,73.0,10.17630333333315
2,b2c21,74.0,10.1755500000009
2,b2c21,75.0,10.175246666664801
2,b2c21,76.0,10.174735000000025
2,b2c21,77.0,10.172781666667046
2,b2c21,78.0,10.173598333333697
2,b2c21,79.0,10.173268333333544
2,b2c21,80.0,10.174733333334249
2,b2c21,81.0,10.17504833333466
2,b2c21,82.0,10.174658333333598
2,b2c21,83.0,10.173439999999633
2,b2c21,84.0,10.176169999999304
2,b2c21,85.0,10.174176666666366
2,b2c21,86.0,10.174558333332728
2,b2c21,87.0,10.176206666665772
2,b2c21,88.0,10.176106666666843
2,b2c21,89.0,10.175501666666241
2,b2c21,90.0,10.17543833333378
2,b2c21,91.0,10.17465333333239
2,b2c21,92.0,10.17466500000058
2,b2c21,93.0,10.175731666667465
2,b2c21,94.0,10.175734999999015
2,b2c21,95.0,10.174945000000298
2,b2c21,96.0,10.175311666664978
2,b2c21,97.0,10.173446666666617
2,b2c21,98.0,10.174446666667547
2,b2c21,99.0,10.174706666666316
2,b2c21,100.0,10.175105000000137
2,b2c22,10.0,24.232323333333383
2,b2c22,11.0,24.212444999999814
2,b2c22,12.0,24.204133333333207
2,b2c22,13.0,24.17591666666655
2,b2c22,14.0,24.198683333332884
2,b2c22,15.0,24.20196166666671
2,b2c22,16.0,24.24540833333352
2,b2c22,17.0,24.247799999999796
2,b2c22,18.0,24.16930166666619
2,b2c22,19.0,24.22709666666633
2,b2c22,20.0,24.21393333333302
2,b2c22,21.0,24.250089999999908
2,b2c22,22.0,24.241149999999713
2,b2c22,23.0,24.227018333333156
2,b2c22,24.0,24.212398333333354
2,b2c22,25.0,24.17982333333348
2,b2c22,26.0,24.208024999999907
2,b2c22,27.0,24.19950166666628
2,b2c22,28.0,24.17282000000026
2,b2c22,29.0,24.175561666666667
2,b2c22,30.0,24.21496666666693
2,b2c22,31.0,24.24508333333312
2,b2c22,32.0,24.22777499999987
2,b2c22,33.0,24.222918333333414
2,b2c22,34.0,24.175951666666272
2,b2c22,35.0,24.242865000000652
2,b2c22,36.0,24.220083333332635
2,b2c22,37.0,24.190020000000366
2,b2c22,38.0,24.19498166666696
2,b2c22,39.0,24.177178333332996
2,b2c22,40.0,24.23165666666561
2,b2c22,41.0,24.197308333332572
2,b2c22,42.0,24.235476666665637
2,b2c22,43.0,24.186733333333784
2,b2c22,44.0,24.242895000001106
2,b2c22,45.0,24.205036666667244
2,b2c22,46.0,24.227031666667123
2,b2c22,47.0,24.240351666667266
2,b2c22,48.0,24.20778500000015
2,b2c22,49.0,24.212293333333218
2,b2c22,50.0,24.183499999998215
2,b2c22,51.0,24.193603333334128
2,b2c22,52.0,24.16815999999914
2,b2c22,53.0,24.222271666666106
2,b2c22,54.0,24.171110000001498
2,b2c22,55.0,24.22391499999988
2,b2c22,56.0,24.234571666666305
2,b2c22,57.0,24.24281833333274
2,b2c22,58.0,24.205228333332343
2,b2c22,59.0,24.172901666666924
2,b2c22,60.0,24.218663333333097
2,b2c22,61.0,24.187314999999945
2,b2c22,62.0,24.220696666667937
2,b2c22,63.0,24.227708333332945
2,b2c22,64.0,24.249136666668345
2,b2c22,65.0,24.218114999999912
2,b2c22,66.0,24.193351666666178
2,b2c22,67.0,24.1812816666672
2,b2c22,68.0,24.23159666666761
2,b2c22,69.0,24.223683333332882
2,b2c22,70.0,24.232835000000584
2,b2c22,71.0,24.24033000000054
2,b2c22,72.0,24.228498333333604
2,b2c22,73.0,24.20259833333354
2,b2c22,74.0,24.20140666666557
2,b2c22,75.0,24.225021666666727
2,b2c22,76.0,24.170596666667066
2,b2c22,77.0,24.222638333332725
2,b2c22,78.0,24.232551666667373
2,b2c22,79.0,24.24825000000031
2,b2c22,80.0,24.2416616666674
2,b2c22,81.0,24.221258333333147
2,b2c22,82.0,24.206340000000395
2,b2c22,83.0,24.173406666666658
2,b2c22,84.0,24.2091200000005
2,b2c22,85.0,24.21696833333311
2,b2c22,86.0,24.217241666665846
2,b2c22,87.0,24.180279999998554
2,b2c22,88.0,24.213191666665566
2,b2c22,89.0,24.225195000000532
2,b2c22,90.0,24.21428499999844
2,b2c22,91.0,24.234015000000362
2,b2c22,92.0,24.248669999998917
2,b2c22,93.0,24.2192049999993
2,b2c22,94.0,24.246084999999344
2,b2c22,95.0,24.2080199999987
2,b2c22,96.0,24.204976666666333
2,b2c22,97.0,24.22873500000181
2,b2c22,98.0,24.230354999999204
2,b2c22,99.0,960.0854733333322
2,b2c22,100.0,24.205781666666734
2,b2c23,10.0,12.200736666666732
2,b2c23,11.0,12.175661666666565
2,b2c23,12.0,12.17415333333338
2,b2c23,13.0,12.232809999999882
2,b2c23,14.0,12.209580000000036
2,b2c23,15.0,12.245466666666713
2,b2c23,16.0,12.230798333333222
2,b2c23,17.0,12.240063333333334
2,b2c23,18.0,12.207024999999947
2,b2c23,19.0,12.229668333333393
2,b2c23,20.0,12.20168999999975
2,b2c23,21.0,12.175176666666326
2,b2c23,22.0,12.235159999999935
2,b2c23,23.0,12.243296666666478
2,b2c23,24.0,12.237498333333255
2,b2c23,25.0,12.249061666666725
2,b2c23,26.0,12.218023333333258
2,b2c23,27.0,12.211523333333025
2,b2c23,28.0,12.222080000000036
2,b2c23,29.0,12.246315000000079
2,b2c23,30.0,12.17004500000039
2,b2c23,31.0,12.215965000000143
2,b2c23,32.0,12.182708333333236
2,b2c23,33.0,12.188413333333544
2,b2c23,34.0,12.207470000000225
2,b2c23,35.0,12.209093333333536
2,b2c23,36.0,12.202024999999654
2,b2c23,37.0,12.215061666666589
2,b2c23,38.0,12.22991666666688
2,b2c23,39.0,12.2440366666667
2,b2c23,40.0,12.241401666666691
2,b2c23,41.0,12.211763333333268
2,b2c23,42.0,12.194488333333478
2,b2c23,43.0,12.199546666666476
2,b2c23,44.0,12.232431666666525
2,b2c23,45.0,12.232791666666648
2,b2c23,46.0,12.233211666666708
2,b2c23,47.0,12.243206666666083
2,b2c23,48.0,12.188300000000163
2,b2c23,49.0,12.203231666666882
2,b2c23,50.0,12.240616666666272
2,b2c23,51.0,12.203128333333492
2,b2c23,52.0,12.201228333333468
2,b2c23,53.0,12.217505000000044
2,b2c23,54.0,12.190838333332795
2,b2c23,55.0,12.205196666666113
2,b2c23,56.0,12.242690000000099
2,b2c23,57.0,12.173073333333983
2,b2c23,58.0,12.213798333333882
2,b2c23,59.0,12.182364999999603
2,b2c23,60.0,12.245251666665233
2,b2c23,61.0,12.24305666666672
2,b2c23,62.0,12.2133050000004
2,b2c23,63.0,12.228353333333507
2,b2c23,64.0,12.207408333333055
2,b2c23,65.0,12.211751666665076
2,b2c23,66.0,12.188145000000562
2,b2c23,67.0,12.170136666666561
2,b2c23,68.0,12.178936666667385
2,b2c23,69.0,12.196478333333895
2,b2c23,70.0,12.208618333332318
2,b2c23,71.0,12.211329999998755
2,b2c23,72.0,12.233796666667331
2,b2c23,73.0,12.21204999999997
2,b2c23,74.0,12.225344999999894
2,b2c23,75.0,12.203730000000602
2,b2c23,76.0,12.212833333333643
2,b2c23,77.0,12.1940683333339
2,b2c23,78.0,12.233899999999752
2,b2c23,79.0,12.20162666666632
2,b2c23,80.0,12.17110999999956
2,b2c23,81.0,12.207901666668477
2,b2c23,82.0,12.244895000001028
2,b2c23,83.0,12.174164999998174
2,b2c23,84.0,12.237168333334072
2,b2c23,85.0,12.243131666667372
2,b2c23,86.0,12.172674999999193
2,b2c23,87.0,12.228090000001249
2,b2c23,88.0,12.200798333333417
2,b2c23,89.0,12.223633333334389
2,b2c23,90.0,12.202639999999276
2,b2c23,91.0,12.199099999999937
2,b2c23,92.0,12.216591666666014
2,b2c23,93.0,12.222061666665832
2,b2c23,94.0,12.24747666666711
2,b2c23,95.0,12.249935000001763
2,b2c23,96.0,12.178618333333482
2,b2c23,97.0,12.194541666666433
2,b2c23,98.0,12.245143333333544
2,b2c23,99.0,960.0515949999991
2,b2c23,100.0,12.201145000001027
2,b2c24,10.0,10.16861333333339
2,b2c24,11.0,10.16855333333321
2,b2c24,12.0,10.17290499999993
2,b2c24,13.0,10.170428333333014
2,b2c24,14.0,10.169246666666488
2,b2c24,15.0,10.169681666666293
2,b2c24,16.0,10.169646666667056
2,b2c24,17.0,10.169336666666883
2,b2c24,18.0,10.169110000000122
2,b2c24,19.0,10.170704999999725
2,b2c24,20.0,10.169325000000148
2,b2c24,21.0,10.169026666666225
2,b2c24,22.0,10.170041666666414
2,b2c24,23.0,10.168921666666574
2,b2c24,24.0,10.169080000000152
2,b2c24,25.0,10.17241499999994
2,b2c24,26.0,10.168628333333375
2,b2c24,27.0,10.168103333333177
2,b2c24,28.0,10.16910666666663
2,b2c24,29.0,10.168723333333038
2,b2c24,30.0,10.169843333333363
2,b2c24,31.0,10.168700000000051
2,b2c24,32.0,10.169259999999971
2,b2c24,33.0,10.16896166666702
2,b2c24,34.0,10.169019999999728
2,b2c24,35.0,10.171568333333319
2,b2c24,36.0,10.173275000000043
2,b2c24,37.0,10.171604999999788
2,b2c24,38.0,10.170666666666511
2,b2c24,39.0,10.170905000000008
2,b2c24,40.0,10.170438333333005
2,b2c24,41.0,10.170846666666815
2,b2c24,42.0,10.169061666666433
2,b2c24,43.0,10.16927999999995
2,b2c24,44.0,10.169311666666665
2,b2c24,45.0,10.17042000000074
2,b2c24,46.0,10.170546666666633
2,b2c24,47.0,10.17047999999971
2,b2c24,48.0,10.16972666666746
2,b2c24,49.0,10.169381666666595
2,b2c24,50.0,10.170116666666582
2,b2c24,51.0,10.170416666667249
2,b2c24,52.0,10.168956666666782
2,b2c24,53.0,10.169711666666748
2,b2c24,54.0,10.16985833333456
2,b2c24,55.0,10.169091666666402
2,b2c24,56.0,10.16820000000104
2,b2c24,57.0,10.16920000000003
2,b2c24,58.0,10.169458333333022
2,b2c24,59.0,10.16938000000082
2,b2c24,60.0,10.169721666665282
2,b2c24,61.0,10.170923333333727
2,b2c24,62.0,10.17113000000051
2,b2c24,63.0,10.169994999999956
2,b2c24,64.0,10.171796666667797
2,b2c24,65.0,10.169733333333474
2,b2c24,66.0,10.16985833333262
2,b2c24,67.0,10.171663333332011
2,b2c24,68.0,10.16943166666703
2,b2c24,69.0,10.170375000000544
2,b2c24,70.0,10.170608333333318
2,b2c24,71.0,10.168819999999444
2,b2c24,72.0,10.172479999998663
2,b2c24,73.0,10.171268333333622
2,b2c24,74.0,10.170341666665626
2,b2c24,75.0,10.17109333333404
2,b2c24,76.0,10.169446666666772
2,b2c24,77.0,10.168481666666533
2,b2c24,78.0,10.168858333333628
2,b2c24,79.0,10.170405000000027
2,b2c24,80.0,10.16951166666695
2,b2c24,81.0,10.17017666666652
2,b2c24,82.0,10.168996666666741
2,b2c24,83.0,10.169233333333008
2,b2c24,84.0,10.169173333334038
2,b2c24,85.0,10.16921999999904
2,b2c24,86.0,10.169075000000884
2,b2c24,87.0,10.169664999999805
2,b2c24,88.0,10.170738333333672
2,b2c24,89.0,10.170160000001003
2,b2c24,90.0,10.170061666665909
2,b2c24,91.0,10.17039666666727
2,b2c24,92.0,10.170554999999391
2,b2c24,93.0,10.171613333331576
2,b2c24,94.0,10.170374999998604
2,b2c24,95.0,10.17109000000055
2,b2c24,96.0,10.170596666665126
2,b2c24,97.0,10.170771666666647
2,b2c24,98.0,10.171008333334855
2,b2c24,99.0,10.170051666667375
2,b2c24,100.0,10.169143333334553
2,b2c25,10.0,10.17333333333348
2,b2c25,11.0,10.173213333333358
2,b2c25,12.0,10.171966666666655
2,b2c25,13.0,10.171348333333299
2,b2c25,14.0,10.172024999999849
2,b2c25,15.0,10.171610000000024
2,b2c25,16.0,10.17177166666661
2,b2c25,17.0,10.17211833333325
2,b2c25,18.0,10.17166166666672
2,b2c25,19.0,10.172291666667055
2,b2c25,20.0,10.172199999999915
2,b2c25,21.0,10.17327000000029
2,b2c25,22.0,10.174006666666537
2,b2c25,23.0,10.17376666666678
2,b2c25,24.0,10.172003333333123
2,b2c25,25.0,10.173309999999764
2,b2c25,26.0,10.174271666666998
2,b2c25,27.0,10.172886666666697
2,b2c25,28.0,10.172753333333336
2,b2c25,29.0,10.173313333333256
2,b2c25,30.0,10.173596666666466
2,b2c25,31.0,10.172378333333473
2,b2c25,32.0,10.17286333333371
2,b2c25,33.0,10.172703333333386
2,b2c25,34.0,10.172093333333033
2,b2c25,35.0,10.172004999999869
2,b2c25,36.0,10.172646666666939
2,b2c25,37.0,10.171613333333516
2,b2c25,38.0,10.173478333333332
2,b2c25,39.0,10.1733600000002
2,b2c25,40.0,10.173036666666546
2,b2c25,41.0,10.172328333333523
2,b2c25,42.0,10.172009999999622
2,b2c25,43.0,10.172106666666513
2,b2c25,44.0,10.172888333332958
2,b2c25,45.0,10.173491666666814
2,b2c25,46.0,10.173150000000412
2,b2c25,47.0,10.173111666666227
2,b2c25,48.0,10.173021666666804
2,b2c25,49.0,10.173433333333621
2,b2c25,50.0,10.172629999999966
2,b2c25,51.0,10.173499999999573
2,b2c25,52.0,10.173364999999952
2,b2c25,53.0,10.172200000000885
2,b2c25,54.0,10.173658333332666
2,b2c25,55.0,10.17326166666656
2,b2c25,56.0,10.174110000000413
2,b2c25,57.0,10.173331666666005
2,b2c25,58.0,10.173336666667213
2,b2c25,59.0,10.174088333333687
2,b2c25,60.0,10.171561666665365
2,b2c25,61.0,10.172908333333908
2,b2c25,62.0,10.173363333333207
2,b2c25,63.0,10.173174999999658
2,b2c25,64.0,10.172860000001188
2,b2c25,65.0,10.173444999998901
2,b2c25,66.0,10.172920000000158
2,b2c25,67.0,10.173028333333786
2,b2c25,68.0,10.175411666667788
2,b2c25,69.0,10.17258833333423
2,b2c25,70.0,10.175423333334038
2,b2c25,71.0,10.173383333334156
2,b2c25,72.0,10.172571666666773
2,b2c25,73.0,10.173004999999344
2,b2c25,74.0,10.173621666666198
2,b2c25,75.0,10.172849999998773
2,b2c25,76.0,10.173094999999739
2,b2c25,77.0,10.172348333332533
2,b2c25,78.0,10.173348333333463
2,b2c25,79.0,10.171614999999292
2,b2c25,80.0,10.17202666666708
2,b2c25,81.0,10.17157166666778
2,b2c25,82.0,10.172529999999096
2,b2c25,83.0,10.171420000000701
2,b2c25,84.0,10.173223333332377
2,b2c25,85.0,10.173288333332554
2,b2c25,86.0,10.172204999998211
2,b2c25,87.0,10.174104999999205
2,b2c25,88.0,10.174360000000645
2,b2c25,89.0,10.173225000000093
2,b2c25,90.0,10.173048333334737
2,b2c25,91.0,10.171948333332937
2,b2c25,92.0,10.172550000000047
2,b2c25,93.0,10.173103333334439
2,b2c25,94.0,10.17375999999931
2,b2c25,95.0,10.173216666665393
2,b2c25,96.0,10.173938333334323
2,b2c25,97.0,10.172463333333145
2,b2c25,98.0,10.172961666665893
2,b2c25,99.0,10.172335000000507
2,b2c25,100.0,10.172024999999364
2,b2c26,10.0,10.176635000000049
2,b2c26,11.0,10.257956666666724
2,b2c26,12.0,10.177143333333273
2,b2c26,13.0,10.178854999999992
2,b2c26,14.0,10.256130000000121
2,b2c26,15.0,10.255714999999812
2,b2c26,16.0,10.17636500000032
2,b2c26,17.0,10.179759999999563
2,b2c26,18.0,10.18159666666664
2,b2c26,19.0,10.17968166666639
2,b2c26,20.0,10.177611666667023
2,b2c26,21.0,10.176671666667001
2,b2c26,22.0,10.177438333333217
2,b2c26,23.0,10.256278333333709
2,b2c26,24.0,10.175045000000198
2,b2c26,25.0,10.174088333333202
2,b2c26,26.0,10.25424333333358
2,b2c26,27.0,10.1762916666669
2,b2c26,28.0,10.17582666666664
2,b2c26,29.0,10.175531666666696
2,b2c26,30.0,10.174988333333264
2,b2c26,31.0,10.177568333333571
2,b2c26,32.0,10.256539999999708
2,b2c26,33.0,10.256266666666487
2,b2c26,34.0,10.258301666666618
2,b2c26,35.0,10.17591666666655
2,b2c26,36.0,10.257018333333447
2,b2c26,37.0,10.253979999999865
2,b2c26,38.0,10.256445000000046
2,b2c26,39.0,10.174525000000237
2,b2c26,40.0,10.174478333333294
2,b2c26,41.0,10.176760000000165
2,b2c26,42.0,10.254499999999826
2,b2c26,43.0,10.25778500000015
2,b2c26,44.0,10.256276666666963
2,b2c26,45.0,10.256388333333598
2,b2c26,46.0,10.175450000000032
2,b2c26,47.0,10.255058333333
2,b2c26,48.0,10.25437666666694
2,b2c26,49.0,10.25587166666713
2,b2c26,50.0,10.174780000000222
2,b2c26,51.0,3933.121078333333
2,b2c26,52.0,10.17824833333337
2,b2c26,53.0,10.19324000000003
2,b2c26,54.0,10.176101666667575
2,b2c26,55.0,10.191901666667157
2,b2c26,56.0,10.17358499999973
2,b2c26,57.0,10.182609999998627
2,b2c26,58.0,10.180055000000477
2,b2c26,59.0,10.17746333333392
2,b2c26,60.0,10.184940000000642
2,b2c26,61.0,10.1778299999986
2,b2c26,62.0,10.175586666665428
2,b2c26,63.0,10.17460166666618
2,b2c26,64.0,10.174205000000075
2,b2c26,65.0,10.1775749999991
2,b2c26,66.0,10.175264999999975
2,b2c26,67.0,10.178863333332508
2,b2c26,68.0,10.179099999998774
2,b2c26,69.0,10.174963333333531
2,b2c26,70.0,10.176471666665748
2,b2c26,71.0,10.176626666668259
2,b2c26,72.0,10.175136666665397
2,b2c26,73.0,10.175713333334231
2,b2c26,74.0,10.184269999999863
2,b2c26,75.0,10.177596666667766
2,b2c26,76.0,10.17568166666509
2,b2c26,77.0,10.177658333332511
2,b2c26,78.0,10.188896666667036
2,b2c26,79.0,10.18016999999915
2,b2c26,80.0,10.176921666667718
2,b2c26,81.0,10.175271666666958
2,b2c26,82.0,10.17894166666665
2,b2c26,83.0,10.176835000000816
2,b2c26,84.0,10.173978333334283
2,b2c26,85.0,10.177046666664925
2,b2c26,86.0,10.256410000001779
2,b2c26,87.0,10.25413333333369
2,b2c26,88.0,10.173798333333496
2,b2c26,89.0,10.175324999998944
2,b2c26,90.0,10.178698333333402
2,b2c26,91.0,10.17641500000027
2,b2c26,92.0,10.175841666666868
2,b2c26,93.0,10.172804999999547
2,b2c26,94.0,10.176854999999826
2,b2c26,95.0,10.174436666665134
2,b2c26,96.0,10.175874999999845
2,b2c26,97.0,10.175188333333548
2,b2c26,98.0,10.174136666666406
2,b2c26,99.0,10.174938333333314
2,b2c26,100.0,10.177054999999624
2,b2c27,10.0,10.17448666666678
2,b2c27,11.0,10.17469333333332
2,b2c27,12.0,10.173948333333344
2,b2c27,13.0,10.174568333333204
2,b2c27,14.0,10.174424999999852
2,b2c27,15.0,10.174074999999721
2,b2c27,16.0,10.174611666666655
2,b2c27,17.0,10.174466666666557
2,b2c27,18.0,10.174585000000176
2,b2c27,19.0,10.17856333333378
2,b2c27,20.0,10.174953333333058
2,b2c27,21.0,10.174498333333274
2,b2c27,22.0,10.174793333333218
2,b2c27,23.0,10.17439666666663
2,b2c27,24.0,10.17518333333331
2,b2c27,25.0,10.17495666666655
2,b2c27,26.0,10.174609999999909
2,b2c27,27.0,10.174788333333465
2,b2c27,28.0,10.174893333333603
2,b2c27,29.0,10.174876666666629
2,b2c27,30.0,10.174385000000377
2,b2c27,31.0,10.17500166666626
2,b2c27,32.0,10.174786666666721
2,b2c27,33.0,10.174634999999641
2,b2c27,34.0,10.175169999999829
2,b2c27,35.0,10.174230000000291
2,b2c27,36.0,10.175185000000056
2,b2c27,37.0,10.175404999999834
2,b2c27,38.0,10.174721666666544
2,b2c27,39.0,10.174539999999979
2,b2c27,40.0,10.175598333333134
2,b2c27,41.0,10.174746666666275
2,b2c27,42.0,10.174991666666756
2,b2c27,43.0,10.17421666666681
2,b2c27,44.0,10.175363333333614
2,b2c27,45.0,10.175001666666747
2,b2c27,46.0,10.174801666666948
2,b2c27,47.0,10.174849999999667
2,b2c27,48.0,10.174766666667226
2,b2c27,49.0,10.175145000000096
2,b2c27,50.0,10.174695000000066
2,b2c27,51.0,10.175241666666503
2,b2c27,52.0,10.17329833333497
2,b2c27,53.0,10.173966666668033
2,b2c27,54.0,10.175596666665903
2,b2c27,55.0,10.174848333332921
2,b2c27,56.0,10.17482499999848
2,b2c27,57.0,10.175073333332936
2,b2c27,58.0,10.17521166666605
2,b2c27,59.0,10.175291666665968
2,b2c27,60.0,10.174239999998827
2,b2c27,61.0,10.174941666666806
2,b2c27,62.0,10.174455000000307
2,b2c27,63.0,10.174578333331738
2,b2c27,64.0,10.174376666666165
2,b2c27,65.0,10.174678333334548
2,b2c27,66.0,10.174596666664971
2,b2c27,67.0,10.174079999998987
2,b2c27,68.0,10.174173333332874
2,b2c27,69.0,10.174191666666108
2,b2c27,70.0,10.175041666667676
2,b2c27,71.0,10.174669999999848
2,b2c27,72.0,10.173244999999103
2,b2c27,73.0,10.173471666666835
2,b2c27,74.0,10.172933333334125
2,b2c27,75.0,10.173540000000504
2,b2c27,76.0,10.174709999999807
2,b2c27,77.0,10.173935000000832
2,b2c27,78.0,10.173834999999963
2,b2c27,79.0,10.175780000000183
2,b2c27,80.0,10.174591666665703
2,b2c27,81.0,10.174760000000242
2,b2c27,82.0,10.17463333333338
2,b2c27,83.0,10.174241666666543
2,b2c27,84.0,10.175256666665275
2,b2c27,85.0,10.174970000000515
2,b2c27,86.0,10.174331666666937
2,b2c27,87.0,10.175231666666999
2,b2c27,88.0,10.175519999999475
2,b2c27,89.0,10.175231666666999
2,b2c27,90.0,10.175741666666
2,b2c27,91.0,10.174013333333034
2,b2c27,92.0,10.174219999999817
2,b2c27,93.0,10.173961666666825
2,b2c27,94.0,10.174264999999044
2,b2c27,95.0,10.174131666667138
2,b2c27,96.0,10.174481666666301
2,b2c27,97.0,10.174783333332744
2,b2c27,98.0,10.174444999999832
2,b2c27,99.0,10.173924999998416
2,b2c27,100.0,10.174634999999155
2,b2c28,10.0,10.17280166666654
2,b2c28,11.0,10.172668333333423
2,b2c28,12.0,10.173128333333201
2,b2c28,13.0,10.172560000000036
2,b2c28,14.0,10.17287166666647
2,b2c28,15.0,10.174465000000298
2,b2c28,16.0,10.17320000000036
2,b2c28,17.0,10.175165000000076
2,b2c28,18.0,10.173508333333302
2,b2c28,19.0,10.173163333333408
2,b2c28,20.0,10.172921666666419
2,b2c28,21.0,10.17308666666698
2,b2c28,22.0,10.17298499999985
2,b2c28,23.0,10.173613333333439
2,b2c28,24.0,10.172970000000108
2,b2c28,25.0,10.172646666666454
2,b2c28,26.0,10.17306833333326
2,b2c28,27.0,10.173426666666638
2,b2c28,28.0,10.17296499999987
2,b2c28,29.0,10.172843333333246
2,b2c28,30.0,10.172805000000032
2,b2c28,31.0,10.173285000000032
2,b2c28,32.0,10.17246499999989
2,b2c28,33.0,10.17275000000033
2,b2c28,34.0,10.173245000000072
2,b2c28,35.0,10.173271666666551
2,b2c28,36.0,10.175226666666761
2,b2c28,37.0,10.172759999999835
2,b2c28,38.0,10.17244499999991
2,b2c28,39.0,10.172143333333468
2,b2c28,40.0,10.172866666666717
2,b2c28,41.0,10.172585000000254
2,b2c28,42.0,10.172278333333088
2,b2c28,43.0,10.17203833333333
2,b2c28,44.0,10.172639999999955
2,b2c28,45.0,10.173398333332928
2,b2c28,46.0,10.174216666667295
2,b2c28,47.0,10.173343333334197
2,b2c28,48.0,10.173208333333605
2,b2c28,49.0,3933.7361466666666
2,b2c28,50.0,10.173331666666975
2,b2c28,51.0,10.174354999999439
2,b2c28,52.0,10.175065000000178
2,b2c28,53.0,10.173386666667648
2,b2c28,54.0,10.173639999999432
2,b2c28,55.0,10.17369666666491
2,b2c28,56.0,10.173448333332393
2,b2c28,57.0,10.17404333333252
2,b2c28,58.0,10.17329000000027
2,b2c28,59.0,10.172746666666352
2,b2c28,60.0,10.172996666666586
2,b2c28,61.0,10.173071666665297
2,b2c28,62.0,10.174638333332647
2,b2c28,63.0,10.172954999998911
2,b2c28,64.0,10.173025000000296
2,b2c28,65.0,10.172369999999258
2,b2c28,66.0,10.17329833333303
2,b2c28,67.0,10.17262833333225
2,b2c28,68.0,10.172745000000578
2,b2c28,69.0,10.173288333334494
2,b2c28,70.0,10.173818333332504
2,b2c28,71.0,10.175121666667595
2,b2c28,72.0,10.171025000000373
2,b2c28,73.0,10.175423333332098
2,b2c28,74.0,10.17465333333433
2,b2c28,75.0,10.17466499999864
2,b2c28,76.0,10.17460166666618
2,b2c28,77.0,10.173319999999755
2,b2c28,78.0,10.173973333333075
2,b2c28,79.0,10.173943333333591
2,b2c28,80.0,10.17351333333257
2,b2c28,81.0,10.173873333334146
2,b2c28,82.0,10.17312999999849
2,b2c28,83.0,10.173260000000786
2,b2c28,84.0,10.173571666665763
2,b2c28,85.0,10.172339999999773
2,b2c28,86.0,10.173239999999835
2,b2c28,87.0,10.172768333333078
2,b2c28,88.0,10.173418333332908
2,b2c28,89.0,10.173913333332166
2,b2c28,90.0,10.173358333333939
2,b2c28,91.0,10.173370000000189
2,b2c28,92.0,10.173811666667461
2,b2c28,93.0,10.173978333334283
2,b2c28,94.0,10.174236666667275
2,b2c28,95.0,10.174020000000018
2,b2c28,96.0,10.17433500000043
2,b2c28,97.0,10.174441666666342
2,b2c28,98.0,10.174383333333147
2,b2c28,99.0,10.175119999999879
2,b2c28,100.0,10.174231666666067
2,b2c29,10.0,10.173658333333394
2,b2c29,11.0,10.173204999999871
2,b2c29,12.0,10.17290499999993
2,b2c29,13.0,10.17308499999975
2,b2c29,14.0,10.172305000000051
2,b2c29,15.0,10.172721666666622
2,b2c29,16.0,10.172701666666642
2,b2c29,17.0,10.173235000000084
2,b2c29,18.0,10.172388333333462
2,b2c29,19.0,10.173864999999932
2,b2c29,20.0,10.173611666666693
2,b2c29,21.0,10.17401000000003
2,b2c29,22.0,10.174026666666517
2,b2c29,23.0,10.175125000000117
2,b2c29,24.0,10.173370000000189
2,b2c29,25.0,10.17311833333321
2,b2c29,26.0,10.172683333333406
2,b2c29,27.0,10.172783333333307
2,b2c29,28.0,10.173143333333428
2,b2c29,29.0,10.173681666666623
2,b2c29,30.0,10.172820000000259
2,b2c29,31.0,10.172701666666642
2,b2c29,32.0,10.172436666666666
2,b2c29,33.0,10.172166666666453
2,b2c29,34.0,10.172255000000101
2,b2c29,35.0,10.172708333333139
2,b2c29,36.0,10.17356499999975
2,b2c29,37.0,10.173566666666495
2,b2c29,38.0,10.173510000000048
2,b2c29,39.0,10.173765000000033
2,b2c29,40.0,10.172798333333049
2,b2c29,41.0,10.172880000000198
2,b2c29,42.0,10.172954999999881
2,b2c29,43.0,10.173469999999604
2,b2c29,44.0,10.174334999999944
2,b2c29,45.0,10.172766666666332
2,b2c29,46.0,10.172481666666378
2,b2c29,47.0,10.172251666666124
2,b2c29,48.0,10.173403333333166
2,b2c29,49.0,10.171624999999768
2,b2c29,50.0,10.172191666667155
2,b2c29,51.0,10.172890000000674
2,b2c29,52.0,10.172809999998814
2,b2c29,53.0,10.171531666667821
2,b2c29,54.0,10.174658333333598
2,b2c29,55.0,10.174166666667832
2,b2c29,56.0,10.174078333335153
2,b2c29,57.0,10.171669999998993
2,b2c29,58.0,10.172186666666919
2,b2c29,59.0,10.172498333331896
2,b2c29,60.0,10.172274999999596
2,b2c29,61.0,10.172613333332508
2,b2c29,62.0,10.174443333332116
2,b2c29,63.0,10.173941666667815
2,b2c29,64.0,10.173853333333197
2,b2c29,65.0,10.174621666667129
2,b2c29,66.0,10.174256666668224
2,b2c29,67.0,10.174024999999286
2,b2c29,68.0,10.174636666666872
2,b2c29,69.0,10.173239999999835
2,b2c29,70.0,10.173150000001382
2,b2c29,71.0,10.172708333332169
2,b2c29,72.0,10.171636666667958
2,b2c29,73.0,10.173358333333939
2,b2c29,74.0,10.172245000000112
2,b2c29,75.0,10.172033333332122
2,b2c29,76.0,10.172838333332523
2,b2c29,77.0,10.17353333333352
2,b2c29,78.0,10.173170000000392
2,b2c29,79.0,10.174029999998554
2,b2c29,80.0,10.172683333333891
2,b2c29,81.0,10.174568333333204
2,b2c29,82.0,10.172308333334513
2,b2c29,83.0,10.173296666667254
2,b2c29,84.0,10.173646666666416
2,b2c29,85.0,10.173083333333489
2,b2c29,86.0,10.173093333332023
2,b2c29,87.0,10.171636666666018
2,b2c29,88.0,10.172085000000273
2,b2c29,89.0,10.172379999999732
2,b2c29,90.0,10.173488333334292
2,b2c29,91.0,10.172453333332669
2,b2c29,92.0,10.171969999999662
2,b2c29,93.0,10.172915000000891
2,b2c29,94.0,10.172581666667247
2,b2c29,95.0,10.17252499999983
2,b2c29,96.0,10.172418333331978
2,b2c29,97.0,10.17260833333324
2,b2c29,98.0,10.172738333333594
2,b2c29,99.0,10.172936666665676
2,b2c29,100.0,10.172513333333578
2,b2c30,10.0,10.178696666666657
2,b2c30,11.0,10.180795000000217
2,b2c30,12.0,10.177933333333446
2,b2c30,13.0,10.256803333333421
2,b2c30,14.0,10.176373333333565
2,b2c30,15.0,10.25757666666662
2,b2c30,16.0,10.177380000000024
2,b2c30,17.0,10.176493333333443
2,b2c30,18.0,10.17796166666667
2,b2c30,19.0,10.182446666666753
2,b2c30,20.0,10.179321666666754
2,b2c30,21.0,10.176078333333134
2,b2c30,22.0,10.17863166666648
2,b2c30,23.0,10.257306666666409
2,b2c30,24.0,10.179501666666571
2,b2c30,25.0,10.1750999999999
2,b2c30,26.0,10.256878333333104
2,b2c30,27.0,10.175205000000036
2,b2c30,28.0,10.175121666666625
2,b2c30,29.0,10.1748066666667
2,b2c30,30.0,10.183636666666523
2,b2c30,31.0,10.255895000000116
2,b2c30,32.0,10.17589500000031
2,b2c30,33.0,10.17736166666679
2,b2c30,34.0,10.174919999999595
2,b2c30,35.0,10.256708333333275
2,b2c30,36.0,10.256936666666782
2,b2c30,37.0,10.1751549999996
2,b2c30,38.0,10.17901166666658
2,b2c30,39.0,10.255998333333022
2,b2c30,40.0,10.17535666666663
2,b2c30,41.0,10.25575333333351
2,b2c30,42.0,10.255876666666397
2,b2c30,43.0,10.176541666666648
2,b2c30,44.0,10.175268333333467
2,b2c30,45.0,10.256600000000132
2,b2c30,46.0,10.176704999999977
2,b2c30,47.0,10.179339999999987
2,b2c30,48.0,10.183083333334071
2,b2c30,49.0,10.184725000000132
2,b2c30,50.0,10.257739999999952
2,b2c30,51.0,10.256001666666513
2,b2c30,52.0,3933.4007583333337
2,b2c30,53.0,10.179220000000592
2,b2c30,54.0,10.181469999999779
2,b2c30,55.0,10.181840000000859
2,b2c30,56.0,10.174958333334265
2,b2c30,57.0,10.180498333333526
2,b2c30,58.0,10.257084999999885
2,b2c30,59.0,10.183655000000726
2,b2c30,60.0,10.255838333332212
2,b2c30,61.0,10.25593499999959
2,b2c30,62.0,10.255338333333688
2,b2c30,63.0,10.25442833333315
2,b2c30,64.0,10.176106666666843
2,b2c30,65.0,10.18270499999829
2,b2c30,66.0,10.174818333333436
2,b2c30,67.0,10.174940000001031
2,b2c30,68.0,10.176148333332579
2,b2c30,69.0,10.179601666666956
2,b2c30,70.0,10.180888333332648
2,b2c30,71.0,10.174283333332278
2,b2c30,72.0,10.257519999998234
2,b2c30,73.0,10.254576666666738
2,b2c30,74.0,10.255074999999488
2,b2c30,75.0,10.176556666666874
2,b2c30,76.0,10.182496666667673
2,b2c30,77.0,10.17920500000085
2,b2c30,78.0,10.18003833333302
2,b2c30,79.0,10.175924999998339
2,b2c30,80.0,10.257141666665364
2,b2c30,81.0,10.178654999999951
2,b2c30,82.0,10.258053333333615
2,b2c30,83.0,10.182365000001543
2,b2c30,84.0,10.175689999999788
2,b2c30,85.0,10.255088333333454
2,b2c30,86.0,10.2546633333317
2,b2c30,87.0,10.174901666666846
2,b2c30,88.0,10.1739716666673
2,b2c30,89.0,10.175168333334538
2,b2c30,90.0,10.178671666665469
2,b2c30,91.0,10.187230000000758
2,b2c30,92.0,10.178386666668423
2,b2c30,93.0,10.176958333334188
2,b2c30,94.0,10.17608000000085
2,b2c30,95.0,10.174066666665022
2,b2c30,96.0,10.176781666664949
2,b2c30,97.0,10.177843333332566
2,b2c30,98.0,10.180756666668458
2,b2c30,99.0,10.176411666666779
2,b2c30,100.0,10.175660000000304
2,b2c31,10.0,10.256875000000097
2,b2c31,11.0,10.181279999999969
2,b2c31,12.0,10.254243333333337
2,b2c31,13.0,10.256475000000016
2,b2c31,14.0,10.177026666666885
2,b2c31,15.0,10.177019999999903
2,b2c31,16.0,10.174829999999686
2,b2c31,17.0,10.175486666666984
2,b2c31,18.0,10.17742166666673
2,b2c31,19.0,10.176678333333014
2,b2c31,20.0,10.175651666666575
2,b2c31,21.0,10.253915000000173
2,b2c31,22.0,10.176284999999917
2,b2c31,23.0,10.172986666666596
2,b2c31,24.0,10.173641666666663
2,b2c31,25.0,10.174528333333244
2,b2c31,26.0,10.17546000000002
2,b2c31,27.0,10.174341666666926
2,b2c31,28.0,10.175789999999688
2,b2c31,29.0,10.176423333333029
2,b2c31,30.0,10.182438333333023
2,b2c31,31.0,10.185393333333195
2,b2c31,32.0,10.253526666666827
2,b2c31,33.0,10.17814499999998
2,b2c31,34.0,10.174608333333163
2,b2c31,35.0,10.25578999999998
2,b2c31,36.0,10.178503333333357
2,b2c31,37.0,10.256961666666514
2,b2c31,38.0,10.189893333333021
2,b2c31,39.0,10.182200000000012
2,b2c31,40.0,10.177206666666704
2,b2c31,41.0,10.18043333333335
2,b2c31,42.0,10.180246666666546
2,b2c31,43.0,10.18075166666628
2,b2c31,44.0,10.179613333333206
2,b2c31,45.0,10.256823333333402
2,b2c31,46.0,10.181733333333492
2,b2c31,47.0,10.182069999999658
2,b2c31,48.0,10.257181666667263
2,b2c31,49.0,10.175826666666156
2,b2c31,50.0,10.177301666666365
2,b2c31,51.0,10.177231666666922
2,b2c31,52.0,10.166629999999229
2,b2c31,53.0,10.181124999999884
2,b2c31,54.0,10.179768333333778
2,b2c31,55.0,10.255013333332803
2,b2c31,56.0,10.1739316666654
2,b2c31,57.0,10.173398333333898
2,b2c31,58.0,10.174946666666074
2,b2c31,59.0,10.255216666668032
2,b2c31,60.0,10.176259999999699
2,b2c31,61.0,10.174671666665624
2,b2c31,62.0,10.175500000000465
2,b2c31,63.0,10.256164999998873
2,b2c31,64.0,10.254523333334753
2,b2c31,65.0,10.176134999998613
2,b2c31,66.0,10.176010000001407
2,b2c31,67.0,10.179186666667617
2,b2c31,68.0,10.17650666666838
2,b2c31,69.0,10.178381666667216
2,b2c31,70.0,10.25524166666631
2,b2c31,71.0,10.256324999998712
2,b2c31,72.0,10.25670833333279
2,b2c31,73.0,10.177936666666453
2,b2c31,74.0,10.257211666666747
2,b2c31,75.0,10.176501666667173
2,b2c31,76.0,10.183245000000655
2,b2c31,77.0,10.17621166666698
2,b2c31,78.0,10.17686999999957
2,b2c31,79.0,10.180466666666325
2,b2c31,80.0,10.177826666665108
2,b2c31,81.0,10.17733166666779
2,b2c31,82.0,10.178928333334625
2,b2c31,83.0,10.185229999998894
2,b2c31,84.0,10.179398333333666
2,b2c31,85.0,10.17779000000058
2,b2c31,86.0,10.180718333332333
2,b2c31,87.0,10.175629999998879
2,b2c31,88.0,10.177775000000839
2,b2c31,89.0,10.25714666666657
2,b2c31,90.0,10.176501666665233
2,b2c31,91.0,10.173929999999624
2,b2c31,92.0,10.257450000000729
2,b2c31,93.0,10.257435000000987
2,b2c31,94.0,10.175235000000491
2,b2c31,95.0,10.176561666666142
2,b2c31,96.0,10.18298000000068
2,b2c31,97.0,10.185033333332589
2,b2c31,98.0,10.176848333332844
2,b2c31,99.0,10.184104999998818
2,b2c31,100.0,10.179201666665419
2,b2c32,10.0,10.04147166666662
2,b2c32,11.0,10.039519999999902
2,b2c32,12.0,10.04023500000015
2,b2c32,13.0,10.04049166666664
2,b2c32,14.0,10.039514999999907
2,b2c32,15.0,10.040033333333364
2,b2c32,16.0,10.039291666666637
2,b2c32,17.0,10.040199999999944
2,b2c32,18.0,10.03900833333343
2,b2c32,19.0,10.040153333333244
2,b2c32,20.0,10.04050166666663
2,b2c32,21.0,10.039590000000317
2,b2c32,22.0,10.040581666666549
2,b2c32,23.0,10.040586666666787
2,b2c32,24.0,10.04066499999996
2,b2c32,25.0,10.040316666666573
2,b2c32,26.0,10.040879999999985
2,b2c32,27.0,10.039676666666734
2,b2c32,28.0,10.04089833333322
2,b2c32,29.0,10.040674999999949
2,b2c32,30.0,10.0402383333334
2,b2c32,31.0,10.041318333333281
2,b2c32,32.0,10.04010500000004
2,b2c32,33.0,10.040795000000314
2,b2c32,34.0,10.041313333333528
2,b2c32,35.0,10.040596666666776
2,b2c32,36.0,10.03988333333303
2,b2c32,37.0,10.041464999999638
2,b2c32,38.0,10.039826666666583
2,b2c32,39.0,10.04011666666629
2,b2c32,40.0,10.040264999999879
2,b2c32,41.0,10.040758333333361
2,b2c32,42.0,10.04075499999987
2,b2c32,43.0,10.040300000000085
2,b2c32,44.0,10.039488333333187
2,b2c32,45.0,10.039691666666961
2,b2c32,46.0,10.040860000000006
2,b2c32,47.0,10.040213333333183
2,b2c32,48.0,10.040293333333587
2,b2c32,49.0,10.03928166666689
2,b2c32,50.0,10.040874999999748
2,b2c32,51.0,10.040238333332915
2,b2c32,52.0,10.04120333333364
2,b2c32,53.0,10.041213333333143
2,b2c32,54.0,10.040293333333102
2,b2c32,55.0,10.040018333333622
2,b2c32,56.0,10.039635000000029
2,b2c32,57.0,10.040343333333052
2,b2c32,58.0,10.039641666666528
2,b2c32,59.0,10.039848333333309
2,b2c32,60.0,10.03976833333339
2,b2c32,61.0,10.040243333333153
2,b2c32,62.0,10.040313333333566
2,b2c32,63.0,10.041024999999596
2,b2c32,64.0,10.041486666666849
2,b2c32,65.0,10.041095000000011
2,b2c32,66.0,10.041878333333687
2,b2c32,67.0,10.04242666666687
2,b2c32,68.0,10.041985000000569
2,b2c32,69.0,10.042399999999907
2,b2c32,70.0,10.04154166666752
2,b2c32,71.0,3933.4551883333334
2,b2c32,72.0,10.041873333333449
2,b2c32,73.0,10.04292500000059
2,b2c32,74.0,10.042478333333081
2,b2c32,75.0,10.041470000000361
2,b2c32,76.0,10.041895000000174
2,b2c32,77.0,10.04218333333459
2,b2c32,78.0,10.042438333334092
2,b2c32,79.0,10.042336666667445
2,b2c32,80.0,10.041741666667319
2,b2c32,81.0,10.042055000000012
2,b2c32,82.0,10.040784999999838
2,b2c32,83.0,10.042118333334413
2,b2c32,84.0,10.041710000000117
2,b2c32,85.0,10.041554999999546
2,b2c32,86.0,10.042214999999851
2,b2c32,87.0,10.041360000000957
2,b2c32,88.0,10.041421666665702
2,b2c32,89.0,10.04212333333368
2,b2c32,90.0,10.04190833333414
2,b2c32,91.0,10.041571666665066
2,b2c32,92.0,10.04216333333364
2,b2c32,93.0,10.041875000001165
2,b2c32,94.0,10.042430000001332
2,b2c32,95.0,10.040958333333643
2,b2c32,96.0,10.042018333333544
2,b2c32,97.0,10.041534999998596
2,b2c32,98.0,10.041609999999249
2,b2c32,99.0,10.041366666665999
2,b2c32,100.0,10.042115000000923
2,b2c33,10.0,10.038670000000032
2,b2c33,11.0,10.040888333333472
2,b2c33,12.0,10.039909999999994
2,b2c33,13.0,10.038036666666692
2,b2c33,14.0,10.039830000000075
2,b2c33,15.0,10.041686666666646
2,b2c33,16.0,10.03973833333342
2,b2c33,17.0,10.03998166666667
2,b2c33,18.0,10.039219999999963
2,b2c33,19.0,10.040289999999853
2,b2c33,20.0,10.040701666666912
2,b2c33,21.0,10.040905000000203
2,b2c33,22.0,10.040823333333053
2,b2c33,23.0,10.040820000000046
2,b2c33,24.0,10.040436666666453
2,b2c33,25.0,10.040398333333238
2,b2c33,26.0,10.038564999999654
2,b2c33,27.0,10.039163333333272
2,b2c33,28.0,10.038814999999886
2,b2c33,29.0,10.039223333333211
2,b2c33,30.0,10.039095000000088
2,b2c33,31.0,10.040033333333364
2,b2c33,32.0,10.038543333333413
2,b2c33,33.0,10.039073333333363
2,b2c33,34.0,10.0377933333332
2,b2c33,35.0,10.038053333333421
2,b2c33,36.0,10.038235000000471
2,b2c33,37.0,10.038341666666868
2,b2c33,38.0,10.03954666666638
2,b2c33,39.0,10.039478333333197
2,b2c33,40.0,10.038893333333544
2,b2c33,41.0,10.03858666666638
2,b2c33,42.0,10.040661666666468
2,b2c33,43.0,10.038461666666747
2,b2c33,44.0,10.039724999999939
2,b2c33,45.0,10.03882333333313
2,b2c33,46.0,10.040835000000273
2,b2c33,47.0,10.038205000000016
2,b2c33,48.0,10.039210000000216
2,b2c33,49.0,10.039428333333246
2,b2c33,50.0,10.037505000000237
2,b2c33,51.0,10.041260000000086
2,b2c33,52.0,10.039481666666688
2,b2c33,53.0,10.040938333333663
2,b2c33,54.0,10.039758333332914
2,b2c33,55.0,10.038424999999794
2,b2c33,56.0,10.037773333333218
2,b2c33,57.0,10.041931666666642
2,b2c33,58.0,10.039133333333302
2,b2c33,59.0,10.038933333333018
2,b2c33,60.0,10.039683333333233
2,b2c33,61.0,10.038824999999877
2,b2c33,62.0,10.038861666666829
2,b2c33,63.0,10.03982999999959
2,b2c33,64.0,10.041600000000228
2,b2c33,65.0,10.056469999999779
2,b2c33,66.0,10.038489999999971
2,b2c33,67.0,10.04066499999996
2,b2c33,68.0,10.040156666666736
2,b2c33,69.0,10.038128333333104
2,b2c33,70.0,10.039191666666495
2,b2c33,71.0,10.037804999999935
2,b2c33,72.0,10.038243333333716
2,b2c33,73.0,10.03895500000023
2,b2c33,74.0,10.038803333333151
2,b2c33,75.0,10.040005000000626
2,b2c33,76.0,10.039103333332848
2,b2c33,77.0,10.039308333332883
2,b2c33,78.0,10.039403333332546
2,b2c33,79.0,10.037565000000177
2,b2c33,80.0,10.03675499999857
2,b2c33,81.0,10.037898333333821
2,b2c33,82.0,10.038479999999982
2,b2c33,83.0,10.039278333333398
2,b2c33,84.0,10.039645000000018
2,b2c33,85.0,10.039896666666028
2,b2c33,86.0,10.039323333332625
2,b2c33,87.0,10.040508333333612
2,b2c33,88.0,10.04182499999879
2,b2c33,89.0,10.039909999999994
2,b2c33,90.0,10.039313333332151
2,b2c33,91.0,10.039086666666359
2,b2c33,92.0,10.040016666665906
2,b2c33,93.0,10.039121666667052
2,b2c33,94.0,10.038461666666747
2,b2c33,95.0,10.039913333333486
2,b2c33,96.0,10.039071666666617
2,b2c33,97.0,10.038814999999401
2,b2c33,98.0,10.039326666666117
2,b2c33,99.0,10.040343333334507
2,b2c33,100.0,10.040643333333234
2,b2c34,10.0,10.039586666666825
2,b2c34,11.0,10.040095000000049
2,b2c34,12.0,10.040146666666745
2,b2c34,13.0,10.039398333333278
2,b2c34,14.0,10.03959500000007
2,b2c34,15.0,10.04036833333327
2,b2c34,16.0,10.0404783333334
2,b2c34,17.0,10.042814999999973
2,b2c34,18.0,10.042423333333378
2,b2c34,19.0,10.041938333333382
2,b2c34,20.0,10.042098333333222
2,b2c34,21.0,10.040186666666704
2,b2c34,22.0,10.041738333333342
2,b2c34,23.0,10.04160166666649
2,b2c34,24.0,10.041468333333615
2,b2c34,25.0,10.041811666666764
2,b2c34,26.0,10.03988166666677
2,b2c34,27.0,10.040373333333507
2,b2c34,28.0,10.039751666666415
2,b2c34,29.0,10.039721666666447
2,b2c34,30.0,10.040266666666623
2,b2c34,31.0,10.039128333333064
2,b2c34,32.0,10.041731666666843
2,b2c34,33.0,10.040598333333522
2,b2c34,34.0,10.039853333333546
2,b2c34,35.0,10.039814999999846
2,b2c34,36.0,10.039508333333167
2,b2c34,37.0,10.039721666666447
2,b2c34,38.0,10.040146666666745
2,b2c34,39.0,10.040300000000085
2,b2c34,40.0,10.039400000000024
2,b2c34,41.0,10.039744999999918
2,b2c34,42.0,10.039659999999762
2,b2c34,43.0,10.039708333332964
2,b2c34,44.0,10.040353333333526
2,b2c34,45.0,10.039481666666688
2,b2c34,46.0,10.040935000000172
2,b2c34,47.0,10.03996666666644
2,b2c34,48.0,10.040038333333117
2,b2c34,49.0,10.04090833333321
2,b2c34,50.0,10.040845000000264
2,b2c34,51.0,10.040341666666306
2,b2c34,52.0,10.039223333333211
2,b2c34,53.0,10.041708333333371
2,b2c34,54.0,10.040461666666669
2,b2c34,55.0,10.039893333333506
2,b2c34,56.0,10.040051666666598
2,b2c34,57.0,10.040286666666605
2,b2c34,58.0,10.039661666666992
2,b2c34,59.0,10.039453333332979
2,b2c34,60.0,10.039431666666738
2,b2c34,61.0,10.040011666666638
2,b2c34,62.0,10.041111666666499
2,b2c34,63.0,10.040101666666548
2,b2c34,64.0,10.040091666666559
2,b2c34,65.0,10.039503333333414
2,b2c34,66.0,10.043986666666266
2,b2c34,67.0,10.03959500000007
2,b2c34,68.0,10.039664999999998
2,b2c34,69.0,10.04134833333325
2,b2c34,70.0,10.040664999999475
2,b2c34,71.0,10.040706666666665
2,b2c34,72.0,10.041843333333963
2,b2c34,73.0,10.042500000000777
2,b2c34,74.0,10.040040000000348
2,b2c34,75.0,10.040169999999732
2,b2c34,76.0,10.03911833333356
2,b2c34,77.0,3934.1237716666665
2,b2c34,78.0,10.041166666667172
2,b2c34,79.0,10.039959999999459
2,b2c34,80.0,10.040046666666361
2,b2c34,81.0,10.041228333332887
2,b2c34,82.0,10.04038166666675
2,b2c34,83.0,10.040415000001667
2,b2c34,84.0,10.039304999999391
2,b2c34,85.0,10.039551666666133
2,b2c34,86.0,10.0429449999996
2,b2c34,87.0,10.039450000001429
2,b2c34,88.0,10.04015833333251
2,b2c34,89.0,10.040975000001103
2,b2c34,90.0,10.040241666665922
2,b2c34,91.0,10.041005000000586
2,b2c34,92.0,10.041068333333047
2,b2c34,93.0,10.040733333333629
2,b2c34,94.0,10.04125500000082
2,b2c34,95.0,10.04074833333337
2,b2c34,96.0,10.040968333334119
2,b2c34,97.0,10.040061666667073
2,b2c34,98.0,10.04001500000013
2,b2c34,99.0,10.039756666667138
2,b2c34,100.0,10.040456666665461
2,b2c35,10.0,8.058611666666305
2,b2c35,11.0,8.055061666666976
2,b2c35,12.0,8.059159999999974
2,b2c35,13.0,8.052691666666457
2,b2c35,14.0,8.061589999999947
2,b2c35,15.0,8.05768666666651
2,b2c35,16.0,8.062713333333765
2,b2c35,17.0,8.0771583333335
2,b2c35,18.0,8.063916666667016
2,b2c35,19.0,8.062201666666564
2,b2c35,20.0,8.066403333333437
2,b2c35,21.0,8.08251333333319
2,b2c35,22.0,8.05878500000011
2,b2c35,23.0,8.061591666666693
2,b2c35,24.0,8.06458500000008
2,b2c35,25.0,8.073048333333281
2,b2c35,26.0,8.061286666666758
2,b2c35,27.0,8.058764999999646
2,b2c35,28.0,8.06996833333348
2,b2c35,29.0,8.067216666667083
2,b2c35,30.0,8.074658333333597
2,b2c35,31.0,8.069141666666352
2,b2c35,32.0,8.075076666666913
2,b2c35,33.0,8.067666666666629
2,b2c35,34.0,8.08043333333335
2,b2c35,35.0,8.083101666666334
2,b2c35,36.0,8.065121666666528
2,b2c35,37.0,8.070818333333106
2,b2c35,38.0,8.075103333333391
2,b2c35,39.0,8.080234999999812
2,b2c35,40.0,8.08361166666679
2,b2c35,41.0,8.092975000000054
2,b2c35,42.0,8.075538333333194
2,b2c35,43.0,8.087848333333387
2,b2c35,44.0,8.080206666666587
2,b2c35,45.0,8.103889999999955
2,b2c35,46.0,8.09497333333323
2,b2c35,47.0,8.074291666666491
2,b2c35,48.0,8.08754166666622
2,b2c35,49.0,8.088021666666707
2,b2c35,50.0,8.096933333333194
2,b2c35,51.0,8.09792166666642
2,b2c35,52.0,8.085000000000097
2,b2c35,53.0,8.088488333333226
2,b2c35,54.0,8.09068333333368
2,b2c35,55.0,8.09194833333313
2,b2c35,56.0,8.091508333332603
2,b2c35,57.0,8.102471666666679
2,b2c35,58.0,8.107798333333145
2,b2c35,59.0,8.10253500000011
2,b2c35,60.0,8.10954666666706
2,b2c35,61.0,8.112054999999236
2,b2c35,62.0,8.098913333333137
2,b2c35,63.0,8.104921666666632
2,b2c35,64.0,8.113830000000114
2,b2c35,65.0,8.157600000000093
2,b2c35,66.0,8.121628333333259
2,b2c35,67.0,8.110028333333322
2,b2c35,68.0,8.102496666665926
2,b2c35,69.0,8.115508333333613
2,b2c35,70.0,8.122544999998839
2,b2c35,71.0,8.124096666666446
2,b2c35,72.0,8.11971500000024
2,b2c35,73.0,8.116545000001013
2,b2c35,74.0,8.106223333332066
2,b2c35,75.0,8.127054999999624
2,b2c35,76.0,8.120166666667986
2,b2c35,77.0,8.114271666666415
2,b2c35,78.0,8.112553333333926
2,b2c35,79.0,8.115161666666003
2,b2c35,80.0,8.118924999999582
2,b2c35,81.0,8.122611666666732
2,b2c35,82.0,8.126166666667753
2,b2c35,83.0,8.120908333332045
2,b2c35,84.0,8.12183500000004
2,b2c35,85.0,8.121498333334845
2,b2c35,86.0,8.119548333333418
2,b2c35,87.0,8.131216666667024
2,b2c35,88.0,8.124106666666922
2,b2c35,89.0,8.126125000000078
2,b2c35,90.0,8.142436666666375
2,b2c35,91.0,8.145936666665754
2,b2c35,92.0,8.13858833333167
2,b2c35,93.0,8.132225000000714
2,b2c35,94.0,8.139023333333899
2,b2c35,95.0,8.139958333334652
2,b2c35,96.0,8.146408333332511
2,b2c35,97.0,8.145553333333616
2,b2c35,98.0,8.14158500000097
2,b2c35,99.0,959.8723566666672
2,b2c35,100.0,8.16168666666684
2,b2c36,10.0,6.503149999999732
2,b2c36,11.0,6.519613333333594
2,b2c36,12.0,6.525639999999839
2,b2c36,13.0,6.503606666666746
2,b2c36,14.0,6.521786666666837
2,b2c36,15.0,6.5412483333333515
2,b2c36,16.0,6.567451666666602
2,b2c36,17.0,6.565444999999697
2,b2c36,18.0,6.558536666666623
2,b2c36,19.0,6.564015000000169
2,b2c36,20.0,6.561966666666558
2,b2c36,21.0,6.584488333333381
2,b2c36,22.0,6.599198333333091
2,b2c36,23.0,6.578013333333365
2,b2c36,24.0,6.582018333333448
2,b2c36,25.0,6.619020000000213
2,b2c36,26.0,6.606866666666368
2,b2c36,27.0,6.634583333333527
2,b2c36,28.0,6.606286666666468
2,b2c36,29.0,6.616673333333165
2,b2c36,30.0,6.630531666666502
2,b2c36,31.0,6.651166666666298
2,b2c36,32.0,6.650651666666575
2,b2c36,33.0,6.64515333333305
2,b2c36,34.0,6.650899999999577
2,b2c36,35.0,6.6622483333335065
2,b2c36,36.0,6.675486666666499
2,b2c36,37.0,6.69022833333341
2,b2c36,38.0,6.67553999999994
2,b2c36,39.0,6.686213333333338
2,b2c36,40.0,6.703979999999865
2,b2c36,41.0,6.699438333333334
2,b2c36,42.0,6.71473999999968
2,b2c36,43.0,6.699304999999973
2,b2c36,44.0,6.705108333333434
2,b2c36,45.0,6.723585000000215
2,b2c36,46.0,6.732410000000285
2,b2c36,47.0,6.762220000000283
2,b2c36,48.0,6.738304999999915
2,b2c36,49.0,6.756400000000334
2,b2c36,50.0,6.772166666666938
2,b2c36,51.0,6.78008000000021
2,b2c36,52.0,6.804941666667097
2,b2c36,53.0,6.781671666666322
2,b2c36,54.0,6.791256666666595
2,b2c36,55.0,6.807315000000139
2,b2c36,56.0,6.836856666666669
2,b2c36,57.0,6.829323333333499
2,b2c36,58.0,6.850103333333391
2,b2c36,59.0,6.85583166666717
2,b2c36,60.0,6.864036666666895
2,b2c36,61.0,6.876596666666834
2,b2c36,62.0,6.8851333333334575
2,b2c36,63.0,6.899503333333996
2,b2c36,64.0,6.906690000000526
2,b2c36,65.0,6.925051666667181
2,b2c36,66.0,6.925946666667005
2,b2c36,67.0,6.939185000000482
2,b2c36,68.0,6.947971666666368
2,b2c36,69.0,6.888098333333619
2,b2c36,70.0,6.857643333333544
2,b2c36,71.0,6.841556666666293
2,b2c36,72.0,6.862600000000869
2,b2c36,73.0,6.877838333333299
2,b2c36,74.0,6.875529999999951
2,b2c36,75.0,6.888068333334134
2,b2c36,76.0,6.860855000000447
2,b2c36,77.0,6.8763149999994
2,b2c36,78.0,6.893858333333628
2,b2c36,79.0,6.910578333332281
2,b2c36,80.0,6.915830000001006
2,b2c36,81.0,6.915011666666639
2,b2c36,82.0,6.898123333331508
2,b2c36,83.0,6.918153333332157
2,b2c36,84.0,6.951031666666192
2,b2c36,85.0,6.969975000000947
2,b2c36,86.0,6.950011666668191
2,b2c36,87.0,6.956514999999976
2,b2c36,88.0,6.971815000001031
2,b2c36,89.0,6.995596666667067
2,b2c36,90.0,6.9875233333325015
2,b2c36,91.0,7.001015000000674
2,b2c36,92.0,7.002559999999358
2,b2c36,93.0,7.03126999999901
2,b2c36,94.0,7.023904999999407
2,b2c36,95.0,7.058336666666825
2,b2c36,96.0,7.065583333334264
2,b2c36,97.0,7.036258333333535
2,b2c36,98.0,7.062118333333638
2,b2c36,99.0,960.2771749999995
2,b2c36,100.0,7.018679999998615
2,b2c37,10.0,13.504240000000088
2,b2c37,11.0,13.50397166666662
2,b2c37,12.0,13.504296666666535
2,b2c37,13.0,13.503959999999886
2,b2c37,14.0,13.504733333333085
2,b2c37,15.0,13.504143333333195
2,b2c37,16.0,13.504173333333165
2,b2c37,17.0,13.504109999999734
2,b2c37,18.0,13.504425000000143
2,b2c37,19.0,13.504680000000128
2,b2c37,20.0,13.504923333333378
2,b2c37,21.0,13.50464166666643
2,b2c37,22.0,13.504805000000244
2,b2c37,23.0,13.5042233333336
2,b2c37,24.0,13.503861666666731
2,b2c37,25.0,13.50415333333367
2,b2c37,26.0,13.504381666666692
2,b2c37,27.0,13.504441666666631
2,b2c37,28.0,13.503988333333108
2,b2c37,29.0,13.504203333333134
2,b2c37,30.0,13.503899999999947
2,b2c37,31.0,13.504425000000143
2,b2c37,32.0,13.504066666666768
2,b2c37,33.0,13.504416666666414
2,b2c37,34.0,13.503919999999926
2,b2c37,35.0,13.50391666666692
2,b2c37,36.0,13.50384666666699
2,b2c37,37.0,13.503993333333346
2,b2c37,38.0,13.50435833333322
2,b2c37,39.0,13.503909999999935
2,b2c37,40.0,13.504385000000184
2,b2c37,41.0,13.503999999999845
2,b2c37,42.0,13.50465166666642
2,b2c37,43.0,13.504599999999725
2,b2c37,44.0,13.50412166666647
2,b2c37,45.0,13.503979999999865
2,b2c37,46.0,13.504988333332586
2,b2c37,47.0,13.503891666666217
2,b2c37,48.0,13.504625000000427
2,b2c37,49.0,13.50424499999984
2,b2c37,50.0,13.503996666666353
2,b2c37,51.0,13.504273333332579
2,b2c37,52.0,13.504778333334253
2,b2c37,53.0,13.504113333334681
2,b2c37,54.0,13.504111666666965
2,b2c37,55.0,13.504040000001744
2,b2c37,56.0,13.504896666666415
2,b2c37,57.0,13.5038983333332
2,b2c37,58.0,13.505255000000277
2,b2c37,59.0,13.504163333333175
2,b2c37,60.0,13.504373333333449
2,b2c37,61.0,13.503771666666337
2,b2c37,62.0,13.503848333332765
2,b2c37,63.0,13.504018333333079
2,b2c37,64.0,13.504491666667551
2,b2c37,65.0,13.503985000000103
2,b2c37,66.0,13.504603333332732
2,b2c37,67.0,13.504565000000488
2,b2c37,68.0,13.50422499999986
2,b2c37,69.0,13.503999999999845
2,b2c37,70.0,13.504423333333882
2,b2c37,71.0,13.503693333334134
2,b2c37,72.0,13.504383333333923
2,b2c37,73.0,13.504093333333731
2,b2c37,74.0,13.504130000000199
2,b2c37,75.0,13.504813333334944
2,b2c37,76.0,13.504348333333231
2,b2c37,77.0,13.504891666667147
2,b2c37,78.0,13.504521666667037
2,b2c37,79.0,13.504921666666633
2,b2c37,80.0,13.504618333332473
2,b2c37,81.0,13.504088333332524
2,b2c37,82.0,13.503875000000699
2,b2c37,83.0,13.504223333334085
2,b2c37,84.0,13.50401333333381
2,b2c37,85.0,13.504535000001002
2,b2c37,86.0,13.504065000000022
2,b2c37,87.0,13.504766666666061
2,b2c37,88.0,13.504110000001189
2,b2c37,89.0,13.503888333332725
2,b2c37,90.0,13.504351666666723
2,b2c37,91.0,13.50409000000024
2,b2c37,92.0,13.504263333334045
2,b2c37,93.0,13.50448833333406
2,b2c37,94.0,13.503613333334215
2,b2c37,95.0,13.504240000001543
2,b2c37,96.0,13.503681666667884
2,b2c37,97.0,13.504623333333681
2,b2c37,98.0,13.50457166666747
2,b2c37,99.0,13.503853333333973
2,b2c37,100.0,480.3559083333336
2,b2c38,10.0,10.170170000000022
2,b2c38,11.0,10.170084999999865
2,b2c38,12.0,10.169893333333311
2,b2c38,13.0,10.170211666666727
2,b2c38,14.0,10.169480000000233
2,b2c38,15.0,10.169703333333018
2,b2c38,16.0,10.170259999999931
2,b2c38,17.0,10.169345000000128
2,b2c38,18.0,10.169723333332998
2,b2c38,19.0,10.169718333333245
2,b2c38,20.0,10.170030000000164
2,b2c38,21.0,10.169711666666748
2,b2c38,22.0,10.170371666666567
2,b2c38,23.0,10.169774999999694
2,b2c38,24.0,10.170308333333136
2,b2c38,25.0,10.169940000000254
2,b2c38,26.0,10.170089999999618
2,b2c38,27.0,10.169986666666228
2,b2c38,28.0,10.17061333333307
2,b2c38,29.0,10.169471666666505
2,b2c38,30.0,10.169643333333564
2,b2c38,31.0,10.170173333333514
2,b2c38,32.0,10.168896666666358
2,b2c38,33.0,10.16894166666704
2,b2c38,34.0,10.168529999999738
2,b2c38,35.0,10.169408333333559
2,b2c38,36.0,10.170026666666672
2,b2c38,37.0,10.170593333333091
2,b2c38,38.0,10.170556666666622
2,b2c38,39.0,10.169140000000091
2,b2c38,40.0,10.170655000000261
2,b2c38,41.0,10.169828333333134
2,b2c38,42.0,10.086408333333384
2,b2c38,43.0,10.170966666666693
2,b2c38,44.0,10.170256666666925
2,b2c38,45.0,10.170566666666613
2,b2c38,46.0,10.168723333333038
2,b2c38,47.0,10.170146666667035
2,b2c38,48.0,10.170468333333458
2,b2c38,49.0,10.16920000000003
2,b2c38,50.0,10.17147999999967
2,b2c38,51.0,10.170421666666517
2,b2c38,52.0,10.168085000000428
2,b2c38,53.0,10.170140000000053
2,b2c38,54.0,10.087586666666903
2,b2c38,55.0,10.170561666666375
2,b2c38,56.0,10.17081833333359
2,b2c38,57.0,10.170628333334268
2,b2c38,58.0,10.17127333333289
2,b2c38,59.0,10.169890000001761
2,b2c38,60.0,10.170416666666279
2,b2c38,61.0,10.169703333333988
2,b2c38,62.0,10.170278333333165
2,b2c38,63.0,10.169690000000022
2,b2c38,64.0,10.169185000000288
2,b2c38,65.0,10.169744999999724
2,b2c38,66.0,10.169454999999532
2,b2c38,67.0,10.169685000000754
2,b2c38,68.0,10.17005333333315
2,b2c38,69.0,10.170201666666738
2,b2c38,70.0,10.168156666665649
2,b2c38,71.0,10.168634999999389
2,b2c38,72.0,10.16841500000058
2,b2c38,73.0,10.169251666666241
2,b2c38,74.0,10.170916666666745
2,b2c38,75.0,10.16832333333441
2,b2c38,76.0,10.171046666667099
2,b2c38,77.0,10.169588333333376
2,b2c38,78.0,10.169824999999642
2,b2c38,79.0,10.169138333333345
2,b2c38,80.0,10.17009333333311
2,b2c38,81.0,10.169253333333957
2,b2c38,82.0,10.169966666666248
2,b2c38,83.0,10.169704999999764
2,b2c38,84.0,10.16934000000086
2,b2c38,85.0,10.17048833333344
2,b2c38,86.0,10.169531666665959
2,b2c38,87.0,10.169605000000836
2,b2c38,88.0,10.170655000000261
2,b2c38,89.0,10.168815000000176
2,b2c38,90.0,10.168459999999808
2,b2c38,91.0,10.168363333334371
2,b2c38,92.0,10.167891666667613
2,b2c38,93.0,10.17090666666627
2,b2c38,94.0,10.171283333333365
2,b2c38,95.0,10.171174999999737
2,b2c38,96.0,10.171170000000469
2,b2c38,97.0,10.169059999999202
2,b2c38,98.0,10.169900000000295
2,b2c38,99.0,10.167399999999907
2,b2c38,100.0,480.3436683333343
2,b2c39,10.0,10.174134999999902
2,b2c39,11.0,10.174334999999944
2,b2c39,12.0,10.173901666666643
2,b2c39,13.0,10.174658333333355
2,b2c39,14.0,10.174314999999963
2,b2c39,15.0,10.174786666666721
2,b2c39,16.0,10.174823333333189
2,b2c39,17.0,10.174918333333334
2,b2c39,18.0,10.177458333333197
2,b2c39,19.0,10.174661666667088
2,b2c39,20.0,10.174229999999806
2,b2c39,21.0,10.173681666666623
2,b2c39,22.0,10.172913333333176
2,b2c39,23.0,10.173816666666244
2,b2c39,24.0,10.175586666666883
2,b2c39,25.0,10.174043333333005
2,b2c39,26.0,10.175623333333352
2,b2c39,27.0,10.174818333333436
2,b2c39,28.0,10.174328333333445
2,b2c39,29.0,10.173060000000017
2,b2c39,30.0,10.173606666666455
2,b2c39,31.0,10.173904999999893
2,b2c39,32.0,10.175766666666702
2,b2c39,33.0,10.175506666666964
2,b2c39,34.0,10.173894999999902
2,b2c39,35.0,10.174786666666721
2,b2c39,36.0,10.174801666666948
2,b2c39,37.0,10.174139999999898
2,b2c39,38.0,10.174781666666483
2,b2c39,39.0,10.17333166666649
2,b2c39,40.0,10.173789999999766
2,b2c39,41.0,10.174308333333466
2,b2c39,42.0,10.17559833333362
2,b2c39,43.0,10.175801666666908
2,b2c39,44.0,10.174448333333808
2,b2c39,45.0,10.174119999999919
2,b2c39,46.0,10.090068333333086
2,b2c39,47.0,10.174123333332439
2,b2c39,48.0,10.175271666666958
2,b2c39,49.0,10.173765000000518
2,b2c39,50.0,10.174024999999286
2,b2c39,51.0,10.173761666666056
2,b2c39,52.0,10.184646666666959
2,b2c39,53.0,10.180803333333461
2,b2c39,54.0,10.180321666666229
2,b2c39,55.0,10.178011666667105
2,b2c39,56.0,10.176270000000175
2,b2c39,57.0,10.17634333333505
2,b2c39,58.0,10.176436666666996
2,b2c39,59.0,10.177315000000332
2,b2c39,60.0,10.091371666665266
2,b2c39,61.0,10.17460166666618
2,b2c39,62.0,10.175564999998702
2,b2c39,63.0,10.175069999999444
2,b2c39,64.0,10.1755183333337
2,b2c39,65.0,10.174520000000484
2,b2c39,66.0,10.176943333334444
2,b2c39,67.0,10.176291666664959
2,b2c39,68.0,10.176158333333055
2,b2c39,69.0,10.091008333332137
2,b2c39,70.0,10.17479666666671
2,b2c39,71.0,10.175619999998405
2,b2c39,72.0,10.17516333333333
2,b2c39,73.0,10.176401666666303
2,b2c39,74.0,10.1767699999987
2,b2c39,75.0,10.177769999999631
2,b2c39,76.0,10.176344999998886
2,b2c39,77.0,10.176988333331732
2,b2c39,78.0,10.176498333333681
2,b2c39,79.0,10.176823333334566
2,b2c39,80.0,10.175768333333933
2,b2c39,81.0,10.175378333332871
2,b2c39,82.0,10.176441666668204
2,b2c39,83.0,10.17670166666697
2,b2c39,84.0,10.17659833333261
2,b2c39,85.0,10.177348333333308
2,b2c39,86.0,10.176123333334301
2,b2c39,87.0,10.187816666666185
2,b2c39,88.0,10.176501666667173
2,b2c39,89.0,10.177235000000413
2,b2c39,90.0,10.17704833333264
2,b2c39,91.0,10.178484999999636
2,b2c39,92.0,10.176451666666738
2,b2c39,93.0,10.17843166666571
2,b2c39,94.0,10.178398333334675
2,b2c39,95.0,10.179593333334196
2,b2c39,96.0,10.178985000000102
2,b2c39,97.0,10.180418333331666
2,b2c39,98.0,10.180270000000018
2,b2c39,99.0,10.181010000000242
2,b2c39,100.0,480.3493683333334
2,b2c40,10.0,10.173756666666547
2,b2c40,11.0,10.173579999999978
2,b2c40,12.0,10.172646666666454
2,b2c40,13.0,10.172451666666893
2,b2c40,14.0,10.172106666666513
2,b2c40,15.0,10.172905000000416
2,b2c40,16.0,10.173193333333378
2,b2c40,17.0,10.172386666666231
2,b2c40,18.0,10.173903333333147
2,b2c40,19.0,10.172100000000016
2,b2c40,20.0,10.172789999999804
2,b2c40,21.0,10.173183333333387
2,b2c40,22.0,10.173238333333575
2,b2c40,23.0,10.17377833333303
2,b2c40,24.0,10.17344333333361
2,b2c40,25.0,10.173468333333343
2,b2c40,26.0,10.174281666666502
2,b2c40,27.0,10.17180500000007
2,b2c40,28.0,10.173219999999855
2,b2c40,29.0,10.172179999999935
2,b2c40,30.0,10.17339000000017
2,b2c40,31.0,10.172733333333356
2,b2c40,32.0,10.173510000000048
2,b2c40,33.0,10.17343499999988
2,b2c40,34.0,10.17343000000013
2,b2c40,35.0,10.172379999999732
2,b2c40,36.0,10.172991666666833
2,b2c40,37.0,10.170991666666426
2,b2c40,38.0,10.172505000000335
2,b2c40,39.0,10.172206666666899
2,b2c40,40.0,10.172596666666504
2,b2c40,41.0,10.17244499999991
2,b2c40,42.0,10.174201666666583
2,b2c40,43.0,10.17283000000025
2,b2c40,44.0,10.173291666667016
2,b2c40,45.0,10.172796666666788
2,b2c40,46.0,10.1743583333339
2,b2c40,47.0,10.172530000000068
2,b2c40,48.0,10.172730000000834
2,b2c40,49.0,3932.943618333333
2,b2c40,50.0,10.173088333333727
2,b2c40,51.0,10.17301499999982
2,b2c40,52.0,10.175078333334143
2,b2c40,53.0,10.172299999999813
2,b2c40,54.0,10.172920000000158
2,b2c40,55.0,10.173276666666304
2,b2c40,56.0,10.17149666666713
2,b2c40,57.0,10.171788333333097
2,b2c40,58.0,10.17203833333333
2,b2c40,59.0,10.172841666666015
2,b2c40,60.0,10.173543333332054
2,b2c40,61.0,10.173435000000365
2,b2c40,62.0,10.174196666667315
2,b2c40,63.0,10.17345333333166
2,b2c40,64.0,10.172091666667257
2,b2c40,65.0,10.174130000001362
2,b2c40,66.0,10.173609999999947
2,b2c40,67.0,10.173506666665586
2,b2c40,68.0,10.173094999999739
2,b2c40,69.0,10.17325833333501
2,b2c40,70.0,10.173168333332676
2,b2c40,71.0,10.1740033333345
2,b2c40,72.0,10.174416666668064
2,b2c40,73.0,10.174683333331874
2,b2c40,74.0,10.17314666666595
2,b2c40,75.0,10.1734850000008
2,b2c40,76.0,10.173139999998966
2,b2c40,77.0,10.173863333333673
2,b2c40,78.0,10.172548333332331
2,b2c40,79.0,10.173065000000255
2,b2c40,80.0,10.172708333334109
2,b2c40,81.0,10.17405166666722
2,b2c40,82.0,10.172458333333877
2,b2c40,83.0,10.172634999999234
2,b2c40,84.0,10.174121666666663
2,b2c40,85.0,10.172415000000425
2,b2c40,86.0,10.174648333333122
2,b2c40,87.0,10.17302333333452
2,b2c40,88.0,10.172583333333023
2,b2c40,89.0,10.17421500000055
2,b2c40,90.0,10.174056666666486
2,b2c40,91.0,10.173356666666223
2,b2c40,92.0,10.173411666665924
2,b2c40,93.0,10.173293333333762
2,b2c40,94.0,10.173293333333762
2,b2c40,95.0,10.173226666667809
2,b2c40,96.0,10.172674999999193
2,b2c40,97.0,10.172881666665974
2,b2c40,98.0,10.172828333333989
2,b2c40,99.0,10.17283166666554
2,b2c40,100.0,480.20775666666646
2,b2c41,10.0,10.256835000000137
2,b2c41,11.0,10.255846666666669
2,b2c41,12.0,10.255986666666528
2,b2c41,13.0,10.173556666666748
2,b2c41,14.0,10.174209999999826
2,b2c41,15.0,10.17777999999962
2,b2c41,16.0,10.175781666666929
2,b2c41,17.0,10.173914999999882
2,b2c41,18.0,10.256876666666358
2,b2c41,19.0,10.176928333333247
2,b2c41,20.0,10.176463333333475
2,b2c41,21.0,10.179225000000345
2,b2c41,22.0,10.25603666666672
2,b2c41,23.0,10.17879666666704
2,b2c41,24.0,10.173438333333372
2,b2c41,25.0,10.177609999999792
2,b2c41,26.0,10.172566666666535
2,b2c41,27.0,10.176095000000108
2,b2c41,28.0,10.17821499999991
2,b2c41,29.0,10.254401666666672
2,b2c41,30.0,10.175931666666292
2,b2c41,31.0,10.17563999999984
2,b2c41,32.0,10.253815000000275
2,b2c41,33.0,10.177033333333384
2,b2c41,34.0,10.175215000000026
2,b2c41,35.0,10.256308333333193
2,b2c41,36.0,10.174328333333445
2,b2c41,37.0,10.174293333333237
2,b2c41,38.0,10.176569999999872
2,b2c41,39.0,10.17845833333316
2,b2c41,40.0,10.25551666666676
2,b2c41,41.0,10.176348333333348
2,b2c41,42.0,10.177243333333172
2,b2c41,43.0,10.177551666666599
2,b2c41,44.0,10.176168333333043
2,b2c41,45.0,10.172778333333069
2,b2c41,46.0,10.175308333333426
2,b2c41,47.0,10.174543333332986
2,b2c41,48.0,10.177541666666123
2,b2c41,49.0,10.179838333334192
2,b2c41,50.0,10.175048333333688
2,b2c41,51.0,3933.623046666667
2,b2c41,52.0,10.17327833333305
2,b2c41,53.0,10.17596500000024
2,b2c41,54.0,10.17745499999922
2,b2c41,55.0,10.175468333333265
2,b2c41,56.0,10.176433333331564
2,b2c41,57.0,10.174261666667492
2,b2c41,58.0,10.176493333334413
2,b2c41,59.0,10.178411666666701
2,b2c41,60.0,10.176378333331861
2,b2c41,61.0,10.17337333333368
2,b2c41,62.0,10.175483333333007
2,b2c41,63.0,10.178373333332518
2,b2c41,64.0,10.177328333334298
2,b2c41,65.0,10.178078333333056
2,b2c41,66.0,10.176646666667269
2,b2c41,67.0,10.176955000000696
2,b2c41,68.0,10.181368333334103
2,b2c41,69.0,10.180093333332723
2,b2c41,70.0,10.17583333333411
2,b2c41,71.0,10.182425000000512
2,b2c41,72.0,10.177141666666527
2,b2c41,73.0,10.180850000000403
2,b2c41,74.0,10.177060000000832
2,b2c41,75.0,10.175858333332387
2,b2c41,76.0,10.176413333334494
2,b2c41,77.0,10.176746666666197
2,b2c41,78.0,10.18337000000174
2,b2c41,79.0,10.178055000000557
2,b2c41,80.0,10.177183333334202
2,b2c41,81.0,10.182395000001028
2,b2c41,82.0,10.18391666666721
2,b2c41,83.0,10.251676666666754
2,b2c41,84.0,10.178444999999677
2,b2c41,85.0,10.173820000000221
2,b2c41,86.0,10.176296666666167
2,b2c41,87.0,10.175923333332564
2,b2c41,88.0,10.176934999999746
2,b2c41,89.0,10.176581666665152
2,b2c41,90.0,10.17637166666682
2,b2c41,91.0,10.17820833333147
2,b2c41,92.0,10.252086666666825
2,b2c41,93.0,10.25560000000017
2,b2c41,94.0,10.25606999999921
2,b2c41,95.0,10.186376666665698
2,b2c41,96.0,10.256598333333386
2,b2c41,97.0,10.175199999999798
2,b2c41,98.0,10.186813333331763
2,b2c41,99.0,10.256571666667393
2,b2c41,100.0,10.178333333332557
2,b2c42,10.0,10.176453333333484
2,b2c42,11.0,10.175185000000056
2,b2c42,12.0,10.176595000000088
2,b2c42,13.0,10.175636666666833
2,b2c42,14.0,10.176083333333372
2,b2c42,15.0,10.175503333333472
2,b2c42,16.0,10.1756733333333
2,b2c42,17.0,10.174301666666482
2,b2c42,18.0,10.173873333333662
2,b2c42,19.0,10.174116666666427
2,b2c42,20.0,10.176146666666803
2,b2c42,21.0,10.174820000000182
2,b2c42,22.0,10.175506666666479
2,b2c42,23.0,10.175761666666464
2,b2c42,24.0,10.176326666666622
2,b2c42,25.0,10.174811666666452
2,b2c42,26.0,10.175780000000183
2,b2c42,27.0,10.176006666666945
2,b2c42,28.0,10.177431666666719
2,b2c42,29.0,10.176025000000179
2,b2c42,30.0,10.175521666666706
2,b2c42,31.0,10.174273333333257
2,b2c42,32.0,10.174348333333425
2,b2c42,33.0,10.176216666666248
2,b2c42,34.0,10.174463333333552
2,b2c42,35.0,10.174758333333012
2,b2c42,36.0,10.176788333333388
2,b2c42,37.0,10.17539000000009
2,b2c42,38.0,10.175836666666632
2,b2c42,39.0,10.176413333333524
2,b2c42,40.0,10.176680000000244
2,b2c42,41.0,10.176390000000053
2,b2c42,42.0,10.176501666666688
2,b2c42,43.0,10.173888333333403
2,b2c42,44.0,10.174643333332885
2,b2c42,45.0,10.17480499999947
2,b2c42,46.0,10.175158333333092
2,b2c42,47.0,10.174728333333041
2,b2c42,48.0,10.173918333333374
2,b2c42,49.0,10.174580000000423
2,b2c42,50.0,10.175188333333548
2,b2c42,51.0,10.174198333335031
2,b2c42,52.0,10.174136666666406
2,b2c42,53.0,10.175594999998188
2,b2c42,54.0,10.176373333334535
2,b2c42,55.0,10.17571000000074
2,b2c42,56.0,10.174554999999236
2,b2c42,57.0,10.174508333332293
2,b2c42,58.0,10.17499166666724
2,b2c42,59.0,10.173681666665168
2,b2c42,60.0,10.174428333334314
2,b2c42,61.0,10.176436666666996
2,b2c42,62.0,10.17443000000009
2,b2c42,63.0,10.176114999999603
2,b2c42,64.0,10.174388333334354
2,b2c42,65.0,10.173408333332434
2,b2c42,66.0,10.175958333333256
2,b2c42,67.0,10.17413500000063
2,b2c42,68.0,10.173263333334278
2,b2c42,69.0,10.173319999999755
2,b2c42,70.0,10.175516666667924
2,b2c42,71.0,10.175033333334916
2,b2c42,72.0,10.175386666665629
2,b2c42,73.0,10.174571666666695
2,b2c42,74.0,10.176745000000421
2,b2c42,75.0,10.173386666667648
2,b2c42,76.0,10.174626666666397
2,b2c42,77.0,10.175743333331775
2,b2c42,78.0,10.175374999999379
2,b2c42,79.0,10.173629999998957
2,b2c42,80.0,10.175601666667111
2,b2c42,81.0,10.173228333331645
2,b2c42,82.0,10.174884999999389
2,b2c42,83.0,10.175874999999845
2,b2c42,84.0,10.174110000000413
2,b2c42,85.0,10.175445000000764
2,b2c42,86.0,10.175848333333851
2,b2c42,87.0,10.174128333331707
2,b2c42,88.0,10.173976666668507
2,b2c42,89.0,10.175239999999757
2,b2c42,90.0,10.175319999999678
2,b2c42,91.0,10.175456666667014
2,b2c42,92.0,10.174571666666695
2,b2c42,93.0,10.175218333333031
2,b2c42,94.0,10.174439999998624
2,b2c42,95.0,10.175744999999491
2,b2c42,96.0,10.174681666666098
2,b2c42,97.0,10.174974999999783
2,b2c42,98.0,10.174636666666872
2,b2c42,99.0,10.176345000000826
2,b2c42,100.0,10.175580000000386
2,b2c43,10.0,10.037636666666609
2,b2c43,11.0,10.03582333333349
2,b2c43,12.0,10.034979999999875
2,b2c43,13.0,10.03563166666645
2,b2c43,14.0,10.035811666666753
2,b2c43,15.0,10.035671666666651
2,b2c43,16.0,10.035561666666762
2,b2c43,17.0,10.035866666666697
2,b2c43,18.0,10.036416666666629
2,b2c43,19.0,10.0369200000001
2,b2c43,20.0,10.035458333333372
2,b2c43,21.0,10.036305000000478
2,b2c43,22.0,10.035669999999905
2,b2c43,23.0,10.035513333333075
2,b2c43,24.0,10.039461666666709
2,b2c43,25.0,10.038888333333308
2,b2c43,26.0,10.036988333333284
2,b2c43,27.0,10.036765000000013
2,b2c43,28.0,10.036171666667117
2,b2c43,29.0,10.037791666666939
2,b2c43,30.0,10.038410000000052
2,b2c43,31.0,10.036786666666739
2,b2c43,32.0,10.038701666666505
2,b2c43,33.0,10.036954999999823
2,b2c43,34.0,10.03683833333295
2,b2c43,35.0,10.036763333333754
2,b2c43,36.0,10.036575000000205
2,b2c43,37.0,10.03657499999972
2,b2c43,38.0,10.036501666666785
2,b2c43,39.0,10.036686666666355
2,b2c43,40.0,10.03756333333343
2,b2c43,41.0,10.03744666666656
2,b2c43,42.0,10.037568333333668
2,b2c43,43.0,10.037456666667033
2,b2c43,44.0,10.037201666666563
2,b2c43,45.0,10.03664499999965
2,b2c43,46.0,10.037389999999625
2,b2c43,47.0,10.034655000000203
2,b2c43,48.0,10.037736666666751
2,b2c43,49.0,10.037015000000247
2,b2c43,50.0,10.03512666666696
2,b2c43,51.0,10.036645000000135
2,b2c43,52.0,10.037129999999888
2,b2c43,53.0,10.03665333333338
2,b2c43,54.0,10.03642333333361
2,b2c43,55.0,10.038191666666535
2,b2c43,56.0,10.034981666666377
2,b2c43,57.0,10.037323333333672
2,b2c43,58.0,10.037091666666674
2,b2c43,59.0,10.036995000000267
2,b2c43,60.0,10.036206666666839
2,b2c43,61.0,10.036848333333426
2,b2c43,62.0,10.037779999999717
2,b2c43,63.0,10.03771333333328
2,b2c43,64.0,10.035683333333388
2,b2c43,65.0,10.038514999999704
2,b2c43,66.0,10.03732833333294
2,b2c43,67.0,10.036193333333358
2,b2c43,68.0,10.036251666666551
2,b2c43,69.0,10.038083333332906
2,b2c43,70.0,10.035058333332806
2,b2c43,71.0,10.037561666666685
2,b2c43,72.0,10.038123333333836
2,b2c43,73.0,10.038453333333019
2,b2c43,74.0,10.037880000000587
2,b2c43,75.0,10.034790000001278
2,b2c43,76.0,10.037256666666751
2,b2c43,77.0,10.037079999999454
2,b2c43,78.0,10.03731999999921
2,b2c43,79.0,10.036303333332762
2,b2c43,80.0,10.037366666668095
2,b2c43,81.0,10.037095000001136
2,b2c43,82.0,10.036106666666456
2,b2c43,83.0,10.03503666666608
2,b2c43,84.0,10.037421666667797
2,b2c43,85.0,10.037156666667821
2,b2c43,86.0,10.036536666667477
2,b2c43,87.0,10.03759166666617
2,b2c43,88.0,10.034705000000152
2,b2c43,89.0,10.036204999999608
2,b2c43,90.0,10.038309999999667
2,b2c43,91.0,10.036553333332995
2,b2c43,92.0,10.03819333333328
2,b2c43,93.0,10.036676666666365
2,b2c43,94.0,10.037261666666017
2,b2c43,95.0,10.036901666666381
2,b2c43,96.0,10.037159999999373
2,b2c43,97.0,10.037043333334926
2,b2c43,98.0,10.036831666666936
2,b2c43,99.0,10.037188333333082
2,b2c43,100.0,10.034716666666403
2,b2c44,10.0,10.039578333333338
2,b2c44,11.0,10.039016666666672
2,b2c44,12.0,10.040736666666636
2,b2c44,13.0,10.03984500000006
2,b2c44,14.0,10.039661666666508
2,b2c44,15.0,10.040031666666861
2,b2c44,16.0,10.040461666666669
2,b2c44,17.0,10.039303333333374
2,b2c44,18.0,10.040173333333223
2,b2c44,19.0,10.039803333333596
2,b2c44,20.0,10.05124166666695
2,b2c44,21.0,10.03983166666682
2,b2c44,22.0,10.039764999999898
2,b2c44,23.0,10.039926666666481
2,b2c44,24.0,10.040021666666629
2,b2c44,25.0,10.039459999999963
2,b2c44,26.0,10.040079999999822
2,b2c44,27.0,10.03999500000015
2,b2c44,28.0,10.040538333333098
2,b2c44,29.0,10.040083333333314
2,b2c44,30.0,10.039880000000023
2,b2c44,31.0,10.05137333333308
2,b2c44,32.0,10.040233333333163
2,b2c44,33.0,10.040003333333395
2,b2c44,34.0,10.040418333333218
2,b2c44,35.0,10.04014833333349
2,b2c44,36.0,10.039186666666744
2,b2c44,37.0,10.039346666666582
2,b2c44,38.0,10.039248333333429
2,b2c44,39.0,10.039010000000417
2,b2c44,40.0,10.040884999999738
2,b2c44,41.0,10.039583333333333
2,b2c44,42.0,10.04075499999987
2,b2c44,43.0,10.040156666666736
2,b2c44,44.0,10.039964999999695
2,b2c44,45.0,10.040053333333343
2,b2c44,46.0,10.039439999999983
2,b2c44,47.0,10.04087166666674
2,b2c44,48.0,10.039836666666572
2,b2c44,49.0,10.040146666666745
2,b2c44,50.0,10.03939333333304
2,b2c44,51.0,10.040963333333396
2,b2c44,52.0,10.040226666666664
2,b2c44,53.0,10.039724999999939
2,b2c44,54.0,10.040929999999936
2,b2c44,55.0,10.040036666666856
2,b2c44,56.0,10.04002500000012
2,b2c44,57.0,10.040030000000359
2,b2c44,58.0,10.039405000000261
2,b2c44,59.0,10.039324999999856
2,b2c44,60.0,10.039613333333303
2,b2c44,61.0,10.039946666666946
2,b2c44,62.0,10.040473333333406
2,b2c44,63.0,10.040666666666706
2,b2c44,64.0,10.040929999999936
2,b2c44,65.0,10.04040166666576
2,b2c44,66.0,10.041973333333347
2,b2c44,67.0,10.040839999999541
2,b2c44,68.0,10.041296666666556
2,b2c44,69.0,10.040603333333275
2,b2c44,70.0,3932.50703
2,b2c44,71.0,10.040733333333629
2,b2c44,72.0,10.040935000000172
2,b2c44,73.0,10.041305000000284
2,b2c44,74.0,10.040275000000838
2,b2c44,75.0,10.040929999999936
2,b2c44,76.0,10.041009999999854
2,b2c44,77.0,10.040143333332768
2,b2c44,78.0,10.04034166666679
2,b2c44,79.0,10.040346666666059
2,b2c44,80.0,10.040244999999413
2,b2c44,81.0,10.040323333333557
2,b2c44,82.0,10.040423333332486
2,b2c44,83.0,10.041233333334095
2,b2c44,84.0,10.040486666666887
2,b2c44,85.0,10.041100000000249
2,b2c44,86.0,10.040986666667353
2,b2c44,87.0,10.040398333334208
2,b2c44,88.0,10.041159999999218
2,b2c44,89.0,10.040634999998534
2,b2c44,90.0,10.040741666668328
2,b2c44,91.0,10.04038166666481
2,b2c44,92.0,10.04071666666811
2,b2c44,93.0,10.04078833333333
2,b2c44,94.0,10.040814999999323
2,b2c44,95.0,10.039714999999463
2,b2c44,96.0,10.040933333331486
2,b2c44,97.0,10.04033000000054
2,b2c44,98.0,10.039786666666624
2,b2c44,99.0,10.041218333334351
2,b2c44,100.0,10.040639999999742
2,b2c45,10.0,10.040560000000065
2,b2c45,11.0,10.041041666666812
2,b2c45,12.0,10.043775000000217
2,b2c45,13.0,10.041565000000022
2,b2c45,14.0,10.041116666666737
2,b2c45,15.0,10.041639999999946
2,b2c45,16.0,10.041275000000072
2,b2c45,17.0,10.041596666666738
2,b2c45,18.0,10.040473333333406
2,b2c45,19.0,10.040613333333264
2,b2c45,20.0,10.041929999999896
2,b2c45,21.0,10.042108333333454
2,b2c45,22.0,10.040481666666649
2,b2c45,23.0,10.042359999999947
2,b2c45,24.0,10.039801666666365
2,b2c45,25.0,10.04067833333344
2,b2c45,26.0,10.03973999999968
2,b2c45,27.0,10.038989999999952
2,b2c45,28.0,10.041043333333315
2,b2c45,29.0,10.039746666666664
2,b2c45,30.0,10.039774999999887
2,b2c45,31.0,10.039193333333241
2,b2c45,32.0,10.039989999999912
2,b2c45,33.0,10.040996666666372
2,b2c45,34.0,10.03931166666686
2,b2c45,35.0,10.040231666666902
2,b2c45,36.0,10.040178333333461
2,b2c45,37.0,10.039871666666295
2,b2c45,38.0,10.039533333333384
2,b2c45,39.0,10.03978833333337
2,b2c45,40.0,10.039683333333233
2,b2c45,41.0,10.041276666667061
2,b2c45,42.0,10.040008333333146
2,b2c45,43.0,10.040270000000115
2,b2c45,44.0,10.040433333333446
2,b2c45,45.0,10.039581666666587
2,b2c45,46.0,10.023696666666849
2,b2c45,47.0,10.04003666666637
2,b2c45,48.0,10.042868333333171
2,b2c45,49.0,10.040796666666575
2,b2c45,50.0,10.039846666666563
2,b2c45,51.0,10.03996166666669
2,b2c45,52.0,10.04069499999993
2,b2c45,53.0,10.041901666666671
2,b2c45,54.0,10.041944999999638
2,b2c45,55.0,10.039833333333082
2,b2c45,56.0,10.040536666666352
2,b2c45,57.0,10.039449999999972
2,b2c45,58.0,10.040095000000049
2,b2c45,59.0,10.041594999999992
2,b2c45,60.0,10.04205166666652
2,b2c45,61.0,10.040201666666933
2,b2c45,62.0,10.040488333333633
2,b2c45,63.0,10.040721666666407
2,b2c45,64.0,10.040396666666492
2,b2c45,65.0,10.040336666666553
2,b2c45,66.0,10.04083666666605
2,b2c45,67.0,10.040800000000552
2,b2c45,68.0,10.040946666666423
2,b2c45,69.0,10.040931666666681
2,b2c45,70.0,10.040496666667362
2,b2c45,71.0,10.041181666666914
2,b2c45,72.0,10.040858333333745
2,b2c45,73.0,10.040443333333435
2,b2c45,74.0,10.03950499999919
2,b2c45,75.0,10.03940166666677
2,b2c45,76.0,10.040333333332091
2,b2c45,77.0,10.040130000000742
2,b2c45,78.0,10.039168333333995
2,b2c45,79.0,10.040528333332622
2,b2c45,80.0,10.041471666666135
2,b2c45,81.0,10.040858333332775
2,b2c45,82.0,10.040650000000218
2,b2c45,83.0,10.039979999999439
2,b2c45,84.0,10.0432716666682
2,b2c45,85.0,10.040248333332904
2,b2c45,86.0,10.040231666667387
2,b2c45,87.0,10.040008333333146
2,b2c45,88.0,10.04063666666625
2,b2c45,89.0,10.041140000000208
2,b2c45,90.0,10.040104999998585
2,b2c45,91.0,10.040363333333516
2,b2c45,92.0,10.041488333333595
2,b2c45,93.0,10.023244999999102
2,b2c45,94.0,10.040051666666598
2,b2c45,95.0,10.040233333333163
2,b2c45,96.0,10.040071666665607
2,b2c45,97.0,10.040225000000403
2,b2c45,98.0,10.039781666667356
2,b2c45,99.0,10.040901666666226
2,b2c45,100.0,10.039298333334349
2,b2c46,10.0,10.170483333333202
2,b2c46,11.0,10.170729999999942
2,b2c46,12.0,10.170684999999988
2,b2c46,13.0,10.170188333333256
2,b2c46,14.0,10.170516666666662
2,b2c46,15.0,10.169710000000002
2,b2c46,16.0,10.169719999999991
2,b2c46,17.0,10.17042999999976
2,b2c46,18.0,10.169303333333422
2,b2c46,19.0,10.168956666666782
2,b2c46,20.0,10.16973833333371
2,b2c46,21.0,10.171781666666599
2,b2c46,22.0,10.17101833333339
2,b2c46,23.0,10.168244999999782
2,b2c46,24.0,10.170481666666456
2,b2c46,25.0,10.17064333333304
2,b2c46,26.0,10.169938333333508
2,b2c46,27.0,10.169753333333453
2,b2c46,28.0,10.171098333333308
2,b2c46,29.0,10.170504999999928
2,b2c46,30.0,10.170383333333302
2,b2c46,31.0,10.17063166666679
2,b2c46,32.0,10.170788333333622
2,b2c46,33.0,10.171541666666842
2,b2c46,34.0,10.170635000000281
2,b2c46,35.0,10.169918333333044
2,b2c46,36.0,10.170678333333248
2,b2c46,37.0,10.1684633333333
2,b2c46,38.0,10.169008333332991
2,b2c46,39.0,10.168241666666775
2,b2c46,40.0,10.170548333333379
2,b2c46,41.0,10.17065166666677
2,b2c46,42.0,10.170328333333115
2,b2c46,43.0,10.171235000000161
2,b2c46,44.0,10.168845000000632
2,b2c46,45.0,10.169053333333189
2,b2c46,46.0,10.16929999999993
2,b2c46,47.0,10.169918333333529
2,b2c46,48.0,3933.8403033333334
2,b2c46,49.0,10.170456666666238
2,b2c46,50.0,10.169304999999197
2,b2c46,51.0,10.168371666667129
2,b2c46,52.0,10.16879333333345
2,b2c46,53.0,10.168498333333991
2,b2c46,54.0,10.16862666666663
2,b2c46,55.0,10.171428333333461
2,b2c46,56.0,10.17137666666725
2,b2c46,57.0,10.17124166666763
2,b2c46,58.0,10.171484999998938
2,b2c46,59.0,10.171439999999711
2,b2c46,60.0,10.170996666666664
2,b2c46,61.0,10.170340000001792
2,b2c46,62.0,10.169756666665974
2,b2c46,63.0,10.170191666666263
2,b2c46,64.0,10.17040833333352
2,b2c46,65.0,10.169345000000128
2,b2c46,66.0,10.168699999999566
2,b2c46,67.0,10.168510000000243
2,b2c46,68.0,10.169233333333008
2,b2c46,69.0,10.168929999998849
2,b2c46,70.0,10.168743333333017
2,b2c46,71.0,10.16985833333456
2,b2c46,72.0,10.169929999999779
2,b2c46,73.0,10.169194999998824
2,b2c46,74.0,10.167969999999817
2,b2c46,75.0,10.169059999999202
2,b2c46,76.0,10.17221333333485
2,b2c46,77.0,10.168001666667017
2,b2c46,78.0,10.168809999998969
2,b2c46,79.0,10.168818333333668
2,b2c46,80.0,10.168720000000516
2,b2c46,81.0,10.167883333332915
2,b2c46,82.0,10.170575000000342
2,b2c46,83.0,10.169141666666837
2,b2c46,84.0,10.172014999998888
2,b2c46,85.0,10.16984666666831
2,b2c46,86.0,10.168393333333855
2,b2c46,87.0,10.169801666667142
2,b2c46,88.0,10.168411666667089
2,b2c46,89.0,10.169868333333094
2,b2c46,90.0,10.169486666666732
2,b2c46,91.0,10.169776666666925
2,b2c46,92.0,10.168955000001006
2,b2c46,93.0,10.169673333332563
2,b2c46,94.0,10.16938000000082
2,b2c46,95.0,10.169063333332694
2,b2c46,96.0,10.170628333332328
2,b2c46,97.0,10.169980000000214
2,b2c46,98.0,10.168158333333364
2,b2c46,99.0,10.169338333333144
2,b2c46,100.0,10.16895333333329
3,b3c0,10.0,10.042508333333293
3,b3c0,11.0,10.043573333333189
3,b3c0,12.0,10.04334333333342
3,b3c0,13.0,10.042280000000028
3,b3c0,14.0,10.041485000000103
3,b3c0,15.0,10.042688333333354
3,b3c0,16.0,10.041609999999734
3,b3c0,17.0,10.041341666666751
3,b3c0,18.0,10.041551666667026
3,b3c0,19.0,10.041628333332968
3,b3c0,20.0,10.04221333333359
3,b3c0,21.0,10.041878333333687
3,b3c0,22.0,10.041954999999628
3,b3c0,23.0,10.04220000000011
3,b3c0,24.0,10.042539999999766
3,b3c0,25.0,10.043290000000464
3,b3c0,26.0,10.042124999999942
3,b3c0,27.0,10.041834999999748
3,b3c0,28.0,10.042325000000226
3,b3c0,29.0,10.04309666666668
3,b3c0,30.0,10.042979999999806
3,b3c0,31.0,10.042671666666866
3,b3c0,32.0,10.041568333333029
3,b3c0,33.0,10.043208333333315
3,b3c0,34.0,10.043436666666821
3,b3c0,35.0,10.043088333333435
3,b3c0,36.0,10.043073333333693
3,b3c0,37.0,10.04333333333343
3,b3c0,38.0,10.042599999999705
3,b3c0,39.0,10.043621666666391
3,b3c0,40.0,10.042789999999998
3,b3c0,41.0,10.041903333333417
3,b3c0,42.0,10.041676666666657
3,b3c0,43.0,10.041529999999815
3,b3c0,44.0,10.042423333333378
3,b3c0,45.0,10.042015000000053
3,b3c0,46.0,10.04279333333349
3,b3c0,47.0,10.043554999999953
3,b3c0,48.0,10.04330333333346
3,b3c0,49.0,10.050220000000262
3,b3c0,50.0,10.043524999999985
3,b3c0,51.0,10.043138333333385
3,b3c0,52.0,10.043334999999692
3,b3c0,53.0,10.041038333333564
3,b3c0,54.0,10.04531500000012
3,b3c0,55.0,10.042483333333317
3,b3c0,56.0,10.044713333333494
3,b3c0,57.0,10.042938333333101
3,b3c0,58.0,10.043071666666947
3,b3c0,59.0,10.042955000000074
3,b3c0,60.0,10.043725000000753
3,b3c0,61.0,10.04304833333299
3,b3c0,62.0,10.043043333332752
3,b3c0,63.0,10.0426900000001
3,b3c0,64.0,10.042394999999669
3,b3c0,65.0,10.043260000000009
3,b3c0,66.0,10.041906666666424
3,b3c0,67.0,10.042523333334248
3,b3c0,68.0,10.041935000000134
3,b3c0,69.0,10.04158999999927
3,b3c0,70.0,10.04203166666654
3,b3c0,71.0,10.04278499999976
3,b3c0,72.0,10.041863333333943
3,b3c0,73.0,10.042214999999851
3,b3c0,74.0,10.041593333332761
3,b3c0,75.0,10.040590000000277
3,b3c0,76.0,10.042009999999815
3,b3c0,77.0,10.043123333332671
3,b3c0,78.0,10.04366166666635
3,b3c0,79.0,10.041618333332979
3,b3c0,80.0,10.042566666666728
3,b3c0,81.0,10.041419999999926
3,b3c0,82.0,10.041359999999987
3,b3c0,83.0,10.04137833333322
3,b3c0,84.0,10.041333333333993
3,b3c0,85.0,10.041906666666424
3,b3c0,86.0,10.040803333333072
3,b3c0,87.0,10.042499999999807
3,b3c0,88.0,10.041791666666784
3,b3c0,89.0,10.041904999999678
3,b3c0,90.0,10.04116333333271
3,b3c0,91.0,10.044201666666776
3,b3c0,92.0,10.041680000000634
3,b3c0,93.0,10.041205000000385
3,b3c0,94.0,10.042109999999715
3,b3c0,95.0,10.04216333333267
3,b3c0,96.0,10.041778333333786
3,b3c0,97.0,10.04055333333381
3,b3c0,98.0,10.044091666667374
3,b3c0,99.0,10.042563333333238
3,b3c0,100.0,10.042268333333777
3,b3c1,10.0,10.042194999999872
3,b3c1,11.0,10.04248666666681
3,b3c1,12.0,10.0422649999998
3,b3c1,13.0,10.040658333333461
3,b3c1,14.0,10.040268333333369
3,b3c1,15.0,10.041371666666722
3,b3c1,16.0,10.040603333333275
3,b3c1,17.0,10.040671666666944
3,b3c1,18.0,10.041303333333053
3,b3c1,19.0,10.041603333333235
3,b3c1,20.0,10.041883333333438
3,b3c1,21.0,10.041798333333281
3,b3c1,22.0,10.04160166666649
3,b3c1,23.0,10.041323333333517
3,b3c1,24.0,10.042138333332938
3,b3c1,25.0,10.041136666666716
3,b3c1,26.0,10.04050166666663
3,b3c1,27.0,10.04092166666669
3,b3c1,28.0,10.04042166666671
3,b3c1,29.0,10.040661666666468
3,b3c1,30.0,10.040796666666575
3,b3c1,31.0,10.040474999999667
3,b3c1,32.0,10.041496666666838
3,b3c1,33.0,10.041276666666574
3,b3c1,34.0,10.040361666666286
3,b3c1,35.0,10.041243333333114
3,b3c1,36.0,10.041481666666611
3,b3c1,37.0,10.041151666666458
3,b3c1,38.0,10.040956666666897
3,b3c1,39.0,10.040784999999838
3,b3c1,40.0,10.043931666666564
3,b3c1,41.0,10.042183333333135
3,b3c1,42.0,10.042581666666472
3,b3c1,43.0,10.043165000000348
3,b3c1,44.0,10.043194999999832
3,b3c1,45.0,10.041871666666703
3,b3c1,46.0,10.041144999999961
3,b3c1,47.0,10.041543333333296
3,b3c1,48.0,10.040799999999582
3,b3c1,49.0,10.041053333333306
3,b3c1,50.0,10.041061666666549
3,b3c1,51.0,10.041048333333068
3,b3c1,52.0,10.040811666666801
3,b3c1,53.0,10.040476666666898
3,b3c1,54.0,10.041529999999815
3,b3c1,55.0,10.041286666666565
3,b3c1,56.0,10.041736666666596
3,b3c1,57.0,10.041018333333097
3,b3c1,58.0,10.040751666666377
3,b3c1,59.0,10.040815000000293
3,b3c1,60.0,10.040936666665948
3,b3c1,61.0,10.041399999999946
3,b3c1,62.0,10.041453333333871
3,b3c1,63.0,10.041525000000062
3,b3c1,64.0,10.042063333333742
3,b3c1,65.0,10.0414666666659
3,b3c1,66.0,10.041048333334038
3,b3c1,67.0,10.040641666666488
3,b3c1,68.0,10.041176666666676
3,b3c1,69.0,10.040703333333173
3,b3c1,70.0,10.04172166666637
3,b3c1,71.0,10.040894999999242
3,b3c1,72.0,10.042066666666264
3,b3c1,73.0,10.04006333333285
3,b3c1,74.0,10.041610000000219
3,b3c1,75.0,10.042908333334102
3,b3c1,76.0,10.041551666666056
3,b3c1,77.0,10.042618333333909
3,b3c1,78.0,10.040293333333102
3,b3c1,79.0,10.0423033333335
3,b3c1,80.0,10.041343333333497
3,b3c1,81.0,10.041726666666607
3,b3c1,82.0,10.040754999999384
3,b3c1,83.0,10.04075666666613
3,b3c1,84.0,10.040670000000198
3,b3c1,85.0,10.042261666665825
3,b3c1,86.0,10.040918333332714
3,b3c1,87.0,10.040696666667161
3,b3c1,88.0,10.041511666667066
3,b3c1,89.0,10.041606666666727
3,b3c1,90.0,10.041181666666914
3,b3c1,91.0,10.040956666666897
3,b3c1,92.0,10.040923333332952
3,b3c1,93.0,10.04032999999957
3,b3c1,94.0,10.041975000000093
3,b3c1,95.0,10.043321666666694
3,b3c1,96.0,10.041451666667125
3,b3c1,97.0,10.041151666666458
3,b3c1,98.0,10.040690000000177
3,b3c1,99.0,10.042601666666451
3,b3c1,100.0,10.043003333333763
3,b3c2,10.0,10.043408333333355
3,b3c2,11.0,10.043675000000318
3,b3c2,12.0,10.043715000000278
3,b3c2,13.0,10.043401666666615
3,b3c2,14.0,10.04243666666686
3,b3c2,15.0,10.043704999999802
3,b3c2,16.0,10.043451666666563
3,b3c2,17.0,10.042374999999689
3,b3c2,18.0,10.043066666666709
3,b3c2,19.0,10.041473333333366
3,b3c2,20.0,10.043691666666321
3,b3c2,21.0,10.045036666666663
3,b3c2,22.0,10.043736666666518
3,b3c2,23.0,10.043466666666307
3,b3c2,24.0,10.04380999999994
3,b3c2,25.0,10.043476666666296
3,b3c2,26.0,10.044511666666464
3,b3c2,27.0,10.04507333333313
3,b3c2,28.0,10.042868333333656
3,b3c2,29.0,10.044590000000122
3,b3c2,30.0,10.041616666666718
3,b3c2,31.0,10.042515000000034
3,b3c2,32.0,10.043713333333047
3,b3c2,33.0,10.043623333333137
3,b3c2,34.0,10.043879999999868
3,b3c2,35.0,10.043908333333578
3,b3c2,36.0,10.04409666666664
3,b3c2,37.0,10.043763333333482
3,b3c2,38.0,10.044636666667065
3,b3c2,39.0,10.044088333333397
3,b3c2,40.0,10.043501666666513
3,b3c2,41.0,10.044281666666697
3,b3c2,42.0,10.043754999999752
3,b3c2,43.0,10.043448333333556
3,b3c2,44.0,10.04282333333346
3,b3c2,45.0,10.043334999999692
3,b3c2,46.0,10.04373000000002
3,b3c2,47.0,10.04425666666648
3,b3c2,48.0,10.041568333333514
3,b3c2,49.0,10.043550000000202
3,b3c2,50.0,10.04324000000003
3,b3c2,51.0,10.04512166666682
3,b3c2,52.0,10.044009999999737
3,b3c2,53.0,10.043835000000156
3,b3c2,54.0,10.040879999999985
3,b3c2,55.0,10.043618333333386
3,b3c2,56.0,10.043001666666532
3,b3c2,57.0,10.044224999999763
3,b3c2,58.0,10.043778333333224
3,b3c2,59.0,10.04497333333323
3,b3c2,60.0,10.04416000000007
3,b3c2,61.0,10.043896666666843
3,b3c2,62.0,10.043610000000141
3,b3c2,63.0,10.044040000000193
3,b3c2,64.0,10.04412500000035
3,b3c2,65.0,10.043509999999271
3,b3c2,66.0,10.041768333333312
3,b3c2,67.0,10.043748333333253
3,b3c2,68.0,10.044224999999278
3,b3c2,69.0,10.043433333333814
3,b3c2,70.0,10.043721666666292
3,b3c2,71.0,10.043826666666428
3,b3c2,72.0,10.043696666666074
3,b3c2,73.0,10.043099999999201
3,b3c2,74.0,10.042888333333151
3,b3c2,75.0,10.043688333333314
3,b3c2,76.0,10.04290500000061
3,b3c2,77.0,10.042928333333112
3,b3c2,78.0,10.04291666666589
3,b3c2,79.0,10.043648333333355
3,b3c2,80.0,10.044406666666813
3,b3c2,81.0,10.04382999999992
3,b3c2,82.0,10.043753333333491
3,b3c2,83.0,10.044358333333124
3,b3c2,84.0,10.044749999999961
3,b3c2,85.0,10.050170000000314
3,b3c2,86.0,10.043201666666816
3,b3c2,87.0,10.043779999999485
3,b3c2,88.0,10.044080000000152
3,b3c2,89.0,10.043675000000318
3,b3c2,90.0,10.043570000000182
3,b3c2,91.0,10.043293333333956
3,b3c2,92.0,10.043866666667357
3,b3c2,93.0,10.043701666666312
3,b3c2,94.0,10.043533333333714
3,b3c2,95.0,10.043731666665796
3,b3c2,96.0,10.043356666666417
3,b3c2,97.0,10.043736666666033
3,b3c2,98.0,10.043294999999732
3,b3c2,99.0,10.04344333333332
3,b3c2,100.0,10.042735000000297
3,b3c3,10.0,10.041151666666702
3,b3c3,11.0,10.041456666666878
3,b3c3,12.0,10.041796666666535
3,b3c3,13.0,10.04092833333319
3,b3c3,14.0,10.042098333333463
3,b3c3,15.0,10.04256000000023
3,b3c3,16.0,10.041746666666587
3,b3c3,17.0,10.043721666666777
3,b3c3,18.0,10.042564999999984
3,b3c3,19.0,10.041473333333366
3,b3c3,20.0,10.042068333333495
3,b3c3,21.0,10.042366666666446
3,b3c3,22.0,10.041871666666703
3,b3c3,23.0,10.042895000000135
3,b3c3,24.0,10.041596666666738
3,b3c3,25.0,10.0419783333331
3,b3c3,26.0,10.042231666666824
3,b3c3,27.0,10.042308333333251
3,b3c3,28.0,10.041708333333371
3,b3c3,29.0,10.041456666666878
3,b3c3,30.0,10.041859999999966
3,b3c3,31.0,10.041915000000154
3,b3c3,32.0,10.04126499999984
3,b3c3,33.0,10.041009999999854
3,b3c3,34.0,10.040443333333435
3,b3c3,35.0,10.041670000000158
3,b3c3,36.0,10.041291666666803
3,b3c3,37.0,10.040958333333158
3,b3c3,38.0,10.041053333333306
3,b3c3,39.0,10.041746666667072
3,b3c3,40.0,10.04082833333329
3,b3c3,41.0,10.044383333333341
3,b3c3,42.0,10.040456666666918
3,b3c3,43.0,10.041156666666696
3,b3c3,44.0,10.041760000000068
3,b3c3,45.0,10.04141000000042
3,b3c3,46.0,10.040606666666767
3,b3c3,47.0,10.040753333333123
3,b3c3,48.0,10.0419166666669
3,b3c3,49.0,10.041249999999613
3,b3c3,50.0,10.042203333333115
3,b3c3,51.0,10.041725000000346
3,b3c3,52.0,10.042059999999765
3,b3c3,53.0,10.042009999999815
3,b3c3,54.0,10.04209000000022
3,b3c3,55.0,10.041756666666576
3,b3c3,56.0,10.041428333333169
3,b3c3,57.0,10.041650000000178
3,b3c3,58.0,10.041179999999683
3,b3c3,59.0,10.041333333333023
3,b3c3,60.0,10.040775000000334
3,b3c3,61.0,10.04121499999989
3,b3c3,62.0,10.041591666666985
3,b3c3,63.0,10.04137833333322
3,b3c3,64.0,10.041265000000324
3,b3c3,65.0,10.041289999999572
3,b3c3,66.0,10.041851666666723
3,b3c3,67.0,10.041233333334095
3,b3c3,68.0,10.040760000000592
3,b3c3,69.0,10.041170000000664
3,b3c3,70.0,10.040998333333603
3,b3c3,71.0,10.040308333333815
3,b3c3,72.0,10.041028333333088
3,b3c3,73.0,10.040026666666382
3,b3c3,74.0,10.04030666666707
3,b3c3,75.0,10.040570000000297
3,b3c3,76.0,10.041594999999507
3,b3c3,77.0,10.040953333333407
3,b3c3,78.0,10.040941666666185
3,b3c3,79.0,10.041983333333823
3,b3c3,80.0,10.040913333333446
3,b3c3,81.0,10.040801666666328
3,b3c3,82.0,10.04134666666602
3,b3c3,83.0,10.04123833333336
3,b3c3,84.0,10.041543333333296
3,b3c3,85.0,10.041036666666818
3,b3c3,86.0,10.048833333334187
3,b3c3,87.0,10.04166499999992
3,b3c3,88.0,10.0410116666666
3,b3c3,89.0,10.041683333334126
3,b3c3,90.0,10.040594999999545
3,b3c3,91.0,10.041728333333351
3,b3c3,92.0,10.041421666666672
3,b3c3,93.0,10.040628333332522
3,b3c3,94.0,10.040761666666366
3,b3c3,95.0,10.04102333333285
3,b3c3,96.0,10.04036999999953
3,b3c3,97.0,10.040526666666846
3,b3c3,98.0,10.041256666666595
3,b3c3,99.0,10.040976666666877
3,b3c3,100.0,10.040750000000116
3,b3c4,10.0,10.043605000000147
3,b3c4,11.0,10.044509999999718
3,b3c4,12.0,10.044935000000017
3,b3c4,13.0,10.046668333333704
3,b3c4,14.0,10.046920000000197
3,b3c4,15.0,10.04688833333348
3,b3c4,16.0,10.045566666666613
3,b3c4,17.0,10.0461016666668
3,b3c4,18.0,10.046761666666619
3,b3c4,19.0,10.046351666666547
3,b3c4,20.0,10.046484999999908
3,b3c4,21.0,10.045971666666446
3,b3c4,22.0,10.046055000000342
3,b3c4,23.0,10.043066666666709
3,b3c4,24.0,10.045680000000479
3,b3c4,25.0,10.04613166666677
3,b3c4,26.0,10.0455283333334
3,b3c4,27.0,10.044906666666309
3,b3c4,28.0,10.04630333333286
3,b3c4,29.0,10.04602999999964
3,b3c4,30.0,10.04674166666664
3,b3c4,31.0,10.046134999999776
3,b3c4,32.0,10.046570000000065
3,b3c4,33.0,10.046919999999712
3,b3c4,34.0,10.046268333333137
3,b3c4,35.0,10.046421666666477
3,b3c4,36.0,10.046036666666623
3,b3c4,37.0,10.04603999999963
3,b3c4,38.0,10.045456666666723
3,b3c4,39.0,10.044826666666873
3,b3c4,40.0,10.04455333333317
3,b3c4,41.0,10.045434999999998
3,b3c4,42.0,10.044381666666595
3,b3c4,43.0,10.045001666666455
3,b3c4,44.0,10.046635000000242
3,b3c4,45.0,10.046054999999857
3,b3c4,46.0,10.045795000000119
3,b3c4,47.0,10.046915000000444
3,b3c4,48.0,10.046875
3,b3c4,49.0,10.046983333333628
3,b3c4,50.0,10.046639999999995
3,b3c4,51.0,10.046323333333325
3,b3c4,52.0,10.045859999999811
3,b3c4,53.0,10.046433333333214
3,b3c4,54.0,10.04599999999967
3,b3c4,55.0,10.046759999999873
3,b3c4,56.0,10.04669166666669
3,b3c4,57.0,10.046574999999333
3,b3c4,58.0,10.046748333333138
3,b3c4,59.0,10.04671166666667
3,b3c4,60.0,10.046781666667083
3,b3c4,61.0,10.046131666667256
3,b3c4,62.0,10.046223333333424
3,b3c4,63.0,10.045848333333076
3,b3c4,64.0,10.046586666666553
3,b3c4,65.0,10.045656666666037
3,b3c4,66.0,10.045966666667178
3,b3c4,67.0,10.04589833333254
3,b3c4,68.0,10.045664999999765
3,b3c4,69.0,10.044863333332858
3,b3c4,70.0,10.044648333333317
3,b3c4,71.0,10.043888333334083
3,b3c4,72.0,10.045051666666405
3,b3c4,73.0,10.044803333333887
3,b3c4,74.0,10.043633333333613
3,b3c4,75.0,10.043986666667235
3,b3c4,76.0,10.041718333333847
3,b3c4,77.0,10.045405000000027
3,b3c4,78.0,10.044801666667142
3,b3c4,79.0,10.045953333333212
3,b3c4,80.0,10.046815000000061
3,b3c4,81.0,10.046511666666872
3,b3c4,82.0,10.045911666666507
3,b3c4,83.0,10.045608333333318
3,b3c4,84.0,10.0463566666663
3,b3c4,85.0,10.045663333333989
3,b3c4,86.0,10.042745000000771
3,b3c4,87.0,10.045338333333104
3,b3c4,88.0,10.046290000000347
3,b3c4,89.0,10.045111666666344
3,b3c4,90.0,10.045250000000427
3,b3c4,91.0,10.044786666666429
3,b3c4,92.0,10.045046666667137
3,b3c4,93.0,10.044488333333478
3,b3c4,94.0,10.044271666666221
3,b3c4,95.0,10.045351666666102
3,b3c4,96.0,10.045111666667314
3,b3c4,97.0,10.044828333334104
3,b3c4,98.0,10.044938333333508
3,b3c4,99.0,10.045406666666773
3,b3c4,100.0,10.044940000000254
3,b3c5,10.0,10.041529999999815
3,b3c5,11.0,10.041545000000042
3,b3c5,12.0,10.040998333333603
3,b3c5,13.0,10.042178333333384
3,b3c5,14.0,10.042619999999685
3,b3c5,15.0,10.042036666666778
3,b3c5,16.0,10.042478333333566
3,b3c5,17.0,10.043208333333315
3,b3c5,18.0,10.042308333333738
3,b3c5,19.0,10.040983333333376
3,b3c5,20.0,10.041171666666923
3,b3c5,21.0,10.041253333333104
3,b3c5,22.0,10.041144999999961
3,b3c5,23.0,10.041808333333272
3,b3c5,24.0,10.042186666666627
3,b3c5,25.0,10.042400000000391
3,b3c5,26.0,10.04114166666647
3,b3c5,27.0,10.042885000000146
3,b3c5,28.0,10.042658333333383
3,b3c5,29.0,10.043243333333036
3,b3c5,30.0,10.042475000000074
3,b3c5,31.0,10.041795000000274
3,b3c5,32.0,10.043693333333552
3,b3c5,33.0,10.042333333333469
3,b3c5,34.0,10.042285000000266
3,b3c5,35.0,10.042226666666586
3,b3c5,36.0,10.04296666666681
3,b3c5,37.0,10.039908333333248
3,b3c5,38.0,10.04265333333363
3,b3c5,39.0,10.04205000000026
3,b3c5,40.0,10.042074999999992
3,b3c5,41.0,10.041910000000401
3,b3c5,42.0,10.041486666666849
3,b3c5,43.0,10.04150166666659
3,b3c5,44.0,10.04234333333346
3,b3c5,45.0,10.042706666666588
3,b3c5,46.0,10.042549999999755
3,b3c5,47.0,10.04325000000002
3,b3c5,48.0,10.041220000000127
3,b3c5,49.0,10.04231499999975
3,b3c5,50.0,10.041079999999784
3,b3c5,51.0,10.041825000000244
3,b3c5,52.0,10.041263333333093
3,b3c5,53.0,10.041400000000431
3,b3c5,54.0,10.041586666666747
3,b3c5,55.0,10.040904999999718
3,b3c5,56.0,10.041296666666556
3,b3c5,57.0,10.041575000000012
3,b3c5,58.0,10.042828333333212
3,b3c5,59.0,10.042345000000205
3,b3c5,60.0,10.04255000000024
3,b3c5,61.0,10.042789999999998
3,b3c5,62.0,10.041536666666312
3,b3c5,63.0,10.043501666666513
3,b3c5,64.0,10.042346666666951
3,b3c5,65.0,10.042555000000478
3,b3c5,66.0,10.04279333333349
3,b3c5,67.0,10.041926666666404
3,b3c5,68.0,10.042448333333596
3,b3c5,69.0,10.042201666666854
3,b3c5,70.0,10.041688333333392
3,b3c5,71.0,10.041158333333442
3,b3c5,72.0,10.041608333333473
3,b3c5,73.0,10.041415000000658
3,b3c5,74.0,10.041225000000365
3,b3c5,75.0,10.041995000000073
3,b3c5,76.0,10.041518333333078
3,b3c5,77.0,10.04180500000075
3,b3c5,78.0,10.041674999999426
3,b3c5,79.0,10.042150000000644
3,b3c5,80.0,10.041526666666808
3,b3c5,81.0,10.041815000000254
3,b3c5,82.0,10.043033333333248
3,b3c5,83.0,10.043066666667194
3,b3c5,84.0,10.041488333333595
3,b3c5,85.0,10.04231499999975
3,b3c5,86.0,10.042325000000226
3,b3c5,87.0,10.041781666666308
3,b3c5,88.0,10.04157000000026
3,b3c5,89.0,10.040688333333431
3,b3c5,90.0,10.041806666666526
3,b3c5,91.0,10.041553333333772
3,b3c5,92.0,10.042419999999886
3,b3c5,93.0,10.042561666666492
3,b3c5,94.0,10.042001666667057
3,b3c5,95.0,10.04332333333344
3,b3c5,96.0,10.041938333333626
3,b3c5,97.0,10.041321666666772
3,b3c5,98.0,10.041603333333235
3,b3c5,99.0,10.041976666666839
3,b3c5,100.0,10.042336666666476
3,b3c6,10.0,10.062581666666665
3,b3c6,11.0,10.060115000000224
3,b3c6,12.0,10.063206666666762
3,b3c6,13.0,10.063489999999971
3,b3c6,14.0,10.059165000000212
3,b3c6,15.0,10.060276666666807
3,b3c6,16.0,10.06207999999994
3,b3c6,17.0,10.061801666666481
3,b3c6,18.0,10.062351666666412
3,b3c6,19.0,10.061938333333334
3,b3c6,20.0,10.063656666666793
3,b3c6,21.0,10.063776666666673
3,b3c6,22.0,10.063868333333327
3,b3c6,23.0,10.064733333333182
3,b3c6,24.0,10.065356666666533
3,b3c6,25.0,10.065836666666534
3,b3c6,26.0,10.06589833333322
3,b3c6,27.0,10.06741666666688
3,b3c6,28.0,10.066753333333084
3,b3c6,29.0,10.067425000000124
3,b3c6,30.0,10.063943333333494
3,b3c6,31.0,10.067148333333414
3,b3c6,32.0,10.066513333333326
3,b3c6,33.0,10.069406666666813
3,b3c6,34.0,10.06901333333323
3,b3c6,35.0,10.068050000000222
3,b3c6,36.0,10.069548333333417
3,b3c6,37.0,10.070848333333076
3,b3c6,38.0,10.0679766666668
3,b3c6,39.0,10.074440000000079
3,b3c6,40.0,10.07143833333345
3,b3c6,41.0,10.089438333333238
3,b3c6,42.0,10.074446666666578
3,b3c6,43.0,10.076971666666699
3,b3c6,44.0,10.079210000000119
3,b3c6,45.0,10.080213333333571
3,b3c6,46.0,10.078280000000087
3,b3c6,47.0,10.075553333332937
3,b3c6,48.0,10.0750999999999
3,b3c6,49.0,10.079015000000073
3,b3c6,50.0,10.078403333333457
3,b3c6,51.0,10.076865000000302
3,b3c6,52.0,10.07331833333301
3,b3c6,53.0,10.072963333333124
3,b3c6,54.0,10.080338333333687
3,b3c6,55.0,10.080084999999963
3,b3c6,56.0,10.079724999999842
3,b3c6,57.0,10.077968333333168
3,b3c6,58.0,10.076626666666805
3,b3c6,59.0,10.058943333333202
3,b3c6,60.0,10.07727999999964
3,b3c6,61.0,10.079078333333019
3,b3c6,62.0,10.079483333333823
3,b3c6,63.0,10.081023333334208
3,b3c6,64.0,10.082201666667242
3,b3c6,65.0,10.083176666666017
3,b3c6,66.0,10.080793333333956
3,b3c6,67.0,10.083710000000428
3,b3c6,68.0,10.08413999999951
3,b3c6,69.0,10.085263333333812
3,b3c6,70.0,10.087218333332567
3,b3c6,71.0,10.088248333333953
3,b3c6,72.0,10.090681666666448
3,b3c6,73.0,10.091931666666643
3,b3c6,74.0,10.092056666666759
3,b3c6,75.0,10.093690000000061
3,b3c6,76.0,10.099774999999985
3,b3c6,77.0,10.097675000000162
3,b3c6,78.0,10.098539999999533
3,b3c6,79.0,10.099105000000176
3,b3c6,80.0,10.100268333332497
3,b3c6,81.0,10.102954999999687
3,b3c6,82.0,10.104558333333504
3,b3c6,83.0,10.103076666667281
3,b3c6,84.0,10.102489999999912
3,b3c6,85.0,10.101850000000558
3,b3c6,86.0,10.10389000000044
3,b3c6,87.0,10.107301666667142
3,b3c6,88.0,10.10513000000016
3,b3c6,89.0,10.106203333334028
3,b3c6,90.0,10.106633333333109
3,b3c6,91.0,10.103733333334095
3,b3c6,92.0,10.105008333333535
3,b3c6,93.0,10.10634166666617
3,b3c6,94.0,10.109593333333033
3,b3c6,95.0,10.11138000000016
3,b3c6,96.0,10.113961666666244
3,b3c6,97.0,10.115588333333532
3,b3c6,98.0,10.116001666667096
3,b3c6,99.0,10.117626666666668
3,b3c6,100.0,10.119386666666832
3,b3c7,10.0,11.038008333333226
3,b3c7,11.0,11.038401666666807
3,b3c7,12.0,11.03871166666698
3,b3c7,13.0,11.046381666666518
3,b3c7,14.0,11.056544999999945
3,b3c7,15.0,11.056369999999879
3,b3c7,16.0,11.055888333333133
3,b3c7,17.0,11.038663333333291
3,b3c7,18.0,11.055970000000283
3,b3c7,19.0,11.040639999999742
3,b3c7,20.0,11.038969999999972
3,b3c7,21.0,11.039270000000155
3,b3c7,22.0,11.035656666666425
3,b3c7,23.0,11.040590000000277
3,b3c7,24.0,11.039693333333707
3,b3c7,25.0,11.038113333333362
3,b3c7,26.0,11.038488333333225
3,b3c7,27.0,11.036838333333435
3,b3c7,28.0,11.035393333333195
3,b3c7,29.0,11.035721666666602
3,b3c7,30.0,11.039446666666482
3,b3c7,31.0,11.036178333333616
3,b3c7,32.0,11.03621666666683
3,b3c7,33.0,11.037404999999854
3,b3c7,34.0,11.037518333333233
3,b3c7,35.0,11.038816666666632
3,b3c7,36.0,11.037788333333447
3,b3c7,37.0,11.03882666666662
3,b3c7,38.0,11.037964999999774
3,b3c7,39.0,11.037363333333149
3,b3c7,40.0,11.037943333333049
3,b3c7,41.0,11.038493333333463
3,b3c7,42.0,11.04150000000033
3,b3c7,43.0,11.039834999999828
3,b3c7,44.0,11.055184999999861
3,b3c7,45.0,11.038438333333277
3,b3c7,46.0,11.0388533333331
3,b3c7,47.0,11.040103333333294
3,b3c7,48.0,11.040243333333153
3,b3c7,49.0,11.036030000000029
3,b3c7,50.0,11.036561666666724
3,b3c7,51.0,11.035356666666242
3,b3c7,52.0,11.038016666666469
3,b3c7,53.0,11.036161666666642
3,b3c7,54.0,11.038321666666889
3,b3c7,55.0,11.038546666666418
3,b3c7,56.0,11.040798333333806
3,b3c7,57.0,11.054230000000098
3,b3c7,58.0,11.055526666667236
3,b3c7,59.0,11.03922999999971
3,b3c7,60.0,11.038431666666293
3,b3c7,61.0,11.039408333333752
3,b3c7,62.0,11.03913833333354
3,b3c7,63.0,11.03929000000062
3,b3c7,64.0,11.039570000000337
3,b3c7,65.0,11.039581666666587
3,b3c7,66.0,11.04079666666706
3,b3c7,67.0,11.038969999999972
3,b3c7,68.0,11.038433333334009
3,b3c7,69.0,11.039886666666522
3,b3c7,70.0,11.03876333333319
3,b3c7,71.0,11.038645000000058
3,b3c7,72.0,11.03937333333403
3,b3c7,73.0,11.055210000000079
3,b3c7,74.0,11.039240000000184
3,b3c7,75.0,11.056021666666492
3,b3c7,76.0,11.038716666667218
3,b3c7,77.0,11.03854833333268
3,b3c7,78.0,11.038770000000174
3,b3c7,79.0,11.038133333333342
3,b3c7,80.0,11.038290000000659
3,b3c7,81.0,11.03847666666649
3,b3c7,82.0,11.055569999999715
3,b3c7,83.0,11.03662333333341
3,b3c7,84.0,11.03935333333405
3,b3c7,85.0,11.055246666666546
3,b3c7,86.0,11.038280000000183
3,b3c7,87.0,11.038375000000816
3,b3c7,88.0,11.038413333334029
3,b3c7,89.0,11.038259999999234
3,b3c7,90.0,11.038055000000167
3,b3c7,91.0,11.037593333333886
3,b3c7,92.0,11.038741666667436
3,b3c7,93.0,11.038670000000275
3,b3c7,94.0,11.037726666666762
3,b3c7,95.0,11.038683333333271
3,b3c7,96.0,11.055079999999725
3,b3c7,97.0,11.037654999999601
3,b3c7,98.0,11.038749999999224
3,b3c7,99.0,11.038649999999326
3,b3c7,100.0,11.038363333332624
3,b3c8,10.0,10.042238333333323
3,b3c8,11.0,10.043034999999994
3,b3c8,12.0,10.043625000000368
3,b3c8,13.0,10.043048333333475
3,b3c8,14.0,10.042596666666698
3,b3c8,15.0,10.043551666666463
3,b3c8,16.0,10.042819999999969
3,b3c8,17.0,10.043084999999943
3,b3c8,18.0,10.043258333333263
3,b3c8,19.0,10.043659999999607
3,b3c8,20.0,10.043445000000066
3,b3c8,21.0,10.042879999999908
3,b3c8,22.0,10.042549999999755
3,b3c8,23.0,10.044004999999986
3,b3c8,24.0,10.042958333333566
3,b3c8,25.0,10.042993333333289
3,b3c8,26.0,10.042760000000028
3,b3c8,27.0,10.043043333333237
3,b3c8,28.0,10.043081666666938
3,b3c8,29.0,10.042809999999978
3,b3c8,30.0,10.042953333333328
3,b3c8,31.0,10.045598333333327
3,b3c8,32.0,10.042593333333691
3,b3c8,33.0,10.041973333333347
3,b3c8,34.0,10.044910000000284
3,b3c8,35.0,10.045091666666849
3,b3c8,36.0,10.045114999999836
3,b3c8,37.0,10.044823333333381
3,b3c8,38.0,10.044141666666837
3,b3c8,39.0,10.043173333333106
3,b3c8,40.0,10.044093333333633
3,b3c8,41.0,10.04362666666663
3,b3c8,42.0,10.042473333333328
3,b3c8,43.0,10.04351666666674
3,b3c8,44.0,10.044408333333074
3,b3c8,45.0,10.042410000000382
3,b3c8,46.0,10.043469999999797
3,b3c8,47.0,10.042639999999665
3,b3c8,48.0,10.042326666666487
3,b3c8,49.0,10.042315000000235
3,b3c8,50.0,10.042935000000094
3,b3c8,51.0,10.0423966666669
3,b3c8,52.0,10.04299666666678
3,b3c8,53.0,10.042809999999978
3,b3c8,54.0,10.04302833333301
3,b3c8,55.0,10.042371666666684
3,b3c8,56.0,10.042029999999794
3,b3c8,57.0,10.042035000000032
3,b3c8,58.0,10.041863333332973
3,b3c8,59.0,10.044875000000077
3,b3c8,60.0,10.041893333333428
3,b3c8,61.0,10.041443333333397
3,b3c8,62.0,10.041976666666839
3,b3c8,63.0,10.042350000000443
3,b3c8,64.0,10.043835000000156
3,b3c8,65.0,10.044091666666402
3,b3c8,66.0,10.043926666667296
3,b3c8,67.0,10.04340666666685
3,b3c8,68.0,10.04259833333296
3,b3c8,69.0,10.04239833333413
3,b3c8,70.0,10.042588333333454
3,b3c8,71.0,10.04265333333363
3,b3c8,72.0,10.043235000000761
3,b3c8,73.0,10.043105000000407
3,b3c8,74.0,10.043258333333263
3,b3c8,75.0,10.041940000000372
3,b3c8,76.0,10.04327499999975
3,b3c8,77.0,10.043146666667115
3,b3c8,78.0,10.044186666667034
3,b3c8,79.0,10.042006666667294
3,b3c8,80.0,10.043253333333997
3,b3c8,81.0,10.043468333333538
3,b3c8,82.0,10.043731666666766
3,b3c8,83.0,10.045656666667007
3,b3c8,84.0,10.04232333333348
3,b3c8,85.0,10.0443683333336
3,b3c8,86.0,10.042623333333177
3,b3c8,87.0,10.041864999999719
3,b3c8,88.0,10.043634999999389
3,b3c8,89.0,10.043078333333446
3,b3c8,90.0,10.043091666666442
3,b3c8,91.0,10.043383333333379
3,b3c8,92.0,10.043600000000636
3,b3c8,93.0,10.043169999999614
3,b3c8,94.0,10.043551666666948
3,b3c8,95.0,10.043376666666397
3,b3c8,96.0,10.043616666666155
3,b3c8,97.0,10.043123333332671
3,b3c8,98.0,10.04345499999957
3,b3c8,99.0,10.043835000000156
3,b3c8,100.0,10.04391333333333
3,b3c9,10.0,10.041381666666712
3,b3c9,11.0,10.042146666666667
3,b3c9,12.0,10.042013333333307
3,b3c9,13.0,10.040509999999873
3,b3c9,14.0,10.040513333333365
3,b3c9,15.0,10.040931666666681
3,b3c9,16.0,10.04117499999993
3,b3c9,17.0,10.041124999999981
3,b3c9,18.0,10.041699999999643
3,b3c9,19.0,10.040723333333638
3,b3c9,20.0,10.040801666666328
3,b3c9,21.0,10.040856666666514
3,b3c9,22.0,10.041756666666576
3,b3c9,23.0,10.041868333333696
3,b3c9,24.0,10.042005000000064
3,b3c9,25.0,10.043338333333184
3,b3c9,26.0,10.042161666666894
3,b3c9,27.0,10.040435000000192
3,b3c9,28.0,10.04289666666688
3,b3c9,29.0,10.041988333333089
3,b3c9,30.0,10.042241666666815
3,b3c9,31.0,10.042188333333373
3,b3c9,32.0,10.042076666666738
3,b3c9,33.0,10.042084999999982
3,b3c9,34.0,10.042114999999951
3,b3c9,35.0,10.042118333332958
3,b3c9,36.0,10.041993333333327
3,b3c9,37.0,10.041558333333523
3,b3c9,38.0,10.041303333333053
3,b3c9,39.0,10.041728333333351
3,b3c9,40.0,10.041148333333451
3,b3c9,41.0,10.040913333333446
3,b3c9,42.0,10.0417849999998
3,b3c9,43.0,10.0420100000003
3,b3c9,44.0,10.042558333333485
3,b3c9,45.0,10.024794999999964
3,b3c9,46.0,10.041059999999804
3,b3c9,47.0,10.041038333333079
3,b3c9,48.0,10.041151666666943
3,b3c9,49.0,10.040618333333017
3,b3c9,50.0,10.042648333333394
3,b3c9,51.0,10.041518333333563
3,b3c9,52.0,10.041810000000018
3,b3c9,53.0,10.040918333333684
3,b3c9,54.0,10.041903333333417
3,b3c9,55.0,10.041124999999981
3,b3c9,56.0,10.042158333333402
3,b3c9,57.0,10.04220000000011
3,b3c9,58.0,10.042128333332949
3,b3c9,59.0,10.041084999999535
3,b3c9,60.0,10.041363333333477
3,b3c9,61.0,10.041116666665767
3,b3c9,62.0,10.040528333333592
3,b3c9,63.0,10.025705000000501
3,b3c9,64.0,10.042470000000321
3,b3c9,65.0,10.025211666667019
3,b3c9,66.0,10.042600000000675
3,b3c9,67.0,10.041666666666666
3,b3c9,68.0,10.042293333333994
3,b3c9,69.0,10.041058333332574
3,b3c9,70.0,10.041345000000243
3,b3c9,71.0,10.041655000000416
3,b3c9,72.0,10.041738333332857
3,b3c9,73.0,10.042148333332928
3,b3c9,74.0,10.041419999999926
3,b3c9,75.0,10.041536666667282
3,b3c9,76.0,10.042051666667492
3,b3c9,77.0,10.04222333333261
3,b3c9,78.0,10.04073666666615
3,b3c9,79.0,10.042123333332711
3,b3c9,80.0,10.04206000000025
3,b3c9,81.0,10.041481666666611
3,b3c9,82.0,10.042261666666795
3,b3c9,83.0,10.042250000000543
3,b3c9,84.0,10.042193333333126
3,b3c9,85.0,10.040791666666822
3,b3c9,86.0,10.041356666666495
3,b3c9,87.0,10.041296666666556
3,b3c9,88.0,10.042545000000002
3,b3c9,89.0,10.042210000000583
3,b3c9,90.0,10.041499999999845
3,b3c9,91.0,10.041889999999936
3,b3c9,92.0,10.041200000000147
3,b3c9,93.0,10.042070000000725
3,b3c9,94.0,10.041933333333388
3,b3c9,95.0,10.0413983333332
3,b3c9,96.0,10.041248333332867
3,b3c9,97.0,10.042306666666992
3,b3c9,98.0,10.041218333333381
3,b3c9,99.0,10.041531666666076
3,b3c9,100.0,10.041120000000229
3,b3c10,10.0,11.038560000000022
3,b3c10,11.0,11.054049999999915
3,b3c10,12.0,11.039244999999937
3,b3c10,13.0,11.037634999999986
3,b3c10,14.0,11.037540000000082
3,b3c10,15.0,11.03735000000003
3,b3c10,16.0,11.03774333333337
3,b3c10,17.0,11.03801999999996
3,b3c10,18.0,11.038493333333342
3,b3c10,19.0,11.03739999999998
3,b3c10,20.0,11.037588333333407
3,b3c10,21.0,11.03750333333337
3,b3c10,22.0,11.037848333333386
3,b3c10,23.0,11.03752333333323
3,b3c10,24.0,11.0376466666666
3,b3c10,25.0,11.037475000000025
3,b3c10,26.0,11.037181666666827
3,b3c10,27.0,11.038184999999794
3,b3c10,28.0,11.03801333333322
3,b3c10,29.0,11.037664999999834
3,b3c10,30.0,11.03672000000006
3,b3c10,31.0,11.0370666666667
3,b3c10,32.0,11.038303333333412
3,b3c10,33.0,11.036948333333324
3,b3c10,34.0,11.070910000000003
3,b3c10,35.0,11.037955000000027
3,b3c10,36.0,11.03729999999996
3,b3c10,37.0,11.038110000000112
3,b3c10,38.0,11.0491800000001
3,b3c10,39.0,11.056508333333477
3,b3c10,40.0,11.038585000000118
3,b3c10,41.0,11.03928500000014
3,b3c10,42.0,11.039728333333187
3,b3c10,43.0,11.038651666666798
3,b3c10,44.0,11.037656666666589
3,b3c10,45.0,11.037608333333143
3,b3c10,46.0,11.037961666666767
3,b3c10,47.0,11.03800666666648
3,b3c10,48.0,11.037814999999926
3,b3c10,49.0,11.03739666666661
3,b3c10,50.0,11.037229999999788
3,b3c10,51.0,11.038440000000021
3,b3c10,52.0,11.037340000000162
3,b3c10,53.0,11.037850000000132
3,b3c10,54.0,11.037971666666271
3,b3c10,55.0,11.036938333333334
3,b3c10,56.0,11.038393333333564
3,b3c10,57.0,11.038311666666898
3,b3c10,58.0,11.038351666666859
3,b3c10,59.0,11.038551666666656
3,b3c10,60.0,11.037768333332982
3,b3c10,61.0,11.037411666666351
3,b3c10,62.0,11.038313333333159
3,b3c10,63.0,11.038363333333109
3,b3c10,64.0,11.037388333333364
3,b3c10,65.0,11.038248333332982
3,b3c10,66.0,11.038816666666632
3,b3c10,67.0,11.037046666666962
3,b3c10,68.0,11.037219999999797
3,b3c10,69.0,11.038086666666883
3,b3c10,70.0,11.039778333333379
3,b3c10,71.0,11.039161666666526
3,b3c10,72.0,11.037868333333366
3,b3c10,73.0,11.03857833333362
3,b3c10,74.0,11.038626666666339
3,b3c10,75.0,11.03903500000015
3,b3c10,76.0,11.038206666666762
3,b3c10,77.0,11.03768333333331
3,b3c10,78.0,11.037346666666659
3,b3c10,79.0,11.037735000000005
3,b3c10,80.0,11.03758999999991
3,b3c10,81.0,11.038403333333553
3,b3c10,82.0,11.037701666666544
3,b3c10,83.0,11.037276666666731
3,b3c10,84.0,11.03891500000027
3,b3c10,85.0,11.037556666666449
3,b3c10,86.0,11.037689999999808
3,b3c10,87.0,11.036996666667013
3,b3c10,88.0,11.037791666666454
3,b3c10,89.0,11.038641666666566
3,b3c10,90.0,11.039670000000235
3,b3c10,91.0,11.039016666665946
3,b3c10,92.0,11.039554999999625
3,b3c10,93.0,11.038688333333509
3,b3c10,94.0,11.0395333333329
3,b3c10,95.0,11.039671666666981
3,b3c10,96.0,11.038845000000826
3,b3c10,97.0,11.038686666666763
3,b3c10,98.0,11.038885000000786
3,b3c10,99.0,11.039348333333812
3,b3c10,100.0,11.038788333333407
3,b3c11,10.0,10.041898333333181
3,b3c11,11.0,10.042685000000347
3,b3c11,12.0,10.042855000000175
3,b3c11,13.0,10.041419999999926
3,b3c11,14.0,10.041369999999976
3,b3c11,15.0,10.041179999999683
3,b3c11,16.0,10.040975000000133
3,b3c11,17.0,10.041140000000208
3,b3c11,18.0,10.041288333333311
3,b3c11,19.0,10.041320000000026
3,b3c11,20.0,10.041586666666747
3,b3c11,21.0,10.044365000000107
3,b3c11,22.0,10.04070499999992
3,b3c11,23.0,10.042109999999715
3,b3c11,24.0,10.041188333333412
3,b3c11,25.0,10.041124999999981
3,b3c11,26.0,10.04363666666662
3,b3c11,27.0,10.041178333333422
3,b3c11,28.0,10.04278000000001
3,b3c11,29.0,10.043466666666307
3,b3c11,30.0,10.040581666666549
3,b3c11,31.0,10.043338333333184
3,b3c11,32.0,10.043078333333446
3,b3c11,33.0,10.043218333333304
3,b3c11,34.0,10.043898333333102
3,b3c11,35.0,10.040783333333092
3,b3c11,36.0,10.042821666666715
3,b3c11,37.0,10.043473333333289
3,b3c11,38.0,10.042860000000413
3,b3c11,39.0,10.042766666666527
3,b3c11,40.0,10.042114999999951
3,b3c11,41.0,10.041983333333338
3,b3c11,42.0,10.042651666666886
3,b3c11,43.0,10.042893333333389
3,b3c11,44.0,10.043438333333567
3,b3c11,45.0,10.041465000000123
3,b3c11,46.0,10.042388333333172
3,b3c11,47.0,10.04119499999991
3,b3c11,48.0,10.04106500000004
3,b3c11,49.0,10.042631666666905
3,b3c11,50.0,10.041111666666984
3,b3c11,51.0,10.041335000000254
3,b3c11,52.0,10.04116333333368
3,b3c11,53.0,10.042168333333393
3,b3c11,54.0,10.040885000000223
3,b3c11,55.0,10.040866666666505
3,b3c11,56.0,10.042636666666173
3,b3c11,57.0,10.042835000000196
3,b3c11,58.0,10.043624999999883
3,b3c11,59.0,10.043196666666578
3,b3c11,60.0,10.042855000000175
3,b3c11,61.0,10.042823333333946
3,b3c11,62.0,10.042319999999988
3,b3c11,63.0,10.042738333333789
3,b3c11,64.0,10.04316000000011
3,b3c11,65.0,10.04316833333384
3,b3c11,66.0,10.043133333333147
3,b3c11,67.0,10.042775000000256
3,b3c11,68.0,10.042285000000266
3,b3c11,69.0,10.041958333332635
3,b3c11,70.0,10.042734999999327
3,b3c11,71.0,10.041774999999324
3,b3c11,72.0,10.042761666667259
3,b3c11,73.0,10.04273000000006
3,b3c11,74.0,10.0428449999997
3,b3c11,75.0,10.042471666666097
3,b3c11,76.0,10.043178333333344
3,b3c11,77.0,10.0436500000001
3,b3c11,78.0,10.0437183333328
3,b3c11,79.0,10.040066666666341
3,b3c11,80.0,10.048581666667209
3,b3c11,81.0,10.043358333333163
3,b3c11,82.0,10.04351833333397
3,b3c11,83.0,10.04131499999979
3,b3c11,84.0,10.040846666667495
3,b3c11,85.0,10.042188333333858
3,b3c11,86.0,10.044435000000522
3,b3c11,87.0,10.043868333334103
3,b3c11,88.0,10.043316666666458
3,b3c11,89.0,10.043100000000171
3,b3c11,90.0,10.042558333333
3,b3c11,91.0,10.042981666667037
3,b3c11,92.0,10.04218333333362
3,b3c11,93.0,10.042838333333687
3,b3c11,94.0,10.042658333333868
3,b3c11,95.0,10.042811666666724
3,b3c11,96.0,10.042946666666346
3,b3c11,97.0,10.042806666666486
3,b3c11,98.0,10.042933333333348
3,b3c11,99.0,10.04280500000071
3,b3c11,100.0,10.043194999999832
3,b3c12,10.0,10.041336666666757
3,b3c12,11.0,10.041746666666587
3,b3c12,12.0,10.042258333333303
3,b3c12,13.0,10.043286666666972
3,b3c12,14.0,10.042711666666825
3,b3c12,15.0,10.042573333333227
3,b3c12,16.0,10.04309666666668
3,b3c12,17.0,10.042636666666658
3,b3c12,18.0,10.042250000000058
3,b3c12,19.0,10.042971666666563
3,b3c12,20.0,10.042788333333252
3,b3c12,21.0,10.041991666666581
3,b3c12,22.0,10.042556666666739
3,b3c12,23.0,10.04362666666663
3,b3c12,24.0,10.042985000000044
3,b3c12,25.0,10.042056666666758
3,b3c12,26.0,10.042073333333246
3,b3c12,27.0,10.043169999999614
3,b3c12,28.0,10.04328999999998
3,b3c12,29.0,10.04264000000015
3,b3c12,30.0,10.043756666666983
3,b3c12,31.0,10.043385000000125
3,b3c12,32.0,10.043580000000171
3,b3c12,33.0,10.043123333333643
3,b3c12,34.0,10.043054999999974
3,b3c12,35.0,10.041648333333432
3,b3c12,36.0,10.043051666666482
3,b3c12,37.0,10.042798333333728
3,b3c12,38.0,10.042173333333146
3,b3c12,39.0,10.042063333333257
3,b3c12,40.0,10.040389999999995
3,b3c12,41.0,10.041035000000072
3,b3c12,42.0,10.041829999999997
3,b3c12,43.0,10.042159999999663
3,b3c12,44.0,10.043728333333759
3,b3c12,45.0,10.04286333333342
3,b3c12,46.0,10.042136666666677
3,b3c12,47.0,10.04386999999988
3,b3c12,48.0,10.042389999999918
3,b3c12,49.0,10.042399999999907
3,b3c12,50.0,10.042878333333162
3,b3c12,51.0,10.043123333333158
3,b3c12,52.0,10.042369999999938
3,b3c12,53.0,10.043561666666452
3,b3c12,54.0,10.042895000000135
3,b3c12,55.0,10.042205000000346
3,b3c12,56.0,10.042281666666774
3,b3c12,57.0,10.043080000000192
3,b3c12,58.0,10.043286666666003
3,b3c12,59.0,10.04381333333343
3,b3c12,60.0,10.042093333334197
3,b3c12,61.0,10.041738333332857
3,b3c12,62.0,10.042173333333146
3,b3c12,63.0,10.042488333333555
3,b3c12,64.0,10.042955000000074
3,b3c12,65.0,10.041988333333089
3,b3c12,66.0,10.042371666666197
3,b3c12,67.0,10.042098333333463
3,b3c12,68.0,10.042015000000053
3,b3c12,69.0,10.042026666666304
3,b3c12,70.0,10.042358333333201
3,b3c12,71.0,10.041931666666642
3,b3c12,72.0,10.042374999999689
3,b3c12,73.0,10.041893333333428
3,b3c12,74.0,10.041465000000123
3,b3c12,75.0,10.041316666666535
3,b3c12,76.0,10.042104999999477
3,b3c12,77.0,10.043016666665789
3,b3c12,78.0,10.043011666666523
3,b3c12,79.0,10.042013333333307
3,b3c12,80.0,10.042214999999851
3,b3c12,81.0,10.042731666666805
3,b3c12,82.0,10.042968333333071
3,b3c12,83.0,10.043604999999904
3,b3c12,84.0,10.04341499999961
3,b3c12,85.0,10.043716666667024
3,b3c12,86.0,10.042181666666874
3,b3c12,87.0,10.042733333333551
3,b3c12,88.0,10.042515000000519
3,b3c12,89.0,10.042278333333282
3,b3c12,90.0,10.042493333332823
3,b3c12,91.0,10.04229499999977
3,b3c12,92.0,10.041516666666332
3,b3c12,93.0,10.041559999999784
3,b3c12,94.0,10.041568333333514
3,b3c12,95.0,10.041585000000001
3,b3c12,96.0,10.042058333333504
3,b3c12,97.0,10.04143833333316
3,b3c12,98.0,10.041026666666342
3,b3c12,99.0,10.042086666667213
3,b3c12,100.0,10.041874999999225
3,b3c13,10.0,10.041976666666596
3,b3c13,11.0,10.042618333332939
3,b3c13,12.0,10.043181666666836
3,b3c13,13.0,10.041248333333352
3,b3c13,14.0,10.041800000000027
3,b3c13,15.0,10.041951666666622
3,b3c13,16.0,10.041485000000103
3,b3c13,17.0,10.041283333333073
3,b3c13,18.0,10.041576666666272
3,b3c13,19.0,10.041586666666747
3,b3c13,20.0,10.041721666666854
3,b3c13,21.0,10.039300000000123
3,b3c13,22.0,10.04152833333307
3,b3c13,23.0,10.043099999999686
3,b3c13,24.0,10.04129499999981
3,b3c13,25.0,10.042543333333743
3,b3c13,26.0,10.040503333333374
3,b3c13,27.0,10.041469999999874
3,b3c13,28.0,10.041730000000097
3,b3c13,29.0,10.041988333333574
3,b3c13,30.0,10.041563333333276
3,b3c13,31.0,10.041583333333255
3,b3c13,32.0,10.041579999999763
3,b3c13,33.0,10.042180000000128
3,b3c13,34.0,10.044450000000264
3,b3c13,35.0,10.041496666666838
3,b3c13,36.0,10.041280000000066
3,b3c13,37.0,10.044078333333406
3,b3c13,38.0,10.043141666666877
3,b3c13,39.0,10.043610000000141
3,b3c13,40.0,10.043058333332981
3,b3c13,41.0,10.042465000000083
3,b3c13,42.0,10.043389999999878
3,b3c13,43.0,10.040949999999915
3,b3c13,44.0,10.04183333333349
3,b3c13,45.0,10.042154999999912
3,b3c13,46.0,10.041323333333033
3,b3c13,47.0,10.041828333333251
3,b3c13,48.0,10.042309999999997
3,b3c13,49.0,10.042206666666607
3,b3c13,50.0,10.041191666666418
3,b3c13,51.0,10.041041666667054
3,b3c13,52.0,10.042321666666734
3,b3c13,53.0,10.040708333333411
3,b3c13,54.0,10.041078333333523
3,b3c13,55.0,10.042148333333413
3,b3c13,56.0,10.042533333332782
3,b3c13,57.0,10.042365000000185
3,b3c13,58.0,10.042105000000447
3,b3c13,59.0,10.041758333333807
3,b3c13,60.0,10.042370000000423
3,b3c13,61.0,10.04222333333358
3,b3c13,62.0,10.041401666666692
3,b3c13,63.0,10.041543333333296
3,b3c13,64.0,10.043674999999348
3,b3c13,65.0,10.041453333332901
3,b3c13,66.0,10.044425000000047
3,b3c13,67.0,10.042156666666658
3,b3c13,68.0,10.043609999999171
3,b3c13,69.0,10.043530000000223
3,b3c13,70.0,10.043891666666605
3,b3c13,71.0,10.043783333333947
3,b3c13,72.0,10.043561666666452
3,b3c13,73.0,10.042848333333191
3,b3c13,74.0,10.042998333332555
3,b3c13,75.0,10.044246666666004
3,b3c13,76.0,10.04407666666666
3,b3c13,77.0,10.041459999999885
3,b3c13,78.0,10.041891666666682
3,b3c13,79.0,10.042495000000539
3,b3c13,80.0,10.041866666666465
3,b3c13,81.0,10.042771666666765
3,b3c13,82.0,10.041234999999869
3,b3c13,83.0,10.042459999999846
3,b3c13,84.0,10.041586666666747
3,b3c13,85.0,10.04230333333253
3,b3c13,86.0,10.042206666667091
3,b3c13,87.0,10.044308333333658
3,b3c13,88.0,10.043369999999413
3,b3c13,89.0,10.043236666666537
3,b3c13,90.0,10.043004999999539
3,b3c13,91.0,10.042938333333586
3,b3c13,92.0,10.042500000000777
3,b3c13,93.0,10.042898333333627
3,b3c13,94.0,10.04288499999966
3,b3c13,95.0,10.043026666666265
3,b3c13,96.0,10.043181666665866
3,b3c13,97.0,10.043185000000328
3,b3c13,98.0,10.043211666667291
3,b3c13,99.0,10.043134999999893
3,b3c13,100.0,10.043174999999852
3,b3c14,10.0,10.040888333333472
3,b3c14,11.0,10.041025000000081
3,b3c14,12.0,10.041648333333432
3,b3c14,13.0,10.042549999999755
3,b3c14,14.0,10.042214999999851
3,b3c14,15.0,10.042933333333348
3,b3c14,16.0,10.042918333333606
3,b3c14,17.0,10.042958333333566
3,b3c14,18.0,10.041383333332972
3,b3c14,19.0,10.043248333333274
3,b3c14,20.0,10.043101666666432
3,b3c14,21.0,10.042741666666794
3,b3c14,22.0,10.042644999999903
3,b3c14,23.0,10.040740000000126
3,b3c14,24.0,10.042794999999751
3,b3c14,25.0,10.042588333333454
3,b3c14,26.0,10.041985000000084
3,b3c14,27.0,10.042284999999781
3,b3c14,28.0,10.042008333333554
3,b3c14,29.0,10.042316666666496
3,b3c14,30.0,10.042148333332928
3,b3c14,31.0,10.042098333333463
3,b3c14,32.0,10.043121666666412
3,b3c14,33.0,10.042071666666986
3,b3c14,34.0,10.042073333333246
3,b3c14,35.0,10.041688333333392
3,b3c14,36.0,10.0419783333331
3,b3c14,37.0,10.040549999999833
3,b3c14,38.0,10.041498333333584
3,b3c14,39.0,10.040393333333487
3,b3c14,40.0,10.041023333333335
3,b3c14,41.0,10.041075000000031
3,b3c14,42.0,10.04098166666663
3,b3c14,43.0,10.041513333333326
3,b3c14,44.0,10.04239833333316
3,b3c14,45.0,10.042658333333383
3,b3c14,46.0,10.042603333333197
3,b3c14,47.0,10.04227333333353
3,b3c14,48.0,10.042505000000043
3,b3c14,49.0,10.04301666666676
3,b3c14,50.0,10.042839999999948
3,b3c14,51.0,10.043188333333335
3,b3c14,52.0,10.041281666666327
3,b3c14,53.0,10.043100000000171
3,b3c14,54.0,10.042688333333354
3,b3c14,55.0,10.04289499999965
3,b3c14,56.0,10.042351666667189
3,b3c14,57.0,10.043568333333436
3,b3c14,58.0,10.042724999999821
3,b3c14,59.0,10.042698333333828
3,b3c14,60.0,10.042829999999958
3,b3c14,61.0,10.042511666667027
3,b3c14,62.0,10.042356666666455
3,b3c14,63.0,10.041860000000451
3,b3c14,64.0,10.042628333333415
3,b3c14,65.0,10.0420716666665
3,b3c14,66.0,10.042018333333544
3,b3c14,67.0,10.041064999999556
3,b3c14,68.0,10.040933333333426
3,b3c14,69.0,10.04112666666624
3,b3c14,70.0,10.040770000000096
3,b3c14,71.0,10.04188833333319
3,b3c14,72.0,10.040986666667353
3,b3c14,73.0,10.041058333333543
3,b3c14,74.0,10.041076666666777
3,b3c14,75.0,10.041365000000223
3,b3c14,76.0,10.041280000000066
3,b3c14,77.0,10.041966666666363
3,b3c14,78.0,10.043073333333208
3,b3c14,79.0,10.041331666667247
3,b3c14,80.0,10.041383333333458
3,b3c14,81.0,10.041794999999304
3,b3c14,82.0,10.04286166666619
3,b3c14,83.0,10.04305666666672
3,b3c14,84.0,10.04230666666602
3,b3c14,85.0,10.041969999999855
3,b3c14,86.0,10.041101666666025
3,b3c14,87.0,10.040995000000112
3,b3c14,88.0,10.041075000000031
3,b3c14,89.0,10.04086833333422
3,b3c14,90.0,10.040964999999657
3,b3c14,91.0,10.040386666666988
3,b3c14,92.0,10.041395000000678
3,b3c14,93.0,10.040963333333881
3,b3c14,94.0,10.041371666667207
3,b3c14,95.0,10.041113333333245
3,b3c14,96.0,10.040824999999797
3,b3c14,97.0,10.040786666666584
3,b3c14,98.0,10.040613333333749
3,b3c14,99.0,10.040923333333922
3,b3c14,100.0,10.041273333333084
3,b3c15,10.0,10.04300000000003
3,b3c15,11.0,10.040826666666543
3,b3c15,12.0,10.040795000000314
3,b3c15,13.0,10.042226666666586
3,b3c15,14.0,10.042414999999648
3,b3c15,15.0,10.041803333333519
3,b3c15,16.0,10.042995000000035
3,b3c15,17.0,10.04190833333317
3,b3c15,18.0,10.04234333333346
3,b3c15,19.0,10.041575000000012
3,b3c15,20.0,10.041711666666378
3,b3c15,21.0,10.042718333333323
3,b3c15,22.0,10.0423033333335
3,b3c15,23.0,10.040416666666959
3,b3c15,24.0,10.04078833333333
3,b3c15,25.0,10.043288333333233
3,b3c15,26.0,10.042193333333126
3,b3c15,27.0,10.042485000000063
3,b3c15,28.0,10.042536666666274
3,b3c15,29.0,10.042019999999805
3,b3c15,30.0,10.041594999999992
3,b3c15,31.0,10.042256666666557
3,b3c15,32.0,10.042478333333081
3,b3c15,33.0,10.042305000000246
3,b3c15,34.0,10.041933333333388
3,b3c15,35.0,10.041813333333023
3,b3c15,36.0,10.042046666666769
3,b3c15,37.0,10.041366666666484
3,b3c15,38.0,10.041079999999784
3,b3c15,39.0,10.040973333333387
3,b3c15,40.0,10.043366666666891
3,b3c15,41.0,10.042711666666825
3,b3c15,42.0,10.04381999999993
3,b3c15,43.0,10.041449999999895
3,b3c15,44.0,10.041351666666742
3,b3c15,45.0,10.0417233333336
3,b3c15,46.0,10.041688333333392
3,b3c15,47.0,10.041098333333503
3,b3c15,48.0,10.042233333333085
3,b3c15,49.0,10.042338333333221
3,b3c15,50.0,10.04193666666688
3,b3c15,51.0,10.042746666667032
3,b3c15,52.0,10.042043333333277
3,b3c15,53.0,10.042063333333257
3,b3c15,54.0,10.041846666666485
3,b3c15,55.0,10.041591666666985
3,b3c15,56.0,10.042140000000169
3,b3c15,57.0,10.042086666667213
3,b3c15,58.0,10.041926666666404
3,b3c15,59.0,10.042133333334156
3,b3c15,60.0,10.042169999999654
3,b3c15,61.0,10.041443333333397
3,b3c15,62.0,10.041660000000654
3,b3c15,63.0,10.041073333333285
3,b3c15,64.0,10.041271666666338
3,b3c15,65.0,10.04106000000029
3,b3c15,66.0,10.041225000000365
3,b3c15,67.0,10.041124999999495
3,b3c15,68.0,10.03989166666676
3,b3c15,69.0,10.040526666666846
3,b3c15,70.0,10.040726666666645
3,b3c15,71.0,10.040113333333284
3,b3c15,72.0,10.040280000000106
3,b3c15,73.0,10.040163333333718
3,b3c15,74.0,10.042330000000463
3,b3c15,75.0,10.0432083333338
3,b3c15,76.0,10.040320000000065
3,b3c15,77.0,10.041320000000026
3,b3c15,78.0,10.041346666666989
3,b3c15,79.0,10.041753333333569
3,b3c15,80.0,10.04048500000014
3,b3c15,81.0,10.040743333333133
3,b3c15,82.0,10.04149000000034
3,b3c15,83.0,10.04189666666692
3,b3c15,84.0,10.04060500000002
3,b3c15,85.0,10.042004999999579
3,b3c15,86.0,10.041811666666764
3,b3c15,87.0,10.041373333333953
3,b3c15,88.0,10.041328333333755
3,b3c15,89.0,10.04076833333335
3,b3c15,90.0,10.041128333333956
3,b3c15,91.0,10.04161333333274
3,b3c15,92.0,10.040844999999779
3,b3c15,93.0,10.040723333334123
3,b3c15,94.0,10.040895000000212
3,b3c15,95.0,10.041269999999592
3,b3c15,96.0,10.04104000000031
3,b3c15,97.0,10.043524999999985
3,b3c15,98.0,10.042883333333885
3,b3c15,99.0,10.041720000000593
3,b3c15,100.0,10.042576666666234
3,b3c16,10.0,11.04049166666664
3,b3c16,11.0,11.039496666666915
3,b3c16,12.0,11.039451666666718
3,b3c16,13.0,11.041598333333484
3,b3c16,14.0,11.038546666666905
3,b3c16,15.0,11.039496666666915
3,b3c16,16.0,11.041241666666853
3,b3c16,17.0,11.040550000000318
3,b3c16,18.0,11.040501666667115
3,b3c16,19.0,11.040566666666807
3,b3c16,20.0,11.041023333333335
3,b3c16,21.0,11.039565000000099
3,b3c16,22.0,11.040708333332926
3,b3c16,23.0,11.040436666666453
3,b3c16,24.0,11.03920166666697
3,b3c16,25.0,11.039985000000161
3,b3c16,26.0,11.039853333333062
3,b3c16,27.0,11.040304999999838
3,b3c16,28.0,11.040350000000036
3,b3c16,29.0,11.040304999999838
3,b3c16,30.0,11.038646666666319
3,b3c16,31.0,11.040621666666993
3,b3c16,32.0,11.039079999999862
3,b3c16,33.0,11.041376666666475
3,b3c16,34.0,11.040650000000218
3,b3c16,35.0,11.04073499999989
3,b3c16,36.0,11.041086666666281
3,b3c16,37.0,11.039743333333657
3,b3c16,38.0,11.041188333333412
3,b3c16,39.0,11.04053500000009
3,b3c16,40.0,11.039958333333198
3,b3c16,41.0,11.039703333333698
3,b3c16,42.0,11.039191666666495
3,b3c16,43.0,11.039963333333436
3,b3c16,44.0,11.040203333333677
3,b3c16,45.0,11.037631666666615
3,b3c16,46.0,11.039093333333343
3,b3c16,47.0,11.040731666666398
3,b3c16,48.0,11.041090000000258
3,b3c16,49.0,11.039466666666462
3,b3c16,50.0,11.03917999999976
3,b3c16,51.0,11.03958666666634
3,b3c16,52.0,11.038738333333459
3,b3c16,53.0,11.039634999999544
3,b3c16,54.0,11.038621666666586
3,b3c16,55.0,11.038539999999921
3,b3c16,56.0,11.039504999999675
3,b3c16,57.0,11.040973333333387
3,b3c16,58.0,11.040455000000172
3,b3c16,59.0,11.039823333333091
3,b3c16,60.0,11.039313333333121
3,b3c16,61.0,11.042006666666323
3,b3c16,62.0,11.040120000000266
3,b3c16,63.0,11.039328333333833
3,b3c16,64.0,11.038164999999571
3,b3c16,65.0,11.041263333333578
3,b3c16,66.0,11.039163333332787
3,b3c16,67.0,11.041116666666737
3,b3c16,68.0,11.04113499999997
3,b3c16,69.0,11.04094833333317
3,b3c16,70.0,11.041128333332987
3,b3c16,71.0,11.039726666666684
3,b3c16,72.0,11.056783333333442
3,b3c16,73.0,11.041066666666302
3,b3c16,74.0,11.040201666666933
3,b3c16,75.0,11.038091666666636
3,b3c16,76.0,11.039793333333607
3,b3c16,77.0,11.040611666666033
3,b3c16,78.0,11.039671666666012
3,b3c16,79.0,11.039955000000191
3,b3c16,80.0,11.040391666667226
3,b3c16,81.0,11.038954999999259
3,b3c16,82.0,11.038498333333216
3,b3c16,83.0,11.039173333333261
3,b3c16,84.0,11.040348333333775
3,b3c16,85.0,11.040139999999276
3,b3c16,86.0,11.041169999999692
3,b3c16,87.0,11.039618333334026
3,b3c16,88.0,11.03913833333354
3,b3c16,89.0,11.040211666666437
3,b3c16,90.0,11.024205000000075
3,b3c16,91.0,11.03833666666663
3,b3c16,92.0,11.040321666666811
3,b3c16,93.0,11.040310000000561
3,b3c16,94.0,11.041395000000678
3,b3c16,95.0,11.04244666666685
3,b3c16,96.0,11.038626666666824
3,b3c16,97.0,11.056374999999147
3,b3c16,98.0,11.04119500000088
3,b3c16,99.0,11.041448333333635
3,b3c16,100.0,11.04018666666622
3,b3c17,10.0,10.042071666666743
3,b3c17,11.0,10.043224999999802
3,b3c17,12.0,10.041658333333423
3,b3c17,13.0,10.04265000000014
3,b3c17,14.0,10.041296666666556
3,b3c17,15.0,10.041760000000068
3,b3c17,16.0,10.04060500000002
3,b3c17,17.0,10.0417849999998
3,b3c17,18.0,10.041948333333615
3,b3c17,19.0,10.042758333333284
3,b3c17,20.0,10.042799999999989
3,b3c17,21.0,10.042543333333743
3,b3c17,22.0,10.042008333333554
3,b3c17,23.0,10.041586666666747
3,b3c17,24.0,10.042003333333318
3,b3c17,25.0,10.0419166666669
3,b3c17,26.0,10.04178333333354
3,b3c17,27.0,10.041555000000033
3,b3c17,28.0,10.041396666666454
3,b3c17,29.0,10.04164000000019
3,b3c17,30.0,10.042921666666613
3,b3c17,31.0,10.04086666666699
3,b3c17,32.0,10.041739999999603
3,b3c17,33.0,10.041435000000638
3,b3c17,34.0,10.044129999999617
3,b3c17,35.0,10.043508333333497
3,b3c17,36.0,10.042316666667466
3,b3c17,37.0,10.043196666667548
3,b3c17,38.0,10.0437816666672
3,b3c17,39.0,10.043166666667094
3,b3c17,40.0,10.04302833333301
3,b3c17,41.0,10.043286666666972
3,b3c17,42.0,10.026789999999648
3,b3c17,43.0,10.042968333333071
3,b3c17,44.0,10.042975000000053
3,b3c17,45.0,10.043013333333269
3,b3c17,46.0,10.043383333333379
3,b3c17,47.0,10.043134999999893
3,b3c17,48.0,10.043226666667033
3,b3c17,49.0,10.042643333333157
3,b3c17,50.0,10.042668333333374
3,b3c17,51.0,10.04098333333386
3,b3c17,52.0,10.043134999999893
3,b3c17,53.0,10.042806666666486
3,b3c17,54.0,10.027133333332797
3,b3c17,55.0,10.042416666666394
3,b3c17,56.0,10.041263333333578
3,b3c17,57.0,10.041929999999896
3,b3c17,58.0,10.044020000000213
3,b3c17,59.0,10.042066666667234
3,b3c17,60.0,10.041473333333851
3,b3c17,61.0,10.042958333333566
3,b3c17,62.0,10.043679999999586
3,b3c17,63.0,10.042121666666935
3,b3c17,64.0,10.043731666665796
3,b3c17,65.0,10.042470000000321
3,b3c17,66.0,10.042129999999695
3,b3c17,67.0,10.04246666666586
3,b3c17,68.0,10.043258333333263
3,b3c17,69.0,10.043341666666674
3,b3c17,70.0,10.04227499999979
3,b3c17,71.0,10.043241666666775
3,b3c17,72.0,10.042958333332596
3,b3c17,73.0,10.042618333333909
3,b3c17,74.0,10.043879999999383
3,b3c17,75.0,10.04378166666623
3,b3c17,76.0,10.042313333333004
3,b3c17,77.0,10.04216333333267
3,b3c17,78.0,10.042728333333313
3,b3c17,79.0,10.043313333332966
3,b3c17,80.0,10.042735000000297
3,b3c17,81.0,10.043418333333102
3,b3c17,82.0,10.042209999999614
3,b3c17,83.0,10.042926666666366
3,b3c17,84.0,10.04296499999958
3,b3c17,85.0,10.041290000000542
3,b3c17,86.0,10.042531666667006
3,b3c17,87.0,10.041984999999597
3,b3c17,88.0,10.041946666666384
3,b3c17,89.0,10.04118333333366
3,b3c17,90.0,10.042523333333277
3,b3c17,91.0,10.042128333332949
3,b3c17,92.0,10.041759999999583
3,b3c17,93.0,10.042181666666874
3,b3c17,94.0,10.041905000000648
3,b3c17,95.0,10.043091666666442
3,b3c17,96.0,10.041473333332881
3,b3c17,97.0,10.042715000000317
3,b3c17,98.0,10.040806666666564
3,b3c17,99.0,10.042456666666356
3,b3c17,100.0,10.04078833333333
3,b3c18,10.0,10.041461666666631
3,b3c18,11.0,10.041648333333432
3,b3c18,12.0,10.043276666666497
3,b3c18,13.0,10.041960000000351
3,b3c18,14.0,10.042574999999973
3,b3c18,15.0,10.042989999999797
3,b3c18,16.0,10.042604999999943
3,b3c18,17.0,10.042616666666678
3,b3c18,18.0,10.042728333333313
3,b3c18,19.0,10.042778333333263
3,b3c18,20.0,10.043349999999919
3,b3c18,21.0,10.043051666666482
3,b3c18,22.0,10.042621666666431
3,b3c18,23.0,10.04220000000011
3,b3c18,24.0,10.043510000000243
3,b3c18,25.0,10.041473333333366
3,b3c18,26.0,10.04227333333353
3,b3c18,27.0,10.042750000000039
3,b3c18,28.0,10.043050000000221
3,b3c18,29.0,10.043094999999933
3,b3c18,30.0,10.042581666666472
3,b3c18,31.0,10.043184999999843
3,b3c18,32.0,10.042839999999948
3,b3c18,33.0,10.042968333333071
3,b3c18,34.0,10.043000000000271
3,b3c18,35.0,10.042879999999908
3,b3c18,36.0,10.042470000000321
3,b3c18,37.0,10.042576666666719
3,b3c18,38.0,10.04243833333312
3,b3c18,39.0,10.04266166666639
3,b3c18,40.0,10.04266000000013
3,b3c18,41.0,10.041803333333034
3,b3c18,42.0,10.041761666666813
3,b3c18,43.0,10.041943333333377
3,b3c18,44.0,10.0433633333334
3,b3c18,45.0,10.042654999999892
3,b3c18,46.0,10.04337333333339
3,b3c18,47.0,10.042869999999917
3,b3c18,48.0,10.044144999999844
3,b3c18,49.0,10.043846666666893
3,b3c18,50.0,10.042896666666396
3,b3c18,51.0,10.043945000000045
3,b3c18,52.0,10.043678333333325
3,b3c18,53.0,10.043469999999797
3,b3c18,54.0,10.043466666666792
3,b3c18,55.0,10.043416666666841
3,b3c18,56.0,10.043594999999915
3,b3c18,57.0,10.04252833333303
3,b3c18,58.0,10.044239999999991
3,b3c18,59.0,10.043299999999968
3,b3c18,60.0,10.04343500000056
3,b3c18,61.0,10.044401666666575
3,b3c18,62.0,10.044499999999728
3,b3c18,63.0,10.043519999999747
3,b3c18,64.0,10.043929999999818
3,b3c18,65.0,10.043416666667326
3,b3c18,66.0,10.043875000000117
3,b3c18,67.0,10.04402500000045
3,b3c18,68.0,10.044616666667086
3,b3c18,69.0,10.044120000000111
3,b3c18,70.0,10.043818333332698
3,b3c18,71.0,10.043486666666771
3,b3c18,72.0,10.043498333333021
3,b3c18,73.0,10.043370000000383
3,b3c18,74.0,10.043173333333106
3,b3c18,75.0,10.043104999999438
3,b3c18,76.0,10.043258333333263
3,b3c18,77.0,10.043134999999893
3,b3c18,78.0,10.042903333332895
3,b3c18,79.0,10.042658333332898
3,b3c18,80.0,10.042921666666128
3,b3c18,81.0,10.043851666666646
3,b3c18,82.0,10.043570000000182
3,b3c18,83.0,10.043826666666428
3,b3c18,84.0,10.043236666666537
3,b3c18,85.0,10.04322000000005
3,b3c18,86.0,10.043409999999373
3,b3c18,87.0,10.043685000000794
3,b3c18,88.0,10.043328333333678
3,b3c18,89.0,10.043980000000253
3,b3c18,90.0,10.043511666666017
3,b3c18,91.0,10.042766666666527
3,b3c18,92.0,10.043378333334113
3,b3c18,93.0,10.043816666665952
3,b3c18,94.0,10.043069999999716
3,b3c18,95.0,10.043235000000761
3,b3c18,96.0,10.043103333332692
3,b3c18,97.0,10.044081666666898
3,b3c18,98.0,10.042043333333762
3,b3c18,99.0,10.042385000000165
3,b3c18,100.0,10.042154999999912
3,b3c19,10.0,10.043135000000136
3,b3c19,11.0,10.04126499999984
3,b3c19,12.0,10.04121499999989
3,b3c19,13.0,10.041698333333382
3,b3c19,14.0,10.04292333333336
3,b3c19,15.0,10.043666666666589
3,b3c19,16.0,10.042835000000196
3,b3c19,17.0,10.042688333333354
3,b3c19,18.0,10.043666666666589
3,b3c19,19.0,10.043390000000363
3,b3c19,20.0,10.043241666666775
3,b3c19,21.0,10.043325000000186
3,b3c19,22.0,10.042773333333026
3,b3c19,23.0,10.043503333333259
3,b3c19,24.0,10.043481666667018
3,b3c19,25.0,10.042735000000297
3,b3c19,26.0,10.04361666666664
3,b3c19,27.0,10.04381333333343
3,b3c19,28.0,10.044011666666483
3,b3c19,29.0,10.043919999999828
3,b3c19,30.0,10.0437883333337
3,b3c19,31.0,10.044074999999914
3,b3c19,32.0,10.044148333333336
3,b3c19,33.0,10.04315000000012
3,b3c19,34.0,10.043441666666574
3,b3c19,35.0,10.04320000000007
3,b3c19,36.0,10.043313333333451
3,b3c19,37.0,10.042878333333647
3,b3c19,38.0,10.04222000000009
3,b3c19,39.0,10.04161166666648
3,b3c19,40.0,10.041941666667118
3,b3c19,41.0,10.041579999999763
3,b3c19,42.0,10.041533333333307
3,b3c19,43.0,10.041473333333366
3,b3c19,44.0,10.041760000000068
3,b3c19,45.0,10.042546666666748
3,b3c19,46.0,10.043203333333077
3,b3c19,47.0,10.043921666666574
3,b3c19,48.0,10.043754999999752
3,b3c19,49.0,10.043655000000339
3,b3c19,50.0,10.043848333333154
3,b3c19,51.0,10.04381333333343
3,b3c19,52.0,10.043648333333355
3,b3c19,53.0,10.04502333333318
3,b3c19,54.0,10.044700000000011
3,b3c19,55.0,10.044718333333245
3,b3c19,56.0,10.044244999999743
3,b3c19,57.0,10.044251666666726
3,b3c19,58.0,10.043851666666646
3,b3c19,59.0,10.043579999999686
3,b3c19,60.0,10.043398333333123
3,b3c19,61.0,10.044174999999814
3,b3c19,62.0,10.043704999999802
3,b3c19,63.0,10.042958333332596
3,b3c19,64.0,10.042268333332807
3,b3c19,65.0,10.042644999999903
3,b3c19,66.0,10.042706666666588
3,b3c19,67.0,10.043091666666442
3,b3c19,68.0,10.042528333333514
3,b3c19,69.0,10.042449999999372
3,b3c19,70.0,10.042926666666366
3,b3c19,71.0,10.04277333333254
3,b3c19,72.0,10.041730000000097
3,b3c19,73.0,10.042321666666734
3,b3c19,74.0,10.041821666667238
3,b3c19,75.0,10.043103333332692
3,b3c19,76.0,10.042726666666567
3,b3c19,77.0,10.041976666666839
3,b3c19,78.0,10.043170000000584
3,b3c19,79.0,10.042643333333157
3,b3c19,80.0,10.04355833333296
3,b3c19,81.0,10.043808333333194
3,b3c19,82.0,10.043505000000005
3,b3c19,83.0,10.04343499999959
3,b3c19,84.0,10.042566666666728
3,b3c19,85.0,10.042789999999998
3,b3c19,86.0,10.043441666666574
3,b3c19,87.0,10.044598333332882
3,b3c19,88.0,10.046208333333682
3,b3c19,89.0,10.044166666667055
3,b3c19,90.0,10.044101666665908
3,b3c19,91.0,10.043903333333825
3,b3c19,92.0,10.042860000000413
3,b3c19,93.0,10.043026666666265
3,b3c19,94.0,10.043278333333243
3,b3c19,95.0,10.043731666666766
3,b3c19,96.0,10.043329999999454
3,b3c19,97.0,10.043421666666594
3,b3c19,98.0,10.043446666666812
3,b3c19,99.0,10.043429999999352
3,b3c19,100.0,10.043530000000223
3,b3c20,10.0,10.043119999999908
3,b3c20,11.0,10.043134999999893
3,b3c20,12.0,10.043029999999757
3,b3c20,13.0,10.045966666666693
3,b3c20,14.0,10.042634999999912
3,b3c20,15.0,10.042633333333166
3,b3c20,16.0,10.043609999999656
3,b3c20,17.0,10.042503333333782
3,b3c20,18.0,10.04354666666671
3,b3c20,19.0,10.042953333333328
3,b3c20,20.0,10.043376666666397
3,b3c20,21.0,10.04243499999963
3,b3c20,22.0,10.043058333332981
3,b3c20,23.0,10.042345000000205
3,b3c20,24.0,10.042651666666886
3,b3c20,25.0,10.042126666666688
3,b3c20,26.0,10.043120000000151
3,b3c20,27.0,10.0532249999999
3,b3c20,28.0,10.04317166666636
3,b3c20,29.0,10.042113333333207
3,b3c20,30.0,10.042803333332994
3,b3c20,31.0,10.042798333333243
3,b3c20,32.0,10.042146666666667
3,b3c20,33.0,10.043098333333425
3,b3c20,34.0,10.04233666666696
3,b3c20,35.0,10.042963333333319
3,b3c20,36.0,10.04261000000018
3,b3c20,37.0,10.04241333333339
3,b3c20,38.0,10.043776666666478
3,b3c20,39.0,10.043375000000136
3,b3c20,40.0,10.043648333333355
3,b3c20,41.0,10.043856666666882
3,b3c20,42.0,10.043756666666983
3,b3c20,43.0,10.043643333333117
3,b3c20,44.0,10.043408333333112
3,b3c20,45.0,10.04375999999999
3,b3c20,46.0,10.042698333333343
3,b3c20,47.0,10.043171666666845
3,b3c20,48.0,10.043113333333167
3,b3c20,49.0,10.042799999999989
3,b3c20,50.0,10.043071666666462
3,b3c20,51.0,10.043206666666569
3,b3c20,52.0,10.04292333333336
3,b3c20,53.0,10.043005000000024
3,b3c20,54.0,10.043351666666664
3,b3c20,55.0,10.042616666666678
3,b3c20,56.0,10.042698333333343
3,b3c20,57.0,10.042349999999471
3,b3c20,58.0,10.042081666666975
3,b3c20,59.0,10.042116666666697
3,b3c20,60.0,10.042831666666704
3,b3c20,61.0,10.042584999999963
3,b3c20,62.0,10.042548333333494
3,b3c20,63.0,10.043038333333486
3,b3c20,64.0,10.043968333334002
3,b3c20,65.0,10.044048333333922
3,b3c20,66.0,10.043368333333637
3,b3c20,67.0,10.043820000000414
3,b3c20,68.0,10.043701666666312
3,b3c20,69.0,10.043795000000197
3,b3c20,70.0,10.043286666666972
3,b3c20,71.0,10.044224999999278
3,b3c20,72.0,10.043691666666806
3,b3c20,73.0,10.044315000000642
3,b3c20,74.0,10.043465000000046
3,b3c20,75.0,10.043106666667153
3,b3c20,76.0,10.044515000000441
3,b3c20,77.0,10.044221666666756
3,b3c20,78.0,10.043875000000117
3,b3c20,79.0,10.042636666667143
3,b3c20,80.0,10.042358333333201
3,b3c20,81.0,10.044128333332871
3,b3c20,82.0,10.043846666666408
3,b3c20,83.0,10.051743333332706
3,b3c20,84.0,10.043170000000584
3,b3c20,85.0,10.043111666666421
3,b3c20,86.0,10.043136666666639
3,b3c20,87.0,10.042741666667279
3,b3c20,88.0,10.043420000000818
3,b3c20,89.0,10.043245000000267
3,b3c20,90.0,10.043339999999928
3,b3c20,91.0,10.043628333333375
3,b3c20,92.0,10.044031666666463
3,b3c20,93.0,10.043588333333416
3,b3c20,94.0,10.042608333333435
3,b3c20,95.0,10.043590000000162
3,b3c20,96.0,10.043451666667048
3,b3c20,97.0,10.043316666666458
3,b3c20,98.0,10.042754999999307
3,b3c20,99.0,10.043485000000025
3,b3c20,100.0,10.04352666666673
3,b3c21,10.0,10.064048333333387
3,b3c21,11.0,10.062725000000016
3,b3c21,12.0,10.063103333333371
3,b3c21,13.0,10.06245166666631
3,b3c21,14.0,10.062649999999849
3,b3c21,15.0,10.062999999999981
3,b3c21,16.0,10.062106666666416
3,b3c21,17.0,10.063716666666732
3,b3c21,18.0,10.061818333333456
3,b3c21,19.0,10.061865000000399
3,b3c21,20.0,10.062456666666549
3,b3c21,21.0,10.065533333333345
3,b3c21,22.0,10.06442166666675
3,b3c21,23.0,10.066378333333706
3,b3c21,24.0,10.06671499999987
3,b3c21,25.0,10.066398333333685
3,b3c21,26.0,10.066176666666676
3,b3c21,27.0,10.069048333332951
3,b3c21,28.0,10.06845333333331
3,b3c21,29.0,10.069003333333239
3,b3c21,30.0,10.069051666666443
3,b3c21,31.0,10.069516666666702
3,b3c21,32.0,10.068801666666696
3,b3c21,33.0,10.068374999999651
3,b3c21,34.0,10.06970500000025
3,b3c21,35.0,10.067899999999888
3,b3c21,36.0,10.069986666666713
3,b3c21,37.0,10.070618333333307
3,b3c21,38.0,10.069376666666843
3,b3c21,39.0,10.071926666666695
3,b3c21,40.0,10.072744999999607
3,b3c21,41.0,10.073388333333423
3,b3c21,42.0,10.074158333333617
3,b3c21,43.0,10.07275000000033
3,b3c21,44.0,10.074641666666624
3,b3c21,45.0,10.076110000000336
3,b3c21,46.0,10.075496666666488
3,b3c21,47.0,10.07852166666659
3,b3c21,48.0,10.075301666666443
3,b3c21,49.0,10.074156666666871
3,b3c21,50.0,10.077664999999978
3,b3c21,51.0,10.076700000000224
3,b3c21,52.0,10.076336666666611
3,b3c21,53.0,10.075993333333463
3,b3c21,54.0,10.075
3,b3c21,55.0,10.074636666666386
3,b3c21,56.0,10.077271666666396
3,b3c21,57.0,10.078020000000349
3,b3c21,58.0,10.076208333333488
3,b3c21,59.0,10.07584666666662
3,b3c21,60.0,10.076106666666359
3,b3c21,61.0,10.079758333333302
3,b3c21,62.0,10.080088333333455
3,b3c21,63.0,10.078965000000123
3,b3c21,64.0,10.080134999999427
3,b3c21,65.0,10.082249999999961
3,b3c21,66.0,10.083301666666133
3,b3c21,67.0,10.084734999999636
3,b3c21,68.0,10.085109999999986
3,b3c21,69.0,10.086066666666495
3,b3c21,70.0,10.087121666667128
3,b3c21,71.0,10.088573333333867
3,b3c21,72.0,10.089148333333045
3,b3c21,73.0,10.090415000000696
3,b3c21,74.0,10.091348333332766
3,b3c21,75.0,10.091068333333048
3,b3c21,76.0,10.09132666666701
3,b3c21,77.0,10.092989999999796
3,b3c21,78.0,10.092903333332893
3,b3c21,79.0,10.092886666666406
3,b3c21,80.0,10.091788333333291
3,b3c21,81.0,10.091168333333917
3,b3c21,82.0,10.09611333333305
3,b3c21,83.0,10.11326500000044
3,b3c21,84.0,10.09840166666739
3,b3c21,85.0,10.096179999999974
3,b3c21,86.0,10.095168333333762
3,b3c21,87.0,10.096771666666609
3,b3c21,88.0,10.098571666666734
3,b3c21,89.0,10.099943333333552
3,b3c21,90.0,10.098558333333736
3,b3c21,91.0,10.097369999999257
3,b3c21,92.0,10.096138333333268
3,b3c21,93.0,10.095871666666547
3,b3c21,94.0,10.097613333333477
3,b3c21,95.0,10.100211666666048
3,b3c21,96.0,10.101218333332993
3,b3c21,97.0,10.102500000000388
3,b3c21,98.0,10.104306666667496
3,b3c21,99.0,10.104905000000144
3,b3c21,100.0,10.10556833333297
3,b3c22,10.0,10.04202666666679
3,b3c22,11.0,10.041125000000223
3,b3c22,12.0,10.041604999999981
3,b3c22,13.0,10.042043333333277
3,b3c22,14.0,10.043900000000333
3,b3c22,15.0,10.043990000000242
3,b3c22,16.0,10.041741666666834
3,b3c22,17.0,10.04341333333335
3,b3c22,18.0,10.043681666666817
3,b3c22,19.0,10.04347666666678
3,b3c22,20.0,10.043383333333379
3,b3c22,21.0,10.043246666667013
3,b3c22,22.0,10.044083333333159
3,b3c22,23.0,10.042895000000135
3,b3c22,24.0,10.043400000000354
3,b3c22,25.0,10.0437116666663
3,b3c22,26.0,10.044703333333503
3,b3c22,27.0,10.042388333333172
3,b3c22,28.0,10.043293333332986
3,b3c22,29.0,10.043551666666463
3,b3c22,30.0,10.04317166666636
3,b3c22,31.0,10.043709999999555
3,b3c22,32.0,10.043591666666423
3,b3c22,33.0,10.043959999999789
3,b3c22,34.0,10.04381333333343
3,b3c22,35.0,10.043896666666843
3,b3c22,36.0,10.043204999999823
3,b3c22,37.0,10.043959999999789
3,b3c22,38.0,10.043106666666668
3,b3c22,39.0,10.042841666666694
3,b3c22,40.0,10.041941666666633
3,b3c22,41.0,10.041545000000042
3,b3c22,42.0,10.04079666666706
3,b3c22,43.0,10.02550999999997
3,b3c22,44.0,10.043120000000151
3,b3c22,45.0,10.0416849999999
3,b3c22,46.0,10.043241666666775
3,b3c22,47.0,10.043990000000242
3,b3c22,48.0,10.043396666666377
3,b3c22,49.0,10.044133333333594
3,b3c22,50.0,10.043623333333137
3,b3c22,51.0,10.043894999999612
3,b3c22,52.0,10.043885000000106
3,b3c22,53.0,10.02689166666678
3,b3c22,54.0,10.042955000000074
3,b3c22,55.0,10.042535000000013
3,b3c22,56.0,10.042545000000002
3,b3c22,57.0,10.044193333333533
3,b3c22,58.0,10.042785000000245
3,b3c22,59.0,10.043696666666559
3,b3c22,60.0,10.042395000000154
3,b3c22,61.0,10.044128333332871
3,b3c22,62.0,10.044033333333209
3,b3c22,63.0,10.043386666665901
3,b3c22,64.0,10.043275000000722
3,b3c22,65.0,10.043561666666452
3,b3c22,66.0,10.044803333333887
3,b3c22,67.0,10.042601666666451
3,b3c22,68.0,10.04277333333351
3,b3c22,69.0,10.043279999999989
3,b3c22,70.0,10.043031666666502
3,b3c22,71.0,10.042595000000437
3,b3c22,72.0,10.041911666666662
3,b3c22,73.0,10.041866666666465
3,b3c22,74.0,10.041979999999361
3,b3c22,75.0,10.04226666666606
3,b3c22,76.0,10.041966666666363
3,b3c22,77.0,10.041798333333766
3,b3c22,78.0,10.041024999999596
3,b3c22,79.0,10.042094999999971
3,b3c22,80.0,10.04171333333361
3,b3c22,81.0,10.041075000000031
3,b3c22,82.0,10.041906666666424
3,b3c22,83.0,10.043054999999974
3,b3c22,84.0,10.042931666666602
3,b3c22,85.0,10.042761666666289
3,b3c22,86.0,10.042755000000277
3,b3c22,87.0,10.042291666666278
3,b3c22,88.0,10.04306833333297
3,b3c22,89.0,10.042316666666496
3,b3c22,90.0,10.042181666666874
3,b3c22,91.0,10.044051666666443
3,b3c22,92.0,10.042161666666894
3,b3c22,93.0,10.042796666666012
3,b3c22,94.0,10.043203333332592
3,b3c22,95.0,10.04230666666602
3,b3c22,96.0,10.041994999999103
3,b3c22,97.0,10.042009999999815
3,b3c22,98.0,10.041616666666233
3,b3c22,99.0,10.042129999999695
3,b3c22,100.0,10.042656666666153
3,b3c23,10.0,11.037883333333351
3,b3c23,11.0,11.054133333333205
3,b3c23,12.0,11.03786666666662
3,b3c23,13.0,11.03665333333338
3,b3c23,14.0,11.053416666666454
3,b3c23,15.0,11.03687166666641
3,b3c23,16.0,11.036729999999807
3,b3c23,17.0,11.036508333333282
3,b3c23,18.0,11.03648000000006
3,b3c23,19.0,11.036753333333278
3,b3c23,20.0,11.03700166666628
3,b3c23,21.0,11.0365333333335
3,b3c23,22.0,11.036175000000124
3,b3c23,23.0,11.036530000000008
3,b3c23,24.0,11.036268333333526
3,b3c23,25.0,11.03685000000017
3,b3c23,26.0,11.03806999999991
3,b3c23,27.0,11.037008333333263
3,b3c23,28.0,11.037676666666812
3,b3c23,29.0,11.03537166666647
3,b3c23,30.0,11.039619999999802
3,b3c23,31.0,11.034963333333629
3,b3c23,32.0,11.035216666666868
3,b3c23,33.0,11.035543333333528
3,b3c23,34.0,11.035179999999915
3,b3c23,35.0,11.03475166666661
3,b3c23,36.0,11.034686666666433
3,b3c23,37.0,11.03754999999995
3,b3c23,38.0,11.038495000000209
3,b3c23,39.0,11.038798333333398
3,b3c23,40.0,11.038228333333002
3,b3c23,41.0,11.038160000000305
3,b3c23,42.0,11.038900000000043
3,b3c23,43.0,11.038816666666632
3,b3c23,44.0,11.035540000000037
3,b3c23,45.0,11.03658333333345
3,b3c23,46.0,11.03696166666632
3,b3c23,47.0,11.041190000000158
3,b3c23,48.0,11.036524999999772
3,b3c23,49.0,11.039909999999994
3,b3c23,50.0,11.036661666666623
3,b3c23,51.0,11.037209999999808
3,b3c23,52.0,11.037659999999839
3,b3c23,53.0,11.036761666667008
3,b3c23,54.0,11.040130000000257
3,b3c23,55.0,11.03537166666647
3,b3c23,56.0,11.036069999999988
3,b3c23,57.0,11.035598333332747
3,b3c23,58.0,11.035223333332882
3,b3c23,59.0,11.035506666666091
3,b3c23,60.0,11.046159999999993
3,b3c23,61.0,11.040795000000314
3,b3c23,62.0,11.03914999999979
3,b3c23,63.0,11.05499833333403
3,b3c23,64.0,11.038948333333247
3,b3c23,65.0,11.037749999999262
3,b3c23,66.0,11.038833333332635
3,b3c23,67.0,11.037546666665973
3,b3c23,68.0,11.038671666666051
3,b3c23,69.0,11.037621666666626
3,b3c23,70.0,11.037201666667048
3,b3c23,71.0,11.054961666666593
3,b3c23,72.0,11.039033333333403
3,b3c23,73.0,11.038799999999659
3,b3c23,74.0,11.038303333333655
3,b3c23,75.0,11.039003333333918
3,b3c23,76.0,11.035619999999957
3,b3c23,77.0,11.0378183333339
3,b3c23,78.0,11.039391666667264
3,b3c23,79.0,11.035674999999658
3,b3c23,80.0,11.036833333333682
3,b3c23,81.0,11.036408333333869
3,b3c23,82.0,11.038555000000633
3,b3c23,83.0,11.040889999999974
3,b3c23,84.0,11.040565000000061
3,b3c23,85.0,11.039056666666875
3,b3c23,86.0,11.038873333332594
3,b3c23,87.0,11.036761666666523
3,b3c23,88.0,11.039699999999721
3,b3c23,89.0,11.035835000000468
3,b3c23,90.0,11.038453333333019
3,b3c23,91.0,11.038186666666297
3,b3c23,92.0,11.038124999999612
3,b3c23,93.0,11.038498333333216
3,b3c23,94.0,11.03785500000037
3,b3c23,95.0,11.03835666666661
3,b3c23,96.0,11.038035000000187
3,b3c23,97.0,11.0393650000003
3,b3c23,98.0,11.038113333333362
3,b3c23,99.0,11.03836500000034
3,b3c23,100.0,11.041020000000328
3,b3c24,10.0,10.040996666666615
3,b3c24,11.0,10.041124999999981
3,b3c24,12.0,10.040170000000217
3,b3c24,13.0,10.041735000000335
3,b3c24,14.0,10.041879999999946
3,b3c24,15.0,10.04187666666694
3,b3c24,16.0,10.04251833333304
3,b3c24,17.0,10.042798333333243
3,b3c24,18.0,10.042705000000327
3,b3c24,19.0,10.042055000000012
3,b3c24,20.0,10.042001666666572
3,b3c24,21.0,10.042885000000146
3,b3c24,22.0,10.041543333333296
3,b3c24,23.0,10.042309999999997
3,b3c24,24.0,10.042698333333343
3,b3c24,25.0,10.042728333333798
3,b3c24,26.0,10.041464999999638
3,b3c24,27.0,10.041781666666793
3,b3c24,28.0,10.041176666666676
3,b3c24,29.0,10.04145000000038
3,b3c24,30.0,10.04188833333319
3,b3c24,31.0,10.041863333332973
3,b3c24,32.0,10.042009999999815
3,b3c24,33.0,10.042313333333489
3,b3c24,34.0,10.042206666666607
3,b3c24,35.0,10.042003333333318
3,b3c24,36.0,10.041803333333034
3,b3c24,37.0,10.04301833333302
3,b3c24,38.0,10.041330000000016
3,b3c24,39.0,10.040766666666604
3,b3c24,40.0,10.041401666666692
3,b3c24,41.0,10.042738333333302
3,b3c24,42.0,10.041443333333397
3,b3c24,43.0,10.040708333333411
3,b3c24,44.0,10.040771666666842
3,b3c24,45.0,10.040130000000257
3,b3c24,46.0,10.045090000000103
3,b3c24,47.0,10.042180000000128
3,b3c24,48.0,10.042473333333328
3,b3c24,49.0,10.04225499999981
3,b3c24,50.0,10.04263000000016
3,b3c24,51.0,10.0427833333335
3,b3c24,52.0,10.04234333333346
3,b3c24,53.0,10.042445000000104
3,b3c24,54.0,10.043071666666947
3,b3c24,55.0,10.042374999999689
3,b3c24,56.0,10.042905000000125
3,b3c24,57.0,10.043108333333414
3,b3c24,58.0,10.042136666666677
3,b3c24,59.0,10.041929999999896
3,b3c24,60.0,10.042023333332812
3,b3c24,61.0,10.041610000000219
3,b3c24,62.0,10.041903333332932
3,b3c24,63.0,10.041698333333867
3,b3c24,64.0,10.043276666666497
3,b3c24,65.0,10.041329999999531
3,b3c24,66.0,10.041428333333654
3,b3c24,67.0,10.040868333333249
3,b3c24,68.0,10.040968333333149
3,b3c24,69.0,10.041164999999456
3,b3c24,70.0,10.040938333333663
3,b3c24,71.0,10.040690000000177
3,b3c24,72.0,10.040855000000253
3,b3c24,73.0,10.041098333333503
3,b3c24,74.0,10.040538333334068
3,b3c24,75.0,10.04104333333283
3,b3c24,76.0,10.041039999999338
3,b3c24,77.0,10.041720000000593
3,b3c24,78.0,10.041366666665999
3,b3c24,79.0,10.041221666665903
3,b3c24,80.0,10.041939999999402
3,b3c24,81.0,10.042118333333443
3,b3c24,82.0,10.042383333333419
3,b3c24,83.0,10.041781666666308
3,b3c24,84.0,10.040929999999936
3,b3c24,85.0,10.041461666666631
3,b3c24,86.0,10.041483333333357
3,b3c24,87.0,10.042161666666894
3,b3c24,88.0,10.042703333333096
3,b3c24,89.0,10.04044166666669
3,b3c24,90.0,10.042564999999984
3,b3c24,91.0,10.042140000000169
3,b3c24,92.0,10.042111666666461
3,b3c24,93.0,10.042405000000144
3,b3c24,94.0,10.040941666666185
3,b3c24,95.0,10.042113333333207
3,b3c24,96.0,10.041436666666414
3,b3c24,97.0,10.040586666666787
3,b3c24,98.0,10.042385000000165
3,b3c24,99.0,10.041026666666342
3,b3c24,100.0,10.041419999999926
3,b3c25,10.0,10.042500000000048
3,b3c25,11.0,10.042621666666431
3,b3c25,12.0,10.041753333333569
3,b3c25,13.0,10.042046666666769
3,b3c25,14.0,10.041608333333473
3,b3c25,15.0,10.042498333333546
3,b3c25,16.0,10.041963333333358
3,b3c25,17.0,10.04216166666641
3,b3c25,18.0,10.04375
3,b3c25,19.0,10.04388333333336
3,b3c25,20.0,10.04407666666666
3,b3c25,21.0,10.044123333333118
3,b3c25,22.0,10.043228333333294
3,b3c25,23.0,10.044284999999702
3,b3c25,24.0,10.043174999999852
3,b3c25,25.0,10.042643333333157
3,b3c25,26.0,10.042641666666896
3,b3c25,27.0,10.043395000000116
3,b3c25,28.0,10.041459999999885
3,b3c25,29.0,10.04240666666689
3,b3c25,30.0,10.042371666666684
3,b3c25,31.0,10.041849999999977
3,b3c25,32.0,10.041704999999881
3,b3c25,33.0,10.041531666666561
3,b3c25,34.0,10.041518333333078
3,b3c25,35.0,10.040933333333426
3,b3c25,36.0,10.041704999999881
3,b3c25,37.0,10.041580000000248
3,b3c25,38.0,10.043119999999666
3,b3c25,39.0,10.042568333333474
3,b3c25,40.0,10.042363333333439
3,b3c25,41.0,10.041876666666456
3,b3c25,42.0,10.042183333333135
3,b3c25,43.0,10.042178333333384
3,b3c25,44.0,10.043135000000378
3,b3c25,45.0,10.04374833333374
3,b3c25,46.0,10.04224499999982
3,b3c25,47.0,10.04203166666654
3,b3c25,48.0,10.042263333333056
3,b3c25,49.0,10.041578333333018
3,b3c25,50.0,10.041519999999824
3,b3c25,51.0,10.042391666666663
3,b3c25,52.0,10.041805000000265
3,b3c25,53.0,10.041773333333548
3,b3c25,54.0,10.042183333333135
3,b3c25,55.0,10.041913333333408
3,b3c25,56.0,10.041596666666738
3,b3c25,57.0,10.043673333333572
3,b3c25,58.0,10.043735000000257
3,b3c25,59.0,10.043721666667262
3,b3c25,60.0,10.042248333332827
3,b3c25,61.0,10.044031666667433
3,b3c25,62.0,10.043955000000036
3,b3c25,63.0,10.044239999999991
3,b3c25,64.0,10.044126666666125
3,b3c25,65.0,10.041519999999824
3,b3c25,66.0,10.046241666666658
3,b3c25,67.0,10.043994999999995
3,b3c25,68.0,10.041788333333292
3,b3c25,69.0,10.04335999999991
3,b3c25,70.0,10.025970000000477
3,b3c25,71.0,10.04369000000006
3,b3c25,72.0,10.042776666667002
3,b3c25,73.0,10.042288333333756
3,b3c25,74.0,10.042330000000463
3,b3c25,75.0,10.042148333333898
3,b3c25,76.0,10.042363333333439
3,b3c25,77.0,10.043465000000046
3,b3c25,78.0,10.04340333333336
3,b3c25,79.0,10.043681666666332
3,b3c25,80.0,10.042269999999553
3,b3c25,81.0,10.042608333333435
3,b3c25,82.0,10.043684999999822
3,b3c25,83.0,10.041343333332527
3,b3c25,84.0,10.041181666666914
3,b3c25,85.0,10.041839999999501
3,b3c25,86.0,10.043006666667255
3,b3c25,87.0,10.04290500000061
3,b3c25,88.0,10.042539999999766
3,b3c25,89.0,10.041780000000532
3,b3c25,90.0,10.043113333333167
3,b3c25,91.0,10.042913333333368
3,b3c25,92.0,10.042564999999984
3,b3c25,93.0,10.043031666666502
3,b3c25,94.0,10.042501666666551
3,b3c25,95.0,10.043154999999873
3,b3c25,96.0,10.04356666666669
3,b3c25,97.0,10.043156666666619
3,b3c25,98.0,10.043298333333222
3,b3c25,99.0,10.043169999999614
3,b3c25,100.0,10.043653333333593
3,b3c26,10.0,10.042503333333297
3,b3c26,11.0,10.042718333333323
3,b3c26,12.0,10.043063333333217
3,b3c26,13.0,10.041966666666363
3,b3c26,14.0,10.0417849999998
3,b3c26,15.0,10.042566666666728
3,b3c26,16.0,10.042108333332969
3,b3c26,17.0,10.04253000000026
3,b3c26,18.0,10.041463333332892
3,b3c26,19.0,10.041481666666611
3,b3c26,20.0,10.041651666666924
3,b3c26,21.0,10.041656666666677
3,b3c26,22.0,10.042363333333439
3,b3c26,23.0,10.042628333333415
3,b3c26,24.0,10.041780000000047
3,b3c26,25.0,10.042646666666649
3,b3c26,26.0,10.043436666666821
3,b3c26,27.0,10.043341666666674
3,b3c26,28.0,10.041686666666646
3,b3c26,29.0,10.043691666666321
3,b3c26,30.0,10.042713333333086
3,b3c26,31.0,10.041300000000046
3,b3c26,32.0,10.041156666666211
3,b3c26,33.0,10.041549999999795
3,b3c26,34.0,10.041241666666853
3,b3c26,35.0,10.04323333333353
3,b3c26,36.0,10.041288333333311
3,b3c26,37.0,10.042471666666582
3,b3c26,38.0,10.041586666666747
3,b3c26,39.0,10.04108500000002
3,b3c26,40.0,10.04241833333314
3,b3c26,41.0,10.041461666666631
3,b3c26,42.0,10.041546666666788
3,b3c26,43.0,10.041588333333493
3,b3c26,44.0,10.042441666667097
3,b3c26,45.0,10.041425000000164
3,b3c26,46.0,10.041335000000254
3,b3c26,47.0,10.04164333333368
3,b3c26,48.0,10.042596666666698
3,b3c26,49.0,10.041995000000073
3,b3c26,50.0,10.041241666666853
3,b3c26,51.0,10.042649999999655
3,b3c26,52.0,10.041911666666662
3,b3c26,53.0,10.04243666666686
3,b3c26,54.0,10.042006666666323
3,b3c26,55.0,10.04251833333304
3,b3c26,56.0,10.043186666666589
3,b3c26,57.0,10.041208333332907
3,b3c26,58.0,10.042584999999963
3,b3c26,59.0,10.041508333333574
3,b3c26,60.0,10.042949999999838
3,b3c26,61.0,10.041496666666353
3,b3c26,62.0,10.042310000000482
3,b3c26,63.0,10.041663333333174
3,b3c26,64.0,10.041386666666948
3,b3c26,65.0,10.04171333333361
3,b3c26,66.0,10.041941666666146
3,b3c26,67.0,10.044281666666697
3,b3c26,68.0,10.043795000000197
3,b3c26,69.0,10.043416666667326
3,b3c26,70.0,10.043061666666956
3,b3c26,71.0,10.042356666666455
3,b3c26,72.0,10.043070000000686
3,b3c26,73.0,10.043576666667166
3,b3c26,74.0,10.043816666665952
3,b3c26,75.0,10.041938333332656
3,b3c26,76.0,10.044626666666591
3,b3c26,77.0,10.042333333332984
3,b3c26,78.0,10.043044999999498
3,b3c26,79.0,10.04134666666602
3,b3c26,80.0,10.04127499999983
3,b3c26,81.0,10.04232333333348
3,b3c26,82.0,10.04255000000024
3,b3c26,83.0,10.041628333333453
3,b3c26,84.0,10.041869999999957
3,b3c26,85.0,10.04274166666631
3,b3c26,86.0,10.0421716666664
3,b3c26,87.0,10.041730000000097
3,b3c26,88.0,10.041594999999507
3,b3c26,89.0,10.041263333332608
3,b3c26,90.0,10.041446666665918
3,b3c26,91.0,10.042383333333419
3,b3c26,92.0,10.040856666666999
3,b3c26,93.0,10.042158333333402
3,b3c26,94.0,10.042726666666567
3,b3c26,95.0,10.043756666666983
3,b3c26,96.0,10.043074999999954
3,b3c26,97.0,10.043218333333304
3,b3c26,98.0,10.043201666666816
3,b3c26,99.0,10.043768333333235
3,b3c26,100.0,10.043570000000182
3,b3c27,10.0,10.043774999999975
3,b3c27,11.0,10.044088333333397
3,b3c27,12.0,10.045235000000199
3,b3c27,13.0,10.045219999999972
3,b3c27,14.0,10.044628333333337
3,b3c27,15.0,10.045634999999796
3,b3c27,16.0,10.045198333333246
3,b3c27,17.0,10.044941666667
3,b3c27,18.0,10.045298333333145
3,b3c27,19.0,10.045016666666681
3,b3c27,20.0,10.04507166666687
3,b3c27,21.0,10.045098333333348
3,b3c27,22.0,10.04478999999992
3,b3c27,23.0,10.045018333333427
3,b3c27,24.0,10.045848333333076
3,b3c27,25.0,10.045881666666537
3,b3c27,26.0,10.045526666666653
3,b3c27,27.0,10.044731666666728
3,b3c27,28.0,10.044941666666515
3,b3c27,29.0,10.045166666667017
3,b3c27,30.0,10.044994999999956
3,b3c27,31.0,10.044690000000022
3,b3c27,32.0,10.044898333333064
3,b3c27,33.0,10.04447333333325
3,b3c27,34.0,10.04494999999976
3,b3c27,35.0,10.044490000000224
3,b3c27,36.0,10.044093333333148
3,b3c27,37.0,10.044993333333212
3,b3c27,38.0,10.044691666666768
3,b3c27,39.0,10.044559999999668
3,b3c27,40.0,10.04583666666634
3,b3c27,41.0,10.045653333333515
3,b3c27,42.0,10.04647499999992
3,b3c27,43.0,10.046278333333612
3,b3c27,44.0,10.044273333333452
3,b3c27,45.0,10.044954999999996
3,b3c27,46.0,10.045213333333473
3,b3c27,47.0,10.04526500000017
3,b3c27,48.0,10.044874999999593
3,b3c27,49.0,10.04489999999981
3,b3c27,50.0,10.04535833333357
3,b3c27,51.0,10.04546999999972
3,b3c27,52.0,10.045249999999943
3,b3c27,53.0,10.044935000000017
3,b3c27,54.0,10.045406666666288
3,b3c27,55.0,10.045130000000063
3,b3c27,56.0,10.045468333333458
3,b3c27,57.0,10.045198333333246
3,b3c27,58.0,10.045311666666143
3,b3c27,59.0,10.045506666666673
3,b3c27,60.0,10.045063333333625
3,b3c27,61.0,10.046246666666896
3,b3c27,62.0,10.045373333333798
3,b3c27,63.0,10.046138333333268
3,b3c27,64.0,10.0459699999997
3,b3c27,65.0,10.046078333333329
3,b3c27,66.0,10.045945000000453
3,b3c27,67.0,10.045638333332802
3,b3c27,68.0,10.045749999999922
3,b3c27,69.0,10.044796666666905
3,b3c27,70.0,10.044680000000517
3,b3c27,71.0,10.044398333333083
3,b3c27,72.0,10.043991666667473
3,b3c27,73.0,10.043836666665932
3,b3c27,74.0,10.043715000000278
3,b3c27,75.0,10.044796666666905
3,b3c27,76.0,10.044406666666813
3,b3c27,77.0,10.043146666667115
3,b3c27,78.0,10.0445000000007
3,b3c27,79.0,10.044528333333437
3,b3c27,80.0,10.044740000000456
3,b3c27,81.0,10.045198333333246
3,b3c27,82.0,10.045350000000326
3,b3c27,83.0,10.044281666666697
3,b3c27,84.0,10.044716666666984
3,b3c27,85.0,10.044938333333508
3,b3c27,86.0,10.044954999999996
3,b3c27,87.0,10.046764999999626
3,b3c27,88.0,10.045716666666946
3,b3c27,89.0,10.045341666666596
3,b3c27,90.0,10.044455000000502
3,b3c27,91.0,10.04404833333295
3,b3c27,92.0,10.044158333333325
3,b3c27,93.0,10.04441166666705
3,b3c27,94.0,10.045961666666942
3,b3c27,95.0,10.04521666666648
3,b3c27,96.0,10.04478999999992
3,b3c27,97.0,10.043811666666686
3,b3c27,98.0,10.044086666666166
3,b3c27,99.0,10.045109999999598
3,b3c27,100.0,10.044306666666914
3,b3c28,10.0,10.041436666666657
3,b3c28,11.0,10.057815000000119
3,b3c28,12.0,10.05782500000011
3,b3c28,13.0,10.059943333333164
3,b3c28,14.0,10.058941666666943
3,b3c28,15.0,10.059759999999853
3,b3c28,16.0,10.059378333333006
3,b3c28,17.0,10.058920000000217
3,b3c28,18.0,10.058938333333451
3,b3c28,19.0,10.059473333333154
3,b3c28,20.0,10.060843333333711
3,b3c28,21.0,10.061046666666517
3,b3c28,22.0,10.044845000000107
3,b3c28,23.0,10.0630183333337
3,b3c28,24.0,10.063871666666818
3,b3c28,25.0,10.065256666666635
3,b3c28,26.0,10.065691666666924
3,b3c28,27.0,10.067134999999931
3,b3c28,28.0,10.066780000000048
3,b3c28,29.0,10.067526666666769
3,b3c28,30.0,10.067668333333375
3,b3c28,31.0,10.067693333333105
3,b3c28,32.0,10.069255000000219
3,b3c28,33.0,10.069506666666712
3,b3c28,34.0,10.070248333333682
3,b3c28,35.0,10.071381666666518
3,b3c28,36.0,10.072491666666368
3,b3c28,37.0,10.073888333332919
3,b3c28,38.0,10.074351666666432
3,b3c28,39.0,10.07572333333325
3,b3c28,40.0,10.077038333333137
3,b3c28,41.0,10.078301666666812
3,b3c28,42.0,10.078239999999642
3,b3c28,43.0,10.078653333333204
3,b3c28,44.0,10.079968333333575
3,b3c28,45.0,10.082045000000411
3,b3c28,46.0,10.082498333333449
3,b3c28,47.0,10.081684999999803
3,b3c28,48.0,10.08204333333318
3,b3c28,49.0,10.082709999999983
3,b3c28,50.0,10.083603333333546
3,b3c28,51.0,10.083576666667067
3,b3c28,52.0,10.08375500000014
3,b3c28,53.0,10.084198333333187
3,b3c28,54.0,10.084933333333659
3,b3c28,55.0,10.085155000000183
3,b3c28,56.0,10.0876933333333
3,b3c28,57.0,10.086811666666957
3,b3c28,58.0,10.088766666666682
3,b3c28,59.0,10.08969999999972
3,b3c28,60.0,10.09093166666668
3,b3c28,61.0,10.092626666666668
3,b3c28,62.0,10.093664999999843
3,b3c28,63.0,10.09510500000033
3,b3c28,64.0,10.096056666666604
3,b3c28,65.0,10.096476666667149
3,b3c28,66.0,10.09690666666623
3,b3c28,67.0,10.098786666667245
3,b3c28,68.0,10.100468333333264
3,b3c28,69.0,10.102208333333449
3,b3c28,70.0,10.103575000000031
3,b3c28,71.0,10.105138333333889
3,b3c28,72.0,10.10858166666682
3,b3c28,73.0,10.110183333332921
3,b3c28,74.0,10.109706666666899
3,b3c28,75.0,10.11080999999928
3,b3c28,76.0,10.112695000000532
3,b3c28,77.0,10.115061666667073
3,b3c28,78.0,10.112496666666509
3,b3c28,79.0,10.116230000000602
3,b3c28,80.0,10.11588000000047
3,b3c28,81.0,10.118381666666634
3,b3c28,82.0,10.117986666667274
3,b3c28,83.0,10.116825000000729
3,b3c28,84.0,10.118503333333258
3,b3c28,85.0,10.121319999999832
3,b3c28,86.0,10.122898333333433
3,b3c28,87.0,10.123121666666702
3,b3c28,88.0,10.12194666666716
3,b3c28,89.0,10.122264999999121
3,b3c28,90.0,10.122130000000471
3,b3c28,91.0,10.123530000000027
3,b3c28,92.0,10.126336666666127
3,b3c28,93.0,10.128366666666503
3,b3c28,94.0,10.131104999999904
3,b3c28,95.0,10.133133333333536
3,b3c28,96.0,10.136648333333627
3,b3c28,97.0,10.137956666667014
3,b3c28,98.0,10.139183333333737
3,b3c28,99.0,10.140856666666998
3,b3c28,100.0,10.14409666666664
3,b3c29,10.0,10.042010000000058
3,b3c29,11.0,10.042230000000078
3,b3c29,12.0,10.042685000000347
3,b3c29,13.0,10.043399999999869
3,b3c29,14.0,10.043223333333057
3,b3c29,15.0,10.041018333333097
3,b3c29,16.0,10.043455000000055
3,b3c29,17.0,10.040845000000264
3,b3c29,18.0,10.043529999999738
3,b3c29,19.0,10.041266666666585
3,b3c29,20.0,10.04444333333328
3,b3c29,21.0,10.041540000000289
3,b3c29,22.0,10.041293333333549
3,b3c29,23.0,10.04162499999996
3,b3c29,24.0,10.041196666666655
3,b3c29,25.0,10.041598333333484
3,b3c29,26.0,10.04015499999999
3,b3c29,27.0,10.042541666666997
3,b3c29,28.0,10.041371666666722
3,b3c29,29.0,10.041110000000238
3,b3c29,30.0,10.040545000000082
3,b3c29,31.0,10.041565000000022
3,b3c29,32.0,10.040515000000111
3,b3c29,33.0,10.04069499999993
3,b3c29,34.0,10.040741666666872
3,b3c29,35.0,10.040713333333164
3,b3c29,36.0,10.039976666666917
3,b3c29,37.0,10.041496666666353
3,b3c29,38.0,10.04273000000006
3,b3c29,39.0,10.043008333333031
3,b3c29,40.0,10.042741666666794
3,b3c29,41.0,10.042558333333485
3,b3c29,42.0,10.043179999999605
3,b3c29,43.0,10.043334999999692
3,b3c29,44.0,10.041291666666803
3,b3c29,45.0,10.041434999999668
3,b3c29,46.0,10.04106000000029
3,b3c29,47.0,10.040979999999884
3,b3c29,48.0,10.040883333333477
3,b3c29,49.0,10.04115499999995
3,b3c29,50.0,10.041236666666615
3,b3c29,51.0,10.044209999999536
3,b3c29,52.0,10.040779999999602
3,b3c29,53.0,10.041315000000274
3,b3c29,54.0,10.041183333333175
3,b3c29,55.0,10.04064499999998
3,b3c29,56.0,10.040579999999803
3,b3c29,57.0,10.040841666666287
3,b3c29,58.0,10.056044999999964
3,b3c29,59.0,10.043131666666401
3,b3c29,60.0,10.041539999999804
3,b3c29,61.0,10.040884999999738
3,b3c29,62.0,10.040825000000769
3,b3c29,63.0,10.040723333333153
3,b3c29,64.0,10.04219166666638
3,b3c29,65.0,10.042929999999858
3,b3c29,66.0,10.043066666666224
3,b3c29,67.0,10.043083333333682
3,b3c29,68.0,10.042919999999382
3,b3c29,69.0,10.042838333333687
3,b3c29,70.0,10.04302000000025
3,b3c29,71.0,10.042978333333545
3,b3c29,72.0,10.043241666665805
3,b3c29,73.0,10.04289666666688
3,b3c29,74.0,10.04190833333317
3,b3c29,75.0,10.043536666667205
3,b3c29,76.0,10.043740000000495
3,b3c29,77.0,10.04076833333335
3,b3c29,78.0,10.04137833333322
3,b3c29,79.0,10.04166166666643
3,b3c29,80.0,10.041283333333558
3,b3c29,81.0,10.043503333333259
3,b3c29,82.0,10.04072833333242
3,b3c29,83.0,10.040873333333487
3,b3c29,84.0,10.040526666666846
3,b3c29,85.0,10.04124666666709
3,b3c29,86.0,10.041583333333255
3,b3c29,87.0,10.04066499999996
3,b3c29,88.0,10.042121666666935
3,b3c29,89.0,10.041446666665918
3,b3c29,90.0,10.04344333333332
3,b3c29,91.0,10.043561666666452
3,b3c29,92.0,10.04306833333394
3,b3c29,93.0,10.040565000000061
3,b3c29,94.0,10.040873333333487
3,b3c29,95.0,10.040006666666402
3,b3c29,96.0,10.042554999999508
3,b3c29,97.0,10.042196666666618
3,b3c29,98.0,10.040850000000015
3,b3c29,99.0,10.041694999999406
3,b3c29,100.0,10.040804999999818
3,b3c30,10.0,10.043891666666605
3,b3c30,11.0,10.04362000000013
3,b3c30,12.0,10.043309999999959
3,b3c30,13.0,10.043524999999985
3,b3c30,14.0,10.04324166666629
3,b3c30,15.0,10.043431666667068
3,b3c30,16.0,10.044259999999971
3,b3c30,17.0,10.042696666666597
3,b3c30,18.0,10.0434633333333
3,b3c30,19.0,10.043589999999677
3,b3c30,20.0,10.044411666666566
3,b3c30,21.0,10.043858333333143
3,b3c30,22.0,10.043418333333587
3,b3c30,23.0,10.042995000000035
3,b3c30,24.0,10.043519999999747
3,b3c30,25.0,10.04322000000005
3,b3c30,26.0,10.044093333333148
3,b3c30,27.0,10.043718333333285
3,b3c30,28.0,10.043218333333304
3,b3c30,29.0,10.043348333333173
3,b3c30,30.0,10.04400666666673
3,b3c30,31.0,10.043898333333102
3,b3c30,32.0,10.04411666666662
3,b3c30,33.0,10.043698333333305
3,b3c30,34.0,10.043441666666574
3,b3c30,35.0,10.043648333333355
3,b3c30,36.0,10.043580000000171
3,b3c30,37.0,10.043396666666862
3,b3c30,38.0,10.043485000000025
3,b3c30,39.0,10.044004999999986
3,b3c30,40.0,10.044261666666717
3,b3c30,41.0,10.04373000000002
3,b3c30,42.0,10.027135000000028
3,b3c30,43.0,10.044266666666953
3,b3c30,44.0,10.043319999999948
3,b3c30,45.0,10.043769999999979
3,b3c30,46.0,10.043315000000197
3,b3c30,47.0,10.044004999999986
3,b3c30,48.0,10.043165000000348
3,b3c30,49.0,10.043368333333152
3,b3c30,50.0,10.04386333333338
3,b3c30,51.0,10.04295666666682
3,b3c30,52.0,10.043991666666988
3,b3c30,53.0,10.04328999999998
3,b3c30,54.0,10.04444166666702
3,b3c30,55.0,10.042898333333627
3,b3c30,56.0,10.04325000000002
3,b3c30,57.0,10.044189999999556
3,b3c30,58.0,10.043853333333391
3,b3c30,59.0,10.042766666666527
3,b3c30,60.0,10.043753333333491
3,b3c30,61.0,10.043756666666013
3,b3c30,62.0,10.043345000000166
3,b3c30,63.0,10.043459999999808
3,b3c30,64.0,10.043693333333552
3,b3c30,65.0,10.04250999999931
3,b3c30,66.0,10.043564999999944
3,b3c30,67.0,10.04377333333347
3,b3c30,68.0,10.043959999999304
3,b3c30,69.0,10.044210000000506
3,b3c30,70.0,10.043461666666554
3,b3c30,71.0,10.043301666666714
3,b3c30,72.0,10.043671666666826
3,b3c30,73.0,10.043928333333072
3,b3c30,74.0,10.043906666666347
3,b3c30,75.0,10.043564999999944
3,b3c30,76.0,10.04352666666673
3,b3c30,77.0,10.043551666666948
3,b3c30,78.0,10.043481666666533
3,b3c30,79.0,10.043269999999515
3,b3c30,80.0,10.043418333333102
3,b3c30,81.0,10.043408333333597
3,b3c30,82.0,10.04369000000006
3,b3c30,83.0,10.043569999999212
3,b3c30,84.0,10.04327499999975
3,b3c30,85.0,10.044031666666463
3,b3c30,86.0,10.043966666666286
3,b3c30,87.0,10.04337166666616
3,b3c30,88.0,10.043410000000343
3,b3c30,89.0,10.043715000000278
3,b3c30,90.0,10.044276666666459
3,b3c30,91.0,10.044550000000163
3,b3c30,92.0,10.044114999999874
3,b3c30,93.0,10.042621666666431
3,b3c30,94.0,10.04380166666718
3,b3c30,95.0,10.043514999999509
3,b3c30,96.0,10.04284166666718
3,b3c30,97.0,10.044261666666717
3,b3c30,98.0,10.043241666666775
3,b3c30,99.0,10.042909999999877
3,b3c30,100.0,10.043581666667402
3,b3c31,10.0,10.046641666666497
3,b3c31,11.0,10.04614166666676
3,b3c31,12.0,10.045396666666784
3,b3c31,13.0,10.045544999999887
3,b3c31,14.0,10.047416666666686
3,b3c31,15.0,10.029231666666844
3,b3c31,16.0,10.045758333333167
3,b3c31,17.0,10.04612999999954
3,b3c31,18.0,10.046273333333374
3,b3c31,19.0,10.045548333333379
3,b3c31,20.0,10.04790499999993
3,b3c31,21.0,10.04427833333369
3,b3c31,22.0,10.047496666666605
3,b3c31,23.0,10.04535666666634
3,b3c31,24.0,10.045881666666537
3,b3c31,25.0,10.046466666666674
3,b3c31,26.0,10.04563166666679
3,b3c31,27.0,10.045233333332968
3,b3c31,28.0,10.046313333333334
3,b3c31,29.0,10.044846666666368
3,b3c31,30.0,10.046053333333596
3,b3c31,31.0,10.045111666666829
3,b3c31,32.0,10.044808333333155
3,b3c31,33.0,10.045506666666673
3,b3c31,34.0,10.04606166666684
3,b3c31,35.0,10.045679999999994
3,b3c31,36.0,10.045161666666294
3,b3c31,37.0,10.0461016666668
3,b3c31,38.0,10.045031666666425
3,b3c31,39.0,10.046120000000034
3,b3c31,40.0,10.045691666666729
3,b3c31,41.0,10.046530000000105
3,b3c31,42.0,10.046394999999999
3,b3c31,43.0,10.04695833333341
3,b3c31,44.0,10.045448333333479
3,b3c31,45.0,10.045046666666652
3,b3c31,46.0,10.045974999999938
3,b3c31,47.0,10.045943333333707
3,b3c31,48.0,10.045489999999699
3,b3c31,49.0,10.045313333333374
3,b3c31,50.0,10.045798333333611
3,b3c31,51.0,10.04565166666677
3,b3c31,52.0,10.045660000000014
3,b3c31,53.0,10.045733333333434
3,b3c31,54.0,10.04608833333332
3,b3c31,55.0,10.045670000000003
3,b3c31,56.0,10.04603999999963
3,b3c31,57.0,10.045195000000724
3,b3c31,58.0,10.045630000000044
3,b3c31,59.0,10.045713333332484
3,b3c31,60.0,10.045905000000493
3,b3c31,61.0,10.045933333333233
3,b3c31,62.0,10.048216666666365
3,b3c31,63.0,10.04603833333337
3,b3c31,64.0,10.047051666666327
3,b3c31,65.0,10.047330000000269
3,b3c31,66.0,10.046313333332849
3,b3c31,67.0,10.04614999999952
3,b3c31,68.0,10.046693333333435
3,b3c31,69.0,10.045181666666759
3,b3c31,70.0,10.045363333333322
3,b3c31,71.0,10.045493333332706
3,b3c31,72.0,10.046191666666225
3,b3c31,73.0,10.045058333333388
3,b3c31,74.0,10.045043333333645
3,b3c31,75.0,10.044118333333365
3,b3c31,76.0,10.045891666666527
3,b3c31,77.0,10.046623333333022
3,b3c31,78.0,10.047286666665848
3,b3c31,79.0,10.045749999999922
3,b3c31,80.0,10.047186666666919
3,b3c31,81.0,10.045305000000129
3,b3c31,82.0,10.046766666666372
3,b3c31,83.0,10.04639666666626
3,b3c31,84.0,10.033220000000437
3,b3c31,85.0,10.044671666666789
3,b3c31,86.0,10.047159999999955
3,b3c31,87.0,10.047498333332866
3,b3c31,88.0,10.046554999999353
3,b3c31,89.0,10.046740000000378
3,b3c31,90.0,10.045868333333056
3,b3c31,91.0,10.045136666666561
3,b3c31,92.0,10.04626166666664
3,b3c31,93.0,10.045676666666017
3,b3c31,94.0,10.045650000000023
3,b3c31,95.0,10.04690333333274
3,b3c31,96.0,10.045974999999938
3,b3c31,97.0,10.046808333333077
3,b3c31,98.0,10.046546666666593
3,b3c31,99.0,10.046008333333884
3,b3c31,100.0,10.045968333333924
3,b3c32,10.0,11.038336666666874
3,b3c32,11.0,11.038746666666702
3,b3c32,12.0,11.038306666666662
3,b3c32,13.0,11.038906666666541
3,b3c32,14.0,11.037556666666934
3,b3c32,15.0,11.03844666666652
3,b3c32,16.0,11.054469999999856
3,b3c32,17.0,11.037341666666423
3,b3c32,18.0,11.037931666666312
3,b3c32,19.0,11.037366666666639
3,b3c32,20.0,11.03734833333292
3,b3c32,21.0,11.038611666666595
3,b3c32,22.0,11.037893333333583
3,b3c32,23.0,11.037364999999893
3,b3c32,24.0,11.0381799999998
3,b3c32,25.0,11.037473333333036
3,b3c32,26.0,11.038021666666706
3,b3c32,27.0,11.037565000000177
3,b3c32,28.0,11.054771666666785
3,b3c32,29.0,11.038005000000219
3,b3c32,30.0,11.039023333333413
3,b3c32,31.0,11.037766666666721
3,b3c32,32.0,11.037731666666513
3,b3c32,33.0,11.038100000000364
3,b3c32,34.0,11.038201666666525
3,b3c32,35.0,11.040199999999702
3,b3c32,36.0,11.039270000000155
3,b3c32,37.0,11.037946666666539
3,b3c32,38.0,11.03815833333356
3,b3c32,39.0,11.039853333333062
3,b3c32,40.0,11.039250000000175
3,b3c32,41.0,11.039605000000059
3,b3c32,42.0,11.040116666666774
3,b3c32,43.0,11.039806666666603
3,b3c32,44.0,11.039020000000408
3,b3c32,45.0,11.037746666666742
3,b3c32,46.0,11.037938333333296
3,b3c32,47.0,11.038971666666718
3,b3c32,48.0,11.037691666666554
3,b3c32,49.0,11.037038333333719
3,b3c32,50.0,11.038135000000088
3,b3c32,51.0,11.03797000000001
3,b3c32,52.0,11.037798333333436
3,b3c32,53.0,11.037915000000309
3,b3c32,54.0,11.037626666666862
3,b3c32,55.0,11.037864999999874
3,b3c32,56.0,11.038913333333523
3,b3c32,57.0,11.038944999999755
3,b3c32,58.0,11.053975000000113
3,b3c32,59.0,11.0372133333333
3,b3c32,60.0,11.037681666666565
3,b3c32,61.0,11.03944500000022
3,b3c32,62.0,11.055005000000044
3,b3c32,63.0,11.037961666666282
3,b3c32,64.0,11.038493333332978
3,b3c32,65.0,11.038836666667097
3,b3c32,66.0,11.03878333333317
3,b3c32,67.0,11.040611666666033
3,b3c32,68.0,11.038286666667167
3,b3c32,69.0,11.037595000000632
3,b3c32,70.0,11.039228333332964
3,b3c32,71.0,11.03949666666643
3,b3c32,72.0,11.039080000000347
3,b3c32,73.0,11.03901500000017
3,b3c32,74.0,11.038078333333639
3,b3c32,75.0,11.040868333333249
3,b3c32,76.0,11.039546666666865
3,b3c32,77.0,11.037790000000193
3,b3c32,78.0,11.038218333333498
3,b3c32,79.0,11.038831666665889
3,b3c32,80.0,11.038866666666582
3,b3c32,81.0,11.039483333333434
3,b3c32,82.0,11.038651666667041
3,b3c32,83.0,11.038353333333118
3,b3c32,84.0,11.03910999999983
3,b3c32,85.0,11.040909999999956
3,b3c32,86.0,11.038926666666521
3,b3c32,87.0,11.038370000000578
3,b3c32,88.0,11.037109999999908
3,b3c32,89.0,11.0379866666665
3,b3c32,90.0,11.038458333333256
3,b3c32,91.0,11.039125000000544
3,b3c32,92.0,11.055375000000156
3,b3c32,93.0,11.03921333333322
3,b3c32,94.0,11.039148333333044
3,b3c32,95.0,11.055059999999745
3,b3c32,96.0,11.039989999999912
3,b3c32,97.0,11.021603333334012
3,b3c32,98.0,11.038561666666647
3,b3c32,99.0,11.038585000000118
3,b3c32,100.0,11.038473333333968
3,b3c33,10.0,10.042583333333459
3,b3c33,11.0,10.042465000000083
3,b3c33,12.0,10.042564999999984
3,b3c33,13.0,10.042331666666723
3,b3c33,14.0,10.044000000000233
3,b3c33,15.0,10.042879999999908
3,b3c33,16.0,10.043618333333386
3,b3c33,17.0,10.04327499999975
3,b3c33,18.0,10.043561666666452
3,b3c33,19.0,10.043704999999802
3,b3c33,20.0,10.043756666666498
3,b3c33,21.0,10.043015000000015
3,b3c33,22.0,10.043450000000302
3,b3c33,23.0,10.042873333333409
3,b3c33,24.0,10.042868333333656
3,b3c33,25.0,10.044048333333437
3,b3c33,26.0,10.045731666666688
3,b3c33,27.0,10.043604999999904
3,b3c33,28.0,10.04265000000014
3,b3c33,29.0,10.042951666666584
3,b3c33,30.0,10.043533333333228
3,b3c33,31.0,10.043415000000095
3,b3c33,32.0,10.043098333333425
3,b3c33,33.0,10.043951666666544
3,b3c33,34.0,10.043580000000171
3,b3c33,35.0,10.043951666666544
3,b3c33,36.0,10.043508333333497
3,b3c33,37.0,10.043019999999766
3,b3c33,38.0,10.04337333333339
3,b3c33,39.0,10.043228333333294
3,b3c33,40.0,10.043335000000177
3,b3c33,41.0,10.042980000000291
3,b3c33,42.0,10.042188333333373
3,b3c33,43.0,10.043044999999983
3,b3c33,44.0,10.042621666666916
3,b3c33,45.0,10.043175000000337
3,b3c33,46.0,10.04203833333304
3,b3c33,47.0,10.043776666666478
3,b3c33,48.0,10.043653333333593
3,b3c33,49.0,10.043696666667044
3,b3c33,50.0,10.044206666666529
3,b3c33,51.0,10.043996666666741
3,b3c33,52.0,10.043994999999995
3,b3c33,53.0,10.04360666666665
3,b3c33,54.0,10.043498333333506
3,b3c33,55.0,10.04340333333336
3,b3c33,56.0,10.043399999999869
3,b3c33,57.0,10.043906666666832
3,b3c33,58.0,10.04348333333328
3,b3c33,59.0,10.04328999999998
3,b3c33,60.0,10.043559999999706
3,b3c33,61.0,10.043174999999852
3,b3c33,62.0,10.044253333332987
3,b3c33,63.0,10.043278333333243
3,b3c33,64.0,10.043348333332688
3,b3c33,65.0,10.043205000000308
3,b3c33,66.0,10.043983333332774
3,b3c33,67.0,10.043593333333654
3,b3c33,68.0,10.043223333333541
3,b3c33,69.0,10.042733333332581
3,b3c33,70.0,10.043169999999614
3,b3c33,71.0,10.044080000000152
3,b3c33,72.0,10.043666666666589
3,b3c33,73.0,10.043276666666497
3,b3c33,74.0,10.042519999999787
3,b3c33,75.0,10.042631666665935
3,b3c33,76.0,10.043486666666771
3,b3c33,77.0,10.042605000000913
3,b3c33,78.0,10.043106666667153
3,b3c33,79.0,10.042615000000417
3,b3c33,80.0,10.0424350000006
3,b3c33,81.0,10.044438333334012
3,b3c33,82.0,10.043294999999732
3,b3c33,83.0,10.043080000000192
3,b3c33,84.0,10.043476666667265
3,b3c33,85.0,10.042823333332974
3,b3c33,86.0,10.043354999999671
3,b3c33,87.0,10.04290499999964
3,b3c33,88.0,10.04340666666685
3,b3c33,89.0,10.042541666667482
3,b3c33,90.0,10.043094999999933
3,b3c33,91.0,10.043684999999822
3,b3c33,92.0,10.043358333333163
3,b3c33,93.0,10.043623333333137
3,b3c33,94.0,10.04342333333334
3,b3c33,95.0,10.042128333332949
3,b3c33,96.0,10.042843333333925
3,b3c33,97.0,10.04241500000062
3,b3c33,98.0,10.042226666666101
3,b3c33,99.0,10.042766666666527
3,b3c33,100.0,10.043166666667094
3,b3c34,10.0,10.043088333333435
3,b3c34,11.0,10.04375
3,b3c34,12.0,10.043409999999858
3,b3c34,13.0,10.043543333333703
3,b3c34,14.0,10.04441166666705
3,b3c34,15.0,10.043968333333032
3,b3c34,16.0,10.04407666666666
3,b3c34,17.0,10.044276666666459
3,b3c34,18.0,10.044598333333367
3,b3c34,19.0,10.044049999999697
3,b3c34,20.0,10.044480000000233
3,b3c34,21.0,10.043899999999848
3,b3c34,22.0,10.044543333333179
3,b3c34,23.0,10.04451166666695
3,b3c34,24.0,10.044458333333022
3,b3c34,25.0,10.044048333333437
3,b3c34,26.0,10.044426666666308
3,b3c34,27.0,10.044763333333442
3,b3c34,28.0,10.044638333333326
3,b3c34,29.0,10.044028333333456
3,b3c34,30.0,10.044355000000117
3,b3c34,31.0,10.044651666666322
3,b3c34,32.0,10.043686666666568
3,b3c34,33.0,10.04340333333336
3,b3c34,34.0,10.04371000000004
3,b3c34,35.0,10.043408333333112
3,b3c34,36.0,10.044038333333447
3,b3c34,37.0,10.044564999999904
3,b3c34,38.0,10.044064999999925
3,b3c34,39.0,10.04399333333325
3,b3c34,40.0,10.04351666666674
3,b3c34,41.0,10.04335999999991
3,b3c34,42.0,10.043208333333315
3,b3c34,43.0,10.043513333333248
3,b3c34,44.0,10.043788333333215
3,b3c34,45.0,10.042940000000332
3,b3c34,46.0,10.027009999999912
3,b3c34,47.0,10.044246666666488
3,b3c34,48.0,10.043193333333571
3,b3c34,49.0,10.04418000000005
3,b3c34,50.0,10.044019999999728
3,b3c34,51.0,10.043383333333379
3,b3c34,52.0,10.043996666666741
3,b3c34,53.0,10.044118333333365
3,b3c34,54.0,10.044733333332989
3,b3c34,55.0,10.043825000000167
3,b3c34,56.0,10.044405000000067
3,b3c34,57.0,10.044165000000309
3,b3c34,58.0,10.044064999999925
3,b3c34,59.0,10.04375
3,b3c34,60.0,10.04424166666625
3,b3c34,61.0,10.043936666666802
3,b3c34,62.0,10.04418000000005
3,b3c34,63.0,10.04302833333398
3,b3c34,64.0,10.044231666666262
3,b3c34,65.0,10.044193333333048
3,b3c34,66.0,10.044071666666422
3,b3c34,67.0,10.044333333332906
3,b3c34,68.0,10.044426666666793
3,b3c34,69.0,10.04411666666662
3,b3c34,70.0,10.043134999999893
3,b3c34,71.0,10.04379333333345
3,b3c34,72.0,10.043756666666013
3,b3c34,73.0,10.043388333333617
3,b3c34,74.0,10.04328333333348
3,b3c34,75.0,10.043446666666812
3,b3c34,76.0,10.043573333333674
3,b3c34,77.0,10.043476666666296
3,b3c34,78.0,10.043073333333208
3,b3c34,79.0,10.043648333333355
3,b3c34,80.0,10.042758333333769
3,b3c34,81.0,10.043229999999555
3,b3c34,82.0,10.043158333333364
3,b3c34,83.0,10.043891666666605
3,b3c34,84.0,10.027665000000464
3,b3c34,85.0,10.04414833333382
3,b3c34,86.0,10.043659999999607
3,b3c34,87.0,10.043466666666792
3,b3c34,88.0,10.043771666666725
3,b3c34,89.0,10.043371666667129
3,b3c34,90.0,10.044041666666939
3,b3c34,91.0,10.043685000000794
3,b3c34,92.0,10.043571666666928
3,b3c34,93.0,10.044094999999894
3,b3c34,94.0,10.044241666666737
3,b3c34,95.0,10.044230000000486
3,b3c34,96.0,10.042946666667316
3,b3c34,97.0,10.044189999999556
3,b3c34,98.0,10.044114999999874
3,b3c34,99.0,10.043693333333552
3,b3c34,100.0,10.043611666665917
3,b3c35,10.0,10.043445000000066
3,b3c35,11.0,10.044073333333168
3,b3c35,12.0,10.044456666666763
3,b3c35,13.0,10.043391666666624
3,b3c35,14.0,10.043293333333471
3,b3c35,15.0,10.043591666666423
3,b3c35,16.0,10.043128333333394
3,b3c35,17.0,10.044590000000122
3,b3c35,18.0,10.04361666666664
3,b3c35,19.0,10.043708333333294
3,b3c35,20.0,10.043481666666533
3,b3c35,21.0,10.043099999999686
3,b3c35,22.0,10.042678333333363
3,b3c35,23.0,10.043533333333228
3,b3c35,24.0,10.043281666666735
3,b3c35,25.0,10.043051666666967
3,b3c35,26.0,10.043326666666447
3,b3c35,27.0,10.04372000000003
3,b3c35,28.0,10.043306666666952
3,b3c35,29.0,10.043628333333375
3,b3c35,30.0,10.043453333333309
3,b3c35,31.0,10.0434566666668
3,b3c35,32.0,10.043666666666589
3,b3c35,33.0,10.043473333333289
3,b3c35,34.0,10.043979999999769
3,b3c35,35.0,10.043683333333076
3,b3c35,36.0,10.043691666666806
3,b3c35,37.0,10.043355000000156
3,b3c35,38.0,10.043228333333294
3,b3c35,39.0,10.043858333333628
3,b3c35,40.0,10.043124999999902
3,b3c35,41.0,10.043243333333521
3,b3c35,42.0,10.043196666666578
3,b3c35,43.0,10.042938333333101
3,b3c35,44.0,10.043385000000125
3,b3c35,45.0,10.043764999999743
3,b3c35,46.0,10.043204999999823
3,b3c35,47.0,10.043878333333122
3,b3c35,48.0,10.044255000000218
3,b3c35,49.0,10.043491666666522
3,b3c35,50.0,10.044111666666383
3,b3c35,51.0,10.044013333333229
3,b3c35,52.0,10.044419999999809
3,b3c35,53.0,10.043983333333745
3,b3c35,54.0,10.04340666666685
3,b3c35,55.0,10.043776666666478
3,b3c35,56.0,10.043871666666625
3,b3c35,57.0,10.043754999999752
3,b3c35,58.0,10.043978333333023
3,b3c35,59.0,10.043680000000071
3,b3c35,60.0,10.044050000000668
3,b3c35,61.0,10.04432833333364
3,b3c35,62.0,10.044661666666313
3,b3c35,63.0,10.044114999999874
3,b3c35,64.0,10.044313333332926
3,b3c35,65.0,10.043706666666548
3,b3c35,66.0,10.043676666667064
3,b3c35,67.0,10.043511666666989
3,b3c35,68.0,10.043840000000394
3,b3c35,69.0,10.044356666666378
3,b3c35,70.0,10.043384999999155
3,b3c35,71.0,10.04381333333343
3,b3c35,72.0,10.043288333333718
3,b3c35,73.0,10.044121666666857
3,b3c35,74.0,10.043918333333568
3,b3c35,75.0,10.042971666666563
3,b3c35,76.0,10.044123333333603
3,b3c35,77.0,10.043233333333045
3,b3c35,78.0,10.04402499999948
3,b3c35,79.0,10.043268333332769
3,b3c35,80.0,10.043373333332905
3,b3c35,81.0,10.043448333333556
3,b3c35,82.0,10.043094999999933
3,b3c35,83.0,10.043696666666074
3,b3c35,84.0,10.04316000000011
3,b3c35,85.0,10.043411666667089
3,b3c35,86.0,10.04369000000006
3,b3c35,87.0,10.043184999999358
3,b3c35,88.0,10.044111666666383
3,b3c35,89.0,10.043895000000097
3,b3c35,90.0,10.044378333333103
3,b3c35,91.0,10.043803333332956
3,b3c35,92.0,10.043644999999863
3,b3c35,93.0,10.04354666666671
3,b3c35,94.0,10.043653333333593
3,b3c35,95.0,10.04241833333314
3,b3c35,96.0,10.044041666666939
3,b3c35,97.0,10.043723333334007
3,b3c35,98.0,10.043085000000428
3,b3c35,99.0,10.043391666666139
3,b3c35,100.0,10.042626666666669
3,b3c36,10.0,10.04324666666677
3,b3c36,11.0,10.043604999999904
3,b3c36,12.0,10.043499999999767
3,b3c36,13.0,10.04343333333333
3,b3c36,14.0,10.04322000000005
3,b3c36,15.0,10.043621666666876
3,b3c36,16.0,10.043256666666517
3,b3c36,17.0,10.043273333333492
3,b3c36,18.0,10.043031666666502
3,b3c36,19.0,10.042901666666634
3,b3c36,20.0,10.043501666666513
3,b3c36,21.0,10.04257166666648
3,b3c36,22.0,10.043875000000117
3,b3c36,23.0,10.044293333333432
3,b3c36,24.0,10.04348499999954
3,b3c36,25.0,10.043416666666841
3,b3c36,26.0,10.043051666666482
3,b3c36,27.0,10.043023333333258
3,b3c36,28.0,10.04232333333348
3,b3c36,29.0,10.042629999999674
3,b3c36,30.0,10.042706666666588
3,b3c36,31.0,10.042651666666886
3,b3c36,32.0,10.042915000000114
3,b3c36,33.0,10.043935000000056
3,b3c36,34.0,10.044018333333467
3,b3c36,35.0,10.043356666666902
3,b3c36,36.0,10.044211666666767
3,b3c36,37.0,10.044114999999874
3,b3c36,38.0,10.043563333333683
3,b3c36,39.0,10.043990000000242
3,b3c36,40.0,10.043393333332885
3,b3c36,41.0,10.043174999999852
3,b3c36,42.0,10.042383333333419
3,b3c36,43.0,10.042916666666375
3,b3c36,44.0,10.043531666666484
3,b3c36,45.0,10.04261000000018
3,b3c36,46.0,10.043214999999812
3,b3c36,47.0,10.044748333333215
3,b3c36,48.0,10.04366166666635
3,b3c36,49.0,10.044058333333426
3,b3c36,50.0,10.043683333333563
3,b3c36,51.0,10.043724999999784
3,b3c36,52.0,10.043655000000339
3,b3c36,53.0,10.04421666666652
3,b3c36,54.0,10.043104999999922
3,b3c36,55.0,10.044456666666763
3,b3c36,56.0,10.043451666666563
3,b3c36,57.0,10.043308333333213
3,b3c36,58.0,10.04321000000006
3,b3c36,59.0,10.043465000000046
3,b3c36,60.0,10.043395000000116
3,b3c36,61.0,10.044161666666817
3,b3c36,62.0,10.044153333333089
3,b3c36,63.0,10.043878333332637
3,b3c36,64.0,10.044018333333467
3,b3c36,65.0,10.043668333333335
3,b3c36,66.0,10.043824999999682
3,b3c36,67.0,10.044166666666085
3,b3c36,68.0,10.044080000000152
3,b3c36,69.0,10.04355833333393
3,b3c36,70.0,10.043631666666867
3,b3c36,71.0,10.043641666666371
3,b3c36,72.0,10.043421666667564
3,b3c36,73.0,10.043451666667048
3,b3c36,74.0,10.04277333333351
3,b3c36,75.0,10.043091666666442
3,b3c36,76.0,10.042684999999862
3,b3c36,77.0,10.04357500000042
3,b3c36,78.0,10.044128333333841
3,b3c36,79.0,10.043378333334113
3,b3c36,80.0,10.042920000000352
3,b3c36,81.0,10.042818333332738
3,b3c36,82.0,10.043758333333729
3,b3c36,83.0,10.044559999999668
3,b3c36,84.0,10.043646666666609
3,b3c36,85.0,10.043103333333663
3,b3c36,86.0,10.044183333332573
3,b3c36,87.0,10.044211666667252
3,b3c36,88.0,10.043693333333552
3,b3c36,89.0,10.04347499999955
3,b3c36,90.0,10.04373833333375
3,b3c36,91.0,10.043524999999985
3,b3c36,92.0,10.04354666666671
3,b3c36,93.0,10.043466666666792
3,b3c36,94.0,10.043091666667411
3,b3c36,95.0,10.04351833333397
3,b3c36,96.0,10.043278333333243
3,b3c36,97.0,10.04345499999957
3,b3c36,98.0,10.042926666666366
3,b3c36,99.0,10.04322000000005
3,b3c36,100.0,10.04406500000041
3,b3c37,10.0,11.038905000000037
3,b3c37,11.0,11.038095000000128
3,b3c37,12.0,11.038116666666854
3,b3c37,13.0,11.038145000000076
3,b3c37,14.0,11.039240000000184
3,b3c37,15.0,11.038323333333635
3,b3c37,16.0,11.038798333333398
3,b3c37,17.0,11.038088333333144
3,b3c37,18.0,11.03874166666695
3,b3c37,19.0,11.038215000000006
3,b3c37,20.0,11.03829333333318
3,b3c37,21.0,11.038388333333327
3,b3c37,22.0,11.03892500000026
3,b3c37,23.0,11.038821666666385
3,b3c37,24.0,11.038654999999562
3,b3c37,25.0,11.03941333333302
3,b3c37,26.0,11.03840666666656
3,b3c37,27.0,11.038533333332937
3,b3c37,28.0,11.038378333333336
3,b3c37,29.0,11.0377933333332
3,b3c37,30.0,11.038478333333236
3,b3c37,31.0,11.038115000000108
3,b3c37,32.0,11.038163333333795
3,b3c37,33.0,11.038153333333321
3,b3c37,34.0,11.03845666666651
3,b3c37,35.0,11.038353333333605
3,b3c37,36.0,11.03833500000037
3,b3c37,37.0,11.038180000000285
3,b3c37,38.0,11.038878333333317
3,b3c37,39.0,11.038169999999809
3,b3c37,40.0,11.038208333333023
3,b3c37,41.0,11.03832333333315
3,b3c37,42.0,11.038766666666682
3,b3c37,43.0,11.03808833333363
3,b3c37,44.0,11.03780666666668
3,b3c37,45.0,11.037476666666528
3,b3c37,46.0,11.038281666666444
3,b3c37,47.0,11.03858999999987
3,b3c37,48.0,11.038519999999941
3,b3c37,49.0,11.038776666666672
3,b3c37,50.0,11.038901666666789
3,b3c37,51.0,11.03980833333335
3,b3c37,52.0,11.039565000000099
3,b3c37,53.0,11.039280000000144
3,b3c37,54.0,11.038344999999875
3,b3c37,55.0,11.038860000000083
3,b3c37,56.0,11.03898666666646
3,b3c37,57.0,11.038818333333378
3,b3c37,58.0,11.038794999999906
3,b3c37,59.0,11.038941666666263
3,b3c37,60.0,11.038831666665889
3,b3c37,61.0,11.038685000000017
3,b3c37,62.0,11.039354999999826
3,b3c37,63.0,11.039321666666849
3,b3c37,64.0,11.03851666666645
3,b3c37,65.0,11.038735000000452
3,b3c37,66.0,11.038605000000098
3,b3c37,67.0,11.038143333333815
3,b3c37,68.0,11.037966666666518
3,b3c37,69.0,11.038215000000006
3,b3c37,70.0,11.037638333333113
3,b3c37,71.0,11.038211666666514
3,b3c37,72.0,11.037833333333644
3,b3c37,73.0,11.038138333332608
3,b3c37,74.0,11.037681666666565
3,b3c37,75.0,11.038268333332962
3,b3c37,76.0,11.038559999999901
3,b3c37,77.0,11.038828333333367
3,b3c37,78.0,11.037878333333841
3,b3c37,79.0,11.038163333332825
3,b3c37,80.0,11.03859166666613
3,b3c37,81.0,11.038119999999374
3,b3c37,82.0,11.038116666666854
3,b3c37,83.0,11.037693333333785
3,b3c37,84.0,11.038013333333462
3,b3c37,85.0,11.038144999999592
3,b3c37,86.0,11.038491666666232
3,b3c37,87.0,11.037473333333036
3,b3c37,88.0,11.037973333333502
3,b3c37,89.0,11.039051666666637
3,b3c37,90.0,11.038804999999895
3,b3c37,91.0,11.038474999999744
3,b3c37,92.0,11.037844999999894
3,b3c37,93.0,11.038108333333124
3,b3c37,94.0,11.0383733333331
3,b3c37,95.0,11.037720000000748
3,b3c37,96.0,11.038673333332797
3,b3c37,97.0,11.038633333333808
3,b3c37,98.0,11.038276666666691
3,b3c37,99.0,11.038176666666793
3,b3c37,100.0,11.038166666666317
3,b3c38,10.0,10.044498333333468
3,b3c38,11.0,10.044038333332962
3,b3c38,12.0,10.043225000000287
3,b3c38,13.0,10.043379999999889
3,b3c38,14.0,10.04373000000002
3,b3c38,15.0,10.043859999999889
3,b3c38,16.0,10.043133333333632
3,b3c38,17.0,10.043991666666503
3,b3c38,18.0,10.043281666666735
3,b3c38,19.0,10.043721666666292
3,b3c38,20.0,10.043053333333228
3,b3c38,21.0,10.043268333333254
3,b3c38,22.0,10.05276833333337
3,b3c38,23.0,10.043005000000024
3,b3c38,24.0,10.043544999999964
3,b3c38,25.0,10.043191666666825
3,b3c38,26.0,10.043324999999701
3,b3c38,27.0,10.042996666666294
3,b3c38,28.0,10.0434633333333
3,b3c38,29.0,10.042595000000437
3,b3c38,30.0,10.043714999999793
3,b3c38,31.0,10.043154999999873
3,b3c38,32.0,10.04341333333335
3,b3c38,33.0,10.043173333333591
3,b3c38,34.0,10.043450000000302
3,b3c38,35.0,10.042636666666658
3,b3c38,36.0,10.04328999999998
3,b3c38,37.0,10.043366666666406
3,b3c38,38.0,10.043734999999772
3,b3c38,39.0,10.04449333333323
3,b3c38,40.0,10.043089999999696
3,b3c38,41.0,10.044239999999991
3,b3c38,42.0,10.042849999999937
3,b3c38,43.0,10.043895000000097
3,b3c38,44.0,10.043540000000212
3,b3c38,45.0,10.04367666666658
3,b3c38,46.0,10.043113333333652
3,b3c38,47.0,10.043920000000314
3,b3c38,48.0,10.043438333333567
3,b3c38,49.0,10.043371666666644
3,b3c38,50.0,10.043706666666548
3,b3c38,51.0,10.042971666666563
3,b3c38,52.0,10.04347666666678
3,b3c38,53.0,10.043175000000337
3,b3c38,54.0,10.044631666666827
3,b3c38,55.0,10.043971666666524
3,b3c38,56.0,10.044226666666509
3,b3c38,57.0,10.044756666666945
3,b3c38,58.0,10.044396666666822
3,b3c38,59.0,10.043691666666806
3,b3c38,60.0,10.043466666666792
3,b3c38,61.0,10.043811666666686
3,b3c38,62.0,10.043734999999288
3,b3c38,63.0,10.043459999999808
3,b3c38,64.0,10.043835000000156
3,b3c38,65.0,10.043681666666332
3,b3c38,66.0,10.043668333333335
3,b3c38,67.0,10.043353333332925
3,b3c38,68.0,10.043544999999964
3,b3c38,69.0,10.043386666666871
3,b3c38,70.0,10.043164999999378
3,b3c38,71.0,10.044006666666245
3,b3c38,72.0,10.044550000000163
3,b3c38,73.0,10.043804999999702
3,b3c38,74.0,10.043759999999505
3,b3c38,75.0,10.043736666666033
3,b3c38,76.0,10.0432316666663
3,b3c38,77.0,10.043548333333456
3,b3c38,78.0,10.04335166666618
3,b3c38,79.0,10.043276666666497
3,b3c38,80.0,10.043245000000267
3,b3c38,81.0,10.04397333333327
3,b3c38,82.0,10.043733333332542
3,b3c38,83.0,10.043611666666887
3,b3c38,84.0,10.04296500000055
3,b3c38,85.0,10.043531666666969
3,b3c38,86.0,10.043536666667205
3,b3c38,87.0,10.043416666667326
3,b3c38,88.0,10.043601666667382
3,b3c38,89.0,10.044478333333002
3,b3c38,90.0,10.044163333333563
3,b3c38,91.0,10.043556666667184
3,b3c38,92.0,10.044021666665989
3,b3c38,93.0,10.043241666666775
3,b3c38,94.0,10.042949999999838
3,b3c38,95.0,10.043686666666568
3,b3c38,96.0,10.043843333332916
3,b3c38,97.0,10.042983333332813
3,b3c38,98.0,10.043425000000086
3,b3c38,99.0,10.042866666666425
3,b3c38,100.0,10.043596666666174
3,b3c39,10.0,10.043756666666741
3,b3c39,11.0,10.043528333333233
3,b3c39,12.0,10.043688333333314
3,b3c39,13.0,10.044078333333406
3,b3c39,14.0,10.043439999999828
3,b3c39,15.0,10.04342333333334
3,b3c39,16.0,10.043031666666502
3,b3c39,17.0,10.043383333333379
3,b3c39,18.0,10.043086666666689
3,b3c39,19.0,10.04393999999981
3,b3c39,20.0,10.044168333333316
3,b3c39,21.0,10.044386666666833
3,b3c39,22.0,10.043561666666452
3,b3c39,23.0,10.044016666666721
3,b3c39,24.0,10.027363333333536
3,b3c39,25.0,10.044494999999976
3,b3c39,26.0,10.044308333333174
3,b3c39,27.0,10.043803333333441
3,b3c39,28.0,10.043213333333066
3,b3c39,29.0,10.04315000000012
3,b3c39,30.0,10.043438333333082
3,b3c39,31.0,10.04388333333336
3,b3c39,32.0,10.043204999999823
3,b3c39,33.0,10.043741666666756
3,b3c39,34.0,10.043703333333543
3,b3c39,35.0,10.04373166666628
3,b3c39,36.0,10.043251666666766
3,b3c39,37.0,10.04341333333335
3,b3c39,38.0,10.043511666666502
3,b3c39,39.0,10.043823333333421
3,b3c39,40.0,10.043436666666336
3,b3c39,41.0,10.043549999999717
3,b3c39,42.0,10.043318333333689
3,b3c39,43.0,10.043033333333733
3,b3c39,44.0,10.04375999999999
3,b3c39,45.0,10.044033333333209
3,b3c39,46.0,10.043736666666518
3,b3c39,47.0,10.044561666666414
3,b3c39,48.0,10.043534999999974
3,b3c39,49.0,10.043540000000212
3,b3c39,50.0,10.043735000000257
3,b3c39,51.0,10.044070000000163
3,b3c39,52.0,10.043736666666518
3,b3c39,53.0,10.043101666666917
3,b3c39,54.0,10.043458333333547
3,b3c39,55.0,10.043961666666535
3,b3c39,56.0,10.043238333333283
3,b3c39,57.0,10.044088333333397
3,b3c39,58.0,10.043348333333173
3,b3c39,59.0,10.044046666666691
3,b3c39,60.0,10.04454166666692
3,b3c39,61.0,10.044238333333245
3,b3c39,62.0,10.043634999999874
3,b3c39,63.0,10.04419666666654
3,b3c39,64.0,10.043465000000046
3,b3c39,65.0,10.043438333333082
3,b3c39,66.0,10.04315166666638
3,b3c39,67.0,10.043556666667184
3,b3c39,68.0,10.044009999999737
3,b3c39,69.0,10.043556666667184
3,b3c39,70.0,10.044018333333467
3,b3c39,71.0,10.043630000000121
3,b3c39,72.0,10.043198333333324
3,b3c39,73.0,10.043373333332905
3,b3c39,74.0,10.027191666665992
3,b3c39,75.0,10.042811666666724
3,b3c39,76.0,10.043570000000182
3,b3c39,77.0,10.043759999999505
3,b3c39,78.0,10.043379999999889
3,b3c39,79.0,10.042704999999842
3,b3c39,80.0,10.04295666666682
3,b3c39,81.0,10.042949999999838
3,b3c39,82.0,10.042736666667043
3,b3c39,83.0,10.042975000000053
3,b3c39,84.0,10.04290500000061
3,b3c39,85.0,10.044133333333109
3,b3c39,86.0,10.043051666666482
3,b3c39,87.0,10.043143333332653
3,b3c39,88.0,10.04393333333331
3,b3c39,89.0,10.043231666667271
3,b3c39,90.0,10.04288499999966
3,b3c39,91.0,10.043596666667145
3,b3c39,92.0,10.043473333332804
3,b3c39,93.0,10.043646666666609
3,b3c39,94.0,10.026743333333677
3,b3c39,95.0,10.04392499999958
3,b3c39,96.0,10.043888333334083
3,b3c39,97.0,10.043508333333497
3,b3c39,98.0,10.043648333333355
3,b3c39,99.0,10.043246666667013
3,b3c39,100.0,10.044011666667453
3,b3c40,10.0,10.04327
3,b3c40,11.0,10.043501666666513
3,b3c40,12.0,10.04340666666685
3,b3c40,13.0,10.043435000000075
3,b3c40,14.0,10.043258333333263
3,b3c40,15.0,10.048448333333363
3,b3c40,16.0,10.04411666666662
3,b3c40,17.0,10.043758333333729
3,b3c40,18.0,10.044206666666529
3,b3c40,19.0,10.04377333333347
3,b3c40,20.0,10.044378333333588
3,b3c40,21.0,10.043844999999662
3,b3c40,22.0,10.043403333332874
3,b3c40,23.0,10.04385499999965
3,b3c40,24.0,10.042811666666724
3,b3c40,25.0,10.043503333333259
3,b3c40,26.0,10.04328333333348
3,b3c40,27.0,10.043506666666751
3,b3c40,28.0,10.043766666666489
3,b3c40,29.0,10.05444666666687
3,b3c40,30.0,10.043409999999858
3,b3c40,31.0,10.043769999999979
3,b3c40,32.0,10.042886666666892
3,b3c40,33.0,10.043889999999859
3,b3c40,34.0,10.04374666666651
3,b3c40,35.0,10.043580000000171
3,b3c40,36.0,10.043156666666619
3,b3c40,37.0,10.043319999999948
3,b3c40,38.0,10.04369000000006
3,b3c40,39.0,10.043361666666653
3,b3c40,40.0,10.043465000000046
3,b3c40,41.0,10.042796666666497
3,b3c40,42.0,10.04282666666695
3,b3c40,43.0,10.043153333333612
3,b3c40,44.0,10.043538333333466
3,b3c40,45.0,10.044145000000329
3,b3c40,46.0,10.043908333333578
3,b3c40,47.0,10.043674999999833
3,b3c40,48.0,10.044446666666772
3,b3c40,49.0,10.043621666666876
3,b3c40,50.0,10.044311666666665
3,b3c40,51.0,10.044335000000137
3,b3c40,52.0,10.04433999999989
3,b3c40,53.0,10.04337333333339
3,b3c40,54.0,10.044441666666534
3,b3c40,55.0,10.044278333333205
3,b3c40,56.0,10.044729999999982
3,b3c40,57.0,10.044203333333522
3,b3c40,58.0,10.043635000000359
3,b3c40,59.0,10.043486666666771
3,b3c40,60.0,10.04342333333334
3,b3c40,61.0,10.043209999999574
3,b3c40,62.0,10.042849999999937
3,b3c40,63.0,10.043336666666438
3,b3c40,64.0,10.050036666666468
3,b3c40,65.0,10.043085000000428
3,b3c40,66.0,10.04429999999993
3,b3c40,67.0,10.043254999999771
3,b3c40,68.0,10.043496666666275
3,b3c40,69.0,10.043344999999196
3,b3c40,70.0,10.043490000000263
3,b3c40,71.0,10.043516666666255
3,b3c40,72.0,10.04243833333312
3,b3c40,73.0,10.04386999999988
3,b3c40,74.0,10.042566666666728
3,b3c40,75.0,10.044018333333467
3,b3c40,76.0,10.042911666666622
3,b3c40,77.0,10.043431666667068
3,b3c40,78.0,10.043544999999964
3,b3c40,79.0,10.043705000000774
3,b3c40,80.0,10.043808333334164
3,b3c40,81.0,10.043921666666089
3,b3c40,82.0,10.043501666666513
3,b3c40,83.0,10.04263000000016
3,b3c40,84.0,10.04343499999959
3,b3c40,85.0,10.043418333334072
3,b3c40,86.0,10.043998333333487
3,b3c40,87.0,10.04371833333377
3,b3c40,88.0,10.043478333333042
3,b3c40,89.0,10.043053333333228
3,b3c40,90.0,10.044051666666443
3,b3c40,91.0,10.043421666666594
3,b3c40,92.0,10.043451666667048
3,b3c40,93.0,10.043123333332671
3,b3c40,94.0,10.041983333332853
3,b3c40,95.0,10.043194999999832
3,b3c40,96.0,10.04335166666618
3,b3c40,97.0,10.04318000000009
3,b3c40,98.0,10.04339499999963
3,b3c40,99.0,10.044013333333229
3,b3c40,100.0,10.043125000000389
3,b3c41,10.0,10.044959999999993
3,b3c41,11.0,10.04385499999965
3,b3c41,12.0,10.0439433333333
3,b3c41,13.0,10.042326666666487
3,b3c41,14.0,10.042871666666663
3,b3c41,15.0,10.041863333332973
3,b3c41,16.0,10.042869999999917
3,b3c41,17.0,10.042545000000002
3,b3c41,18.0,10.042773333333026
3,b3c41,19.0,10.042955000000074
3,b3c41,20.0,10.043385000000125
3,b3c41,21.0,10.043060000000212
3,b3c41,22.0,10.04237833333318
3,b3c41,23.0,10.043118333333405
3,b3c41,24.0,10.043346666666427
3,b3c41,25.0,10.043161666666371
3,b3c41,26.0,10.043738333333264
3,b3c41,27.0,10.042568333332989
3,b3c41,28.0,10.044281666666697
3,b3c41,29.0,10.043143333333138
3,b3c41,30.0,10.042574999999973
3,b3c41,31.0,10.044013333333229
3,b3c41,32.0,10.04282499999972
3,b3c41,33.0,10.043351666666664
3,b3c41,34.0,10.042674999999871
3,b3c41,35.0,10.042653333333146
3,b3c41,36.0,10.04304833333299
3,b3c41,37.0,10.042388333333172
3,b3c41,38.0,10.043568333333436
3,b3c41,39.0,10.042676666666617
3,b3c41,40.0,10.042278333333282
3,b3c41,41.0,10.043598333333405
3,b3c41,42.0,10.043409999999858
3,b3c41,43.0,10.044198333333771
3,b3c41,44.0,10.043308333333213
3,b3c41,45.0,10.042929999999858
3,b3c41,46.0,10.042981666666552
3,b3c41,47.0,10.042849999999937
3,b3c41,48.0,10.042899999999888
3,b3c41,49.0,10.044124999999864
3,b3c41,50.0,10.043673333333572
3,b3c41,51.0,10.043288333333718
3,b3c41,52.0,10.043175000000337
3,b3c41,53.0,10.043836666666902
3,b3c41,54.0,10.042695000000338
3,b3c41,55.0,10.042778333333263
3,b3c41,56.0,10.043420000000333
3,b3c41,57.0,10.043288333333233
3,b3c41,58.0,10.042885000000146
3,b3c41,59.0,10.043175000000337
3,b3c41,60.0,10.043354999999671
3,b3c41,61.0,10.042796666666982
3,b3c41,62.0,10.043908333333093
3,b3c41,63.0,10.043521666666493
3,b3c41,64.0,10.043535000000459
3,b3c41,65.0,10.043278333333243
3,b3c41,66.0,10.043561666666452
3,b3c41,67.0,10.04243833333312
3,b3c41,68.0,10.042744999999801
3,b3c41,69.0,10.042328333333717
3,b3c41,70.0,10.04288499999966
3,b3c41,71.0,10.04322000000005
3,b3c41,72.0,10.04475833333272
3,b3c41,73.0,10.043081666666938
3,b3c41,74.0,10.041935000000134
3,b3c41,75.0,10.042613333333671
3,b3c41,76.0,10.042638333332919
3,b3c41,77.0,10.042931666666602
3,b3c41,78.0,10.043828333333174
3,b3c41,79.0,10.043111666666421
3,b3c41,80.0,10.043246666667013
3,b3c41,81.0,10.043074999999954
3,b3c41,82.0,10.042081666666006
3,b3c41,83.0,10.043051666666482
3,b3c41,84.0,10.042866666666425
3,b3c41,85.0,10.04352666666673
3,b3c41,86.0,10.042428333333616
3,b3c41,87.0,10.043856666666882
3,b3c41,88.0,10.042998333332555
3,b3c41,89.0,10.043409999999373
3,b3c41,90.0,10.042931666666602
3,b3c41,91.0,10.043528333333477
3,b3c41,92.0,10.042744999999801
3,b3c41,93.0,10.047905000000416
3,b3c41,94.0,10.04288499999966
3,b3c41,95.0,10.042628333333415
3,b3c41,96.0,10.04223166666634
3,b3c41,97.0,10.043289999999494
3,b3c41,98.0,10.043674999999348
3,b3c41,99.0,10.042479999999825
3,b3c41,100.0,10.044366666666853
3,b3c42,10.0,11.038558333333155
3,b3c42,11.0,11.037794999999944
3,b3c42,12.0,11.038441666666767
3,b3c42,13.0,11.037870000000112
3,b3c42,14.0,11.037269999999747
3,b3c42,15.0,11.038053333332936
3,b3c42,16.0,11.037753333333724
3,b3c42,17.0,11.038274999999945
3,b3c42,18.0,11.038024999999713
3,b3c42,19.0,11.038018333333214
3,b3c42,20.0,11.038246666666721
3,b3c42,21.0,11.038883333333555
3,b3c42,22.0,11.038271666666938
3,b3c42,23.0,11.03874333333321
3,b3c42,24.0,11.037803333333674
3,b3c42,25.0,11.03828333333319
3,b3c42,26.0,11.038300000000163
3,b3c42,27.0,11.038025000000198
3,b3c42,28.0,11.037516666666487
3,b3c42,29.0,11.038196666666288
3,b3c42,30.0,11.037166666666357
3,b3c42,31.0,11.03743000000007
3,b3c42,32.0,11.037416666666589
3,b3c42,33.0,11.037048333333223
3,b3c42,34.0,11.037591666666655
3,b3c42,35.0,11.039008333333186
3,b3c42,36.0,11.037021666666744
3,b3c42,37.0,11.038788333333407
3,b3c42,38.0,11.038805000000382
3,b3c42,39.0,11.038554999999663
3,b3c42,40.0,11.039018333333662
3,b3c42,41.0,11.039244999999937
3,b3c42,42.0,11.039744999999918
3,b3c42,43.0,11.03737666666663
3,b3c42,44.0,11.038288333333428
3,b3c42,45.0,11.03782666666666
3,b3c42,46.0,11.03707999999994
3,b3c42,47.0,11.038791666666414
3,b3c42,48.0,11.038068333333165
3,b3c42,49.0,11.038105000000117
3,b3c42,50.0,11.038690000000255
3,b3c42,51.0,11.038346666666621
3,b3c42,52.0,11.037829999999667
3,b3c42,53.0,11.038551666666656
3,b3c42,54.0,11.037626666666862
3,b3c42,55.0,11.037019999999513
3,b3c42,56.0,11.037503333332522
3,b3c42,57.0,11.03748833333278
3,b3c42,58.0,11.038236666666732
3,b3c42,59.0,11.038108333333124
3,b3c42,60.0,11.03876000000067
3,b3c42,61.0,11.037681666666565
3,b3c42,62.0,11.037903333333087
3,b3c42,63.0,11.037513333332997
3,b3c42,64.0,11.03768333333331
3,b3c42,65.0,11.049676666666832
3,b3c42,66.0,11.039116666666814
3,b3c42,67.0,11.03976000000063
3,b3c42,68.0,11.03942166666578
3,b3c42,69.0,11.038819999999639
3,b3c42,70.0,11.038900000000528
3,b3c42,71.0,11.03951666666641
3,b3c42,72.0,11.039323333333595
3,b3c42,73.0,11.037595000000632
3,b3c42,74.0,11.039446666665997
3,b3c42,75.0,11.038728333333468
3,b3c42,76.0,11.038403333333553
3,b3c42,77.0,11.038245000000462
3,b3c42,78.0,11.038269999999708
3,b3c42,79.0,11.037495000000733
3,b3c42,80.0,11.037243333333754
3,b3c42,81.0,11.038671666666051
3,b3c42,82.0,11.038551666667141
3,b3c42,83.0,11.039321666666849
3,b3c42,84.0,11.037690000000293
3,b3c42,85.0,11.037049999999969
3,b3c42,86.0,11.037466666667024
3,b3c42,87.0,11.039546666666865
3,b3c42,88.0,11.03942166666675
3,b3c42,89.0,11.039878333333764
3,b3c42,90.0,11.038773333333666
3,b3c42,91.0,11.039349999999589
3,b3c42,92.0,11.039726666666684
3,b3c42,93.0,11.038758333332954
3,b3c42,94.0,11.038886666666562
3,b3c42,95.0,11.03789499999936
3,b3c42,96.0,11.03966833333349
3,b3c42,97.0,11.039099999999356
3,b3c42,98.0,11.038604999999128
3,b3c42,99.0,11.03884333333311
3,b3c42,100.0,11.038683333333271
3,b3c43,10.0,10.043245000000024
3,b3c43,11.0,10.04309666666668
3,b3c43,12.0,10.043716666666539
3,b3c43,13.0,10.043470000000282
3,b3c43,14.0,10.043783333333462
3,b3c43,15.0,10.043084999999943
3,b3c43,16.0,10.044130000000102
3,b3c43,17.0,10.043445000000066
3,b3c43,18.0,10.043313333333451
3,b3c43,19.0,10.043285000000227
3,b3c43,20.0,10.043043333333237
3,b3c43,21.0,10.04305666666672
3,b3c43,22.0,10.04315000000012
3,b3c43,23.0,10.043523333333239
3,b3c43,24.0,10.0429449999996
3,b3c43,25.0,10.04324000000003
3,b3c43,26.0,10.042971666666563
3,b3c43,27.0,10.042768333333273
3,b3c43,28.0,10.044748333333215
3,b3c43,29.0,10.042891666666643
3,b3c43,30.0,10.044113333333128
3,b3c43,31.0,10.04253833333302
3,b3c43,32.0,10.04356666666669
3,b3c43,33.0,10.043385000000125
3,b3c43,34.0,10.044509999999718
3,b3c43,35.0,10.04450333333322
3,b3c43,36.0,10.043728333333274
3,b3c43,37.0,10.043941666666553
3,b3c43,38.0,10.04380999999994
3,b3c43,39.0,10.043361666666653
3,b3c43,40.0,10.043758333333244
3,b3c43,41.0,10.043448333333556
3,b3c43,42.0,10.044049999999697
3,b3c43,43.0,10.043459999999808
3,b3c43,44.0,10.043635000000359
3,b3c43,45.0,10.043296666666476
3,b3c43,46.0,10.042613333333671
3,b3c43,47.0,10.043385000000125
3,b3c43,48.0,10.043985000000005
3,b3c43,49.0,10.043146666666628
3,b3c43,50.0,10.04359666666666
3,b3c43,51.0,10.043260000000009
3,b3c43,52.0,10.043564999999944
3,b3c43,53.0,10.043836666666902
3,b3c43,54.0,10.043318333333202
3,b3c43,55.0,10.043114999999913
3,b3c43,56.0,10.043958333333528
3,b3c43,57.0,10.04364999999913
3,b3c43,58.0,10.042829999999958
3,b3c43,59.0,10.044171666666323
3,b3c43,60.0,10.04449166666697
3,b3c43,61.0,10.044051666666443
3,b3c43,62.0,10.04411666666662
3,b3c43,63.0,10.043684999999822
3,b3c43,64.0,10.044203333332552
3,b3c43,65.0,10.043080000000192
3,b3c43,66.0,10.044063333332694
3,b3c43,67.0,10.043743333333987
3,b3c43,68.0,10.044049999999697
3,b3c43,69.0,10.043823333332936
3,b3c43,70.0,10.043489999999291
3,b3c43,71.0,10.043531666666969
3,b3c43,72.0,10.043419999999848
3,b3c43,73.0,10.043633333332643
3,b3c43,74.0,10.043608333332426
3,b3c43,75.0,10.043260000000009
3,b3c43,76.0,10.043806666666448
3,b3c43,77.0,10.043989999999758
3,b3c43,78.0,10.04379333333248
3,b3c43,79.0,10.042836666665972
3,b3c43,80.0,10.043064999999478
3,b3c43,81.0,10.044088333333882
3,b3c43,82.0,10.044193333333048
3,b3c43,83.0,10.04431999999991
3,b3c43,84.0,10.044450000000264
3,b3c43,85.0,10.042695000000338
3,b3c43,86.0,10.043153333333127
3,b3c43,87.0,10.044460000000738
3,b3c43,88.0,10.044396666666337
3,b3c43,89.0,10.044033333333209
3,b3c43,90.0,10.04441166666705
3,b3c43,91.0,10.044243333333482
3,b3c43,92.0,10.043753333332521
3,b3c43,93.0,10.043624999999883
3,b3c43,94.0,10.044341666666636
3,b3c43,95.0,10.044388333333579
3,b3c43,96.0,10.043118333333405
3,b3c43,97.0,10.043613333333633
3,b3c43,98.0,10.04373833333375
3,b3c43,99.0,10.04379333333345
3,b3c43,100.0,10.043356666667387
3,b3c44,10.0,10.042576666666719
3,b3c44,11.0,10.043990000000242
3,b3c44,12.0,10.042270000000038
3,b3c44,13.0,10.04284333333344
3,b3c44,14.0,10.044158333333325
3,b3c44,15.0,10.04292333333336
3,b3c44,16.0,10.04296666666681
3,b3c44,17.0,10.043296666666476
3,b3c44,18.0,10.044508333333457
3,b3c44,19.0,10.042328333333232
3,b3c44,20.0,10.043833333333412
3,b3c44,21.0,10.043039999999746
3,b3c44,22.0,10.042583333333702
3,b3c44,23.0,10.043389999999878
3,b3c44,24.0,10.042376666666435
3,b3c44,25.0,10.04328333333348
3,b3c44,26.0,10.043781666666716
3,b3c44,27.0,10.042968333333071
3,b3c44,28.0,10.04381999999993
3,b3c44,29.0,10.04283333333345
3,b3c44,30.0,10.04289666666688
3,b3c44,31.0,10.043920000000314
3,b3c44,32.0,10.04381333333343
3,b3c44,33.0,10.043856666666397
3,b3c44,34.0,10.042943333333339
3,b3c44,35.0,10.044131666666848
3,b3c44,36.0,10.043648333333355
3,b3c44,37.0,10.043611666666887
3,b3c44,38.0,10.043449999999817
3,b3c44,39.0,10.043015000000015
3,b3c44,40.0,10.043926666666811
3,b3c44,41.0,10.043453333333309
3,b3c44,42.0,10.04290499999964
3,b3c44,43.0,10.042851666666683
3,b3c44,44.0,10.04424833333372
3,b3c44,45.0,10.043870000000364
3,b3c44,46.0,10.043001666666532
3,b3c44,47.0,10.043208333333315
3,b3c44,48.0,10.043618333333386
3,b3c44,49.0,10.043398333333123
3,b3c44,50.0,10.042885000000146
3,b3c44,51.0,10.042955000000074
3,b3c44,52.0,10.043168333333353
3,b3c44,53.0,10.043445000000066
3,b3c44,54.0,10.042856666666436
3,b3c44,55.0,10.04379333333345
3,b3c44,56.0,10.043378333333143
3,b3c44,57.0,10.044058333332456
3,b3c44,58.0,10.043691666666806
3,b3c44,59.0,10.043599999999666
3,b3c44,60.0,10.043481666666533
3,b3c44,61.0,10.043341666666674
3,b3c44,62.0,10.044413333332825
3,b3c44,63.0,10.04342333333334
3,b3c44,64.0,10.044358333333124
3,b3c44,65.0,10.044021666665989
3,b3c44,66.0,10.043590000000162
3,b3c44,67.0,10.043915000000077
3,b3c44,68.0,10.043679999999586
3,b3c44,69.0,10.042823333332974
3,b3c44,70.0,10.04303999999926
3,b3c44,71.0,10.043413333332865
3,b3c44,72.0,10.04246666666683
3,b3c44,73.0,10.043739999999525
3,b3c44,74.0,10.043726666666528
3,b3c44,75.0,10.043498333333021
3,b3c44,76.0,10.042938333333586
3,b3c44,77.0,10.043633333332643
3,b3c44,78.0,10.044530000000183
3,b3c44,79.0,10.043901666667079
3,b3c44,80.0,10.043194999999832
3,b3c44,81.0,10.043250000000505
3,b3c44,82.0,10.04334333333342
3,b3c44,83.0,10.043868333333133
3,b3c44,84.0,10.043258333333263
3,b3c44,85.0,10.043876666666863
3,b3c44,86.0,10.044089999999658
3,b3c44,87.0,10.04347499999955
3,b3c44,88.0,10.044543333333179
3,b3c44,89.0,10.043994999999995
3,b3c44,90.0,10.043868333333133
3,b3c44,91.0,10.042998333333525
3,b3c44,92.0,10.043015000000015
3,b3c44,93.0,10.042676666667102
3,b3c44,94.0,10.042560000000716
3,b3c44,95.0,10.043486666666771
3,b3c44,96.0,10.043368333333637
3,b3c44,97.0,10.043485000000025
3,b3c44,98.0,10.042478333333081
3,b3c44,99.0,10.042906666666386
3,b3c44,100.0,10.026366666666581
3,b3c45,10.0,11.038494999999966
3,b3c45,11.0,11.038430000000032
3,b3c45,12.0,11.056529999999718
3,b3c45,13.0,11.037208333333547
3,b3c45,14.0,11.037946666667024
3,b3c45,15.0,11.037621666666626
3,b3c45,16.0,11.036751666666532
3,b3c45,17.0,11.036168333333626
3,b3c45,18.0,11.037659999999839
3,b3c45,19.0,11.035643333333429
3,b3c45,20.0,11.036348333333445
3,b3c45,21.0,11.05256500000008
3,b3c45,22.0,11.035986666666577
3,b3c45,23.0,11.03527166666657
3,b3c45,24.0,11.039660000000246
3,b3c45,25.0,11.03882666666662
3,b3c45,26.0,11.036601666666684
3,b3c45,27.0,11.037473333333036
3,b3c45,28.0,11.038128333333104
3,b3c45,29.0,11.035971666666834
3,b3c45,30.0,11.035968333333342
3,b3c45,31.0,11.035215000000123
3,b3c45,32.0,11.039541666666628
3,b3c45,33.0,11.03618666666686
3,b3c45,34.0,11.03883500000035
3,b3c45,35.0,11.039664999999998
3,b3c45,36.0,11.035659999999917
3,b3c45,37.0,11.03647333333356
3,b3c45,38.0,11.038413333333544
3,b3c45,39.0,11.037496666666508
3,b3c45,40.0,11.03728666666672
3,b3c45,41.0,11.037095000000166
3,b3c45,42.0,11.038403333333553
3,b3c45,43.0,11.039210000000216
3,b3c45,44.0,11.038523333333433
3,b3c45,45.0,11.040108333333531
3,b3c45,46.0,11.036729999999807
3,b3c45,47.0,11.0366333333334
3,b3c45,48.0,11.036873333333157
3,b3c45,49.0,11.037575000000167
3,b3c45,50.0,11.03866833333353
3,b3c45,51.0,11.036486666666557
3,b3c45,52.0,11.037665000000077
3,b3c45,53.0,11.035450000000129
3,b3c45,54.0,11.038323333333635
3,b3c45,55.0,11.03661499999968
3,b3c45,56.0,11.036711666666088
3,b3c45,57.0,11.035944999999872
3,b3c45,58.0,11.038638333333074
3,b3c45,59.0,11.037135000000125
3,b3c45,60.0,11.041056666666798
3,b3c45,61.0,11.035939999999634
3,b3c45,62.0,11.038115000000108
3,b3c45,63.0,11.037069999999948
3,b3c45,64.0,11.038656666666308
3,b3c45,65.0,11.041290000000542
3,b3c45,66.0,11.04011500000003
3,b3c45,67.0,11.03716499999961
3,b3c45,68.0,11.055083333333217
3,b3c45,69.0,11.037541666666705
3,b3c45,70.0,11.037698333334022
3,b3c45,71.0,11.037705000000036
3,b3c45,72.0,11.038313333333159
3,b3c45,73.0,11.037043333333957
3,b3c45,74.0,11.038258333333458
3,b3c45,75.0,11.03896666666648
3,b3c45,76.0,11.039395000000756
3,b3c45,77.0,11.039041666666161
3,b3c45,78.0,11.038658333333053
3,b3c45,79.0,11.039734999999443
3,b3c45,80.0,11.038981666666222
3,b3c45,81.0,11.039226666667188
3,b3c45,82.0,11.038738333332974
3,b3c45,83.0,11.037956666667014
3,b3c45,84.0,11.054921666666633
3,b3c45,85.0,11.036266666666295
3,b3c45,86.0,11.041329999999531
3,b3c45,87.0,11.03860000000083
3,b3c45,88.0,11.03831666666665
3,b3c45,89.0,11.037701666666544
3,b3c45,90.0,11.038098333333618
3,b3c45,91.0,11.038593333332877
3,b3c45,92.0,11.037688333333547
3,b3c45,93.0,11.037525000000217
3,b3c45,94.0,11.038363333333594
3,b3c45,95.0,11.039443333333475
3,b3c45,96.0,11.038408333333791
3,b3c45,97.0,11.03870333333325
3,b3c45,98.0,11.038896666666066
3,b3c45,99.0,11.040963333333881
3,b3c45,100.0,11.03800666666648
